UID,source_lvl,LVL_END,LVL_START,source_paired,harm_balanced,starts_match,ends_added,completion_status
285760910,1,2,1,FALSE,FALSE,TRUE,2,still_orphaned
285762426,1,0,1,FALSE,FALSE,TRUE,0,still_orphaned
285762504,2,2,1,TRUE,FALSE,FALSE,1,other
285762730,6,5,3,TRUE,FALSE,FALSE,2,other
285762862,3,3,2,FALSE,FALSE,FALSE,2,still_orphaned
285763020,3,5,2,FALSE,FALSE,FALSE,4,still_orphaned
285763281,1,3,1,FALSE,FALSE,TRUE,3,still_orphaned
285763562,3,3,2,FALSE,FALSE,FALSE,2,still_orphaned
285763641,1,2,1,FALSE,FALSE,TRUE,2,still_orphaned
285763706,1,1,1,FALSE,TRUE,TRUE,1,completed
285763939,3,2,2,FALSE,TRUE,FALSE,1,completed
285763960,1,0,1,FALSE,FALSE,TRUE,0,still_orphaned
285764102,2,3,1,TRUE,FALSE,FALSE,2,other
285764199,1,0,1,FALSE,FALSE,TRUE,0,still_orphaned
285764322,1,0,1,FALSE,FALSE,TRUE,0,still_orphaned
285764608,1,0,1,FALSE,FALSE,TRUE,0,still_orphaned
285764651,1,2,1,FALSE,FALSE,TRUE,2,still_orphaned
285764706,3,2,2,FALSE,TRUE,FALSE,1,completed
285764708,3,4,2,FALSE,FALSE,FALSE,3,still_orphaned
285764735,4,3,2,TRUE,FALSE,FALSE,1,other
285764800,1,3,1,FALSE,FALSE,TRUE,3,still_orphaned
285764894,3,3,2,FALSE,FALSE,FALSE,2,still_orphaned
285764941,4,4,2,TRUE,FALSE,FALSE,2,other
285765121,4,5,2,TRUE,FALSE,FALSE,3,other
285765205,4,4,2,TRUE,FALSE,FALSE,2,other
285765244,1,0,1,FALSE,FALSE,TRUE,0,still_orphaned
285765256,1,3,1,FALSE,FALSE,TRUE,3,still_orphaned
285765653,4,4,2,TRUE,FALSE,FALSE,2,other
285765729,3,1,2,FALSE,FALSE,FALSE,0,still_orphaned
285765809,1,0,1,FALSE,FALSE,TRUE,0,still_orphaned
285765948,1,1,1,FALSE,TRUE,TRUE,1,completed
285765972,1,0,1,FALSE,FALSE,TRUE,0,still_orphaned
285766186,3,3,2,FALSE,FALSE,FALSE,2,still_orphaned
285766312,2,3,1,TRUE,FALSE,FALSE,2,other
285766339,3,2,2,FALSE,TRUE,FALSE,1,completed
285766450,1,0,1,FALSE,FALSE,TRUE,0,still_orphaned
285766572,5,5,3,FALSE,FALSE,FALSE,3,still_orphaned
285766644,4,5,2,TRUE,FALSE,FALSE,3,other
285767118,4,4,2,TRUE,FALSE,FALSE,2,other
285767219,4,3,2,TRUE,FALSE,FALSE,1,other
285767583,7,6,4,FALSE,FALSE,FALSE,3,still_orphaned
285767683,1,0,1,FALSE,FALSE,TRUE,0,still_orphaned
285767996,6,6,3,TRUE,FALSE,FALSE,3,other
285768015,2,2,1,TRUE,FALSE,FALSE,1,other
285768038,5,4,3,FALSE,FALSE,FALSE,2,still_orphaned
285768056,1,0,1,FALSE,FALSE,TRUE,0,still_orphaned
285768077,1,0,1,FALSE,FALSE,TRUE,0,still_orphaned
285768127,2,3,1,TRUE,FALSE,FALSE,2,other
285768473,4,4,2,TRUE,FALSE,FALSE,2,other
285768538,1,0,1,FALSE,FALSE,TRUE,0,still_orphaned
285768771,2,2,1,TRUE,FALSE,FALSE,1,other
285768897,6,5,3,TRUE,FALSE,FALSE,2,other
285768947,4,4,2,TRUE,FALSE,FALSE,2,other
285769481,4,3,2,TRUE,FALSE,FALSE,1,other
285769556,5,5,3,FALSE,FALSE,FALSE,3,still_orphaned
285769593,2,2,1,TRUE,FALSE,FALSE,1,other
285769626,2,2,1,TRUE,FALSE,FALSE,1,other
285769682,6,5,3,TRUE,FALSE,FALSE,2,other
285769745,3,2,2,FALSE,TRUE,FALSE,1,completed
285769820,1,0,1,FALSE,FALSE,TRUE,0,still_orphaned
285769881,3,2,2,FALSE,TRUE,FALSE,1,completed
285769924,1,0,1,FALSE,FALSE,TRUE,0,still_orphaned
285770018,1,0,1,FALSE,FALSE,TRUE,0,still_orphaned
285770048,3,4,2,FALSE,FALSE,FALSE,3,still_orphaned
285770111,4,4,2,TRUE,FALSE,FALSE,2,other
285770369,5,4,3,FALSE,FALSE,FALSE,2,still_orphaned
285770658,2,3,1,TRUE,FALSE,FALSE,2,other
285770666,2,2,1,TRUE,FALSE,FALSE,1,other
285770783,3,4,2,FALSE,FALSE,FALSE,3,still_orphaned
285770840,3,3,2,FALSE,FALSE,FALSE,2,still_orphaned
285771015,2,2,1,TRUE,FALSE,FALSE,1,other
285771650,3,4,2,FALSE,FALSE,FALSE,3,still_orphaned
285771980,2,2,1,TRUE,FALSE,FALSE,1,other
285772224,4,3,2,TRUE,FALSE,FALSE,1,other
285772244,2,4,1,TRUE,FALSE,FALSE,3,other
285772453,1,2,1,FALSE,FALSE,TRUE,2,still_orphaned
285772643,1,2,1,FALSE,FALSE,TRUE,2,still_orphaned
285772726,2,3,1,TRUE,FALSE,FALSE,2,other
285772951,6,5,3,TRUE,FALSE,FALSE,2,other
285773016,4,4,2,TRUE,FALSE,FALSE,2,other
285773125,3,6,2,FALSE,FALSE,FALSE,5,still_orphaned
285773354,1,0,1,FALSE,FALSE,TRUE,0,still_orphaned
285773396,5,5,3,FALSE,FALSE,FALSE,3,still_orphaned
285773859,1,0,1,FALSE,FALSE,TRUE,0,still_orphaned
285773916,4,3,2,TRUE,FALSE,FALSE,1,other
285774040,2,2,1,TRUE,FALSE,FALSE,1,other
285774041,3,4,2,FALSE,FALSE,FALSE,3,still_orphaned
285774049,3,4,2,FALSE,FALSE,FALSE,3,still_orphaned
285774083,4,3,2,TRUE,FALSE,FALSE,1,other
285774283,3,3,2,FALSE,FALSE,FALSE,2,still_orphaned
285774576,4,4,2,TRUE,FALSE,FALSE,2,other
285775101,1,3,1,FALSE,FALSE,TRUE,3,still_orphaned
285775124,2,1,1,TRUE,TRUE,FALSE,0,already_paired
285775210,2,3,1,TRUE,FALSE,FALSE,2,other
285775565,4,3,2,TRUE,FALSE,FALSE,1,other
285776214,1,2,1,FALSE,FALSE,TRUE,2,still_orphaned
285776408,2,3,1,TRUE,FALSE,FALSE,2,other
285776410,1,2,1,FALSE,FALSE,TRUE,2,still_orphaned
285776616,2,2,1,TRUE,FALSE,FALSE,1,other
285776688,2,1,1,TRUE,TRUE,FALSE,0,already_paired
285776821,2,2,1,TRUE,FALSE,FALSE,1,other
285777087,2,3,1,TRUE,FALSE,FALSE,2,other
285777500,4,4,2,TRUE,FALSE,FALSE,2,other
285778000,3,4,2,FALSE,FALSE,FALSE,3,still_orphaned
285778016,4,4,2,TRUE,FALSE,FALSE,2,other
285778167,3,1,2,FALSE,FALSE,FALSE,0,still_orphaned
285778300,3,5,2,FALSE,FALSE,FALSE,4,still_orphaned
285778371,5,4,3,FALSE,FALSE,FALSE,2,still_orphaned
285778652,2,2,1,TRUE,FALSE,FALSE,1,other
285778674,3,4,2,FALSE,FALSE,FALSE,3,still_orphaned
285779025,4,4,2,TRUE,FALSE,FALSE,2,other
285779049,1,2,1,FALSE,FALSE,TRUE,2,still_orphaned
285779099,1,2,1,FALSE,FALSE,TRUE,2,still_orphaned
285779126,4,6,2,TRUE,FALSE,FALSE,4,other
285779188,1,2,1,FALSE,FALSE,TRUE,2,still_orphaned
285779332,4,5,2,TRUE,FALSE,FALSE,3,other
285779421,5,3,3,FALSE,TRUE,FALSE,1,completed
285779466,1,3,1,FALSE,FALSE,TRUE,3,still_orphaned
285779637,6,6,3,TRUE,FALSE,FALSE,3,other
285779742,6,4,3,TRUE,FALSE,FALSE,1,other
285779748,2,4,1,TRUE,FALSE,FALSE,3,other
285779765,4,3,2,TRUE,FALSE,FALSE,1,other
285780074,1,2,1,FALSE,FALSE,TRUE,2,still_orphaned
285781041,3,2,2,FALSE,TRUE,FALSE,1,completed
285781404,2,3,1,TRUE,FALSE,FALSE,2,other
285781475,4,5,2,TRUE,FALSE,FALSE,3,other
285781685,3,2,2,FALSE,TRUE,FALSE,1,completed
285781875,5,3,3,FALSE,TRUE,FALSE,1,completed
285782023,2,2,1,TRUE,FALSE,FALSE,1,other
285782059,5,4,3,FALSE,FALSE,FALSE,2,still_orphaned
285782251,6,5,3,TRUE,FALSE,FALSE,2,other
285782542,1,2,1,FALSE,FALSE,TRUE,2,still_orphaned
285782765,7,6,4,FALSE,FALSE,FALSE,3,still_orphaned
285782773,6,4,3,TRUE,FALSE,FALSE,1,other
285782838,8,8,4,TRUE,FALSE,FALSE,4,other
285782841,3,4,2,FALSE,FALSE,FALSE,3,still_orphaned
285783035,3,2,2,FALSE,TRUE,FALSE,1,completed
285783209,4,4,2,TRUE,FALSE,FALSE,2,other
285783651,2,2,1,TRUE,FALSE,FALSE,1,other
285783746,4,6,2,TRUE,FALSE,FALSE,4,other
285784030,1,1,1,FALSE,TRUE,TRUE,1,completed
285784208,2,3,1,TRUE,FALSE,FALSE,2,other
285784221,2,2,1,TRUE,FALSE,FALSE,1,other
285784659,3,1,2,FALSE,FALSE,FALSE,0,still_orphaned
285784832,4,5,2,TRUE,FALSE,FALSE,3,other
285785110,4,6,2,TRUE,FALSE,FALSE,4,other
285785294,2,1,1,TRUE,TRUE,FALSE,0,already_paired
285785356,4,3,2,TRUE,FALSE,FALSE,1,other
285785600,2,3,1,TRUE,FALSE,FALSE,2,other
285785713,1,2,1,FALSE,FALSE,TRUE,2,still_orphaned
285785787,3,6,2,FALSE,FALSE,FALSE,5,still_orphaned
285785804,4,4,2,TRUE,FALSE,FALSE,2,other
285785910,1,0,1,FALSE,FALSE,TRUE,0,still_orphaned
285785975,1,2,1,FALSE,FALSE,TRUE,2,still_orphaned
285786002,1,2,1,FALSE,FALSE,TRUE,2,still_orphaned
285786360,3,2,2,FALSE,TRUE,FALSE,1,completed
285786369,5,4,3,FALSE,FALSE,FALSE,2,still_orphaned
285786473,2,1,1,TRUE,TRUE,FALSE,0,already_paired
285786570,2,2,1,TRUE,FALSE,FALSE,1,other
285786671,5,6,3,FALSE,FALSE,FALSE,4,still_orphaned
285786730,2,3,1,TRUE,FALSE,FALSE,2,other
285786750,1,0,1,FALSE,FALSE,TRUE,0,still_orphaned
285786775,3,4,2,FALSE,FALSE,FALSE,3,still_orphaned
285786836,2,3,1,TRUE,FALSE,FALSE,2,other
285787329,2,2,1,TRUE,FALSE,FALSE,1,other
285787656,4,4,2,TRUE,FALSE,FALSE,2,other
285787791,2,1,1,TRUE,TRUE,FALSE,0,already_paired
285787802,2,2,1,TRUE,FALSE,FALSE,1,other
285787861,2,2,1,TRUE,FALSE,FALSE,1,other
285788013,3,3,2,FALSE,FALSE,FALSE,2,still_orphaned
285788121,1,4,1,FALSE,FALSE,TRUE,4,still_orphaned
285788380,3,2,2,FALSE,TRUE,FALSE,1,completed
285788390,4,3,2,TRUE,FALSE,FALSE,1,other
285788455,4,4,2,TRUE,FALSE,FALSE,2,other
285788653,2,3,1,TRUE,FALSE,FALSE,2,other
285788982,1,2,1,FALSE,FALSE,TRUE,2,still_orphaned
285789084,2,2,1,TRUE,FALSE,FALSE,1,other
285789449,3,3,2,FALSE,FALSE,FALSE,2,still_orphaned
285789509,1,2,1,FALSE,FALSE,TRUE,2,still_orphaned
285789583,1,2,1,FALSE,FALSE,TRUE,2,still_orphaned
285789897,2,3,1,TRUE,FALSE,FALSE,2,other
285790031,2,2,1,TRUE,FALSE,FALSE,1,other
285790269,5,4,3,FALSE,FALSE,FALSE,2,still_orphaned
285790414,3,5,2,FALSE,FALSE,FALSE,4,still_orphaned
285790462,1,2,1,FALSE,FALSE,TRUE,2,still_orphaned
285790599,4,2,2,TRUE,TRUE,FALSE,0,already_paired
285790602,6,4,3,TRUE,FALSE,FALSE,1,other
285790647,4,4,2,TRUE,FALSE,FALSE,2,other
285790751,1,0,1,FALSE,FALSE,TRUE,0,still_orphaned
285790808,5,4,3,FALSE,FALSE,FALSE,2,still_orphaned
285790810,3,2,2,FALSE,TRUE,FALSE,1,completed
285791046,2,3,1,TRUE,FALSE,FALSE,2,other
285791160,1,2,1,FALSE,FALSE,TRUE,2,still_orphaned
285791282,2,1,1,TRUE,TRUE,FALSE,0,already_paired
285791479,3,2,2,FALSE,TRUE,FALSE,1,completed
285791532,1,4,1,FALSE,FALSE,TRUE,4,still_orphaned
285791614,2,3,1,TRUE,FALSE,FALSE,2,other
285791695,4,5,2,TRUE,FALSE,FALSE,3,other
285791850,4,3,2,TRUE,FALSE,FALSE,1,other
285791956,1,0,1,FALSE,FALSE,TRUE,0,still_orphaned
285792204,1,3,1,FALSE,FALSE,TRUE,3,still_orphaned
285792351,5,3,3,FALSE,TRUE,FALSE,1,completed
285816770,3,2,2,FALSE,TRUE,FALSE,1,completed
285816947,2,2,1,TRUE,FALSE,FALSE,1,other
285817100,5,2,3,FALSE,FALSE,FALSE,0,still_orphaned
285817102,2,1,1,TRUE,TRUE,FALSE,0,already_paired
285817543,3,2,2,FALSE,TRUE,FALSE,1,completed
285818041,1,2,1,FALSE,FALSE,TRUE,2,still_orphaned
285818092,7,6,4,FALSE,FALSE,FALSE,3,still_orphaned
285818108,4,5,2,TRUE,FALSE,FALSE,3,other
285818213,3,2,2,FALSE,TRUE,FALSE,1,completed
285818467,4,3,2,TRUE,FALSE,FALSE,1,other
285818599,2,3,1,TRUE,FALSE,FALSE,2,other
285818738,2,3,1,TRUE,FALSE,FALSE,2,other
285818877,3,4,2,FALSE,FALSE,FALSE,3,still_orphaned
285818963,1,0,1,FALSE,FALSE,TRUE,0,still_orphaned
285819122,5,4,3,FALSE,FALSE,FALSE,2,still_orphaned
285819221,3,3,2,FALSE,FALSE,FALSE,2,still_orphaned
285819285,1,2,1,FALSE,FALSE,TRUE,2,still_orphaned
285819402,3,4,2,FALSE,FALSE,FALSE,3,still_orphaned
285819421,6,6,3,TRUE,FALSE,FALSE,3,other
285819553,3,2,2,FALSE,TRUE,FALSE,1,completed
285819590,3,1,2,FALSE,FALSE,FALSE,0,still_orphaned
285819707,2,1,1,TRUE,TRUE,FALSE,0,already_paired
285819771,4,4,2,TRUE,FALSE,FALSE,2,other
285819823,5,5,3,FALSE,FALSE,FALSE,3,still_orphaned
285819993,3,2,2,FALSE,TRUE,FALSE,1,completed
285820122,6,6,3,TRUE,FALSE,FALSE,3,other
285820294,1,0,1,FALSE,FALSE,TRUE,0,still_orphaned
285820300,3,3,2,FALSE,FALSE,FALSE,2,still_orphaned
285820473,4,5,2,TRUE,FALSE,FALSE,3,other
285820561,5,4,3,FALSE,FALSE,FALSE,2,still_orphaned
285820723,5,6,3,FALSE,FALSE,FALSE,4,still_orphaned
285820958,7,6,4,FALSE,FALSE,FALSE,3,still_orphaned
285820984,8,7,4,TRUE,FALSE,FALSE,3,other
285821015,9,8,5,FALSE,FALSE,FALSE,4,still_orphaned
285821133,1,0,1,FALSE,FALSE,TRUE,0,still_orphaned
285821216,1,2,1,FALSE,FALSE,TRUE,2,still_orphaned
285821310,2,2,1,TRUE,FALSE,FALSE,1,other
285821391,3,4,2,FALSE,FALSE,FALSE,3,still_orphaned
285821795,1,2,1,FALSE,FALSE,TRUE,2,still_orphaned
285821969,4,5,2,TRUE,FALSE,FALSE,3,other
285822078,5,6,3,FALSE,FALSE,FALSE,4,still_orphaned
285822536,1,0,1,FALSE,FALSE,TRUE,0,still_orphaned
285822549,3,5,2,FALSE,FALSE,FALSE,4,still_orphaned
285822752,4,4,2,TRUE,FALSE,FALSE,2,other
285822780,1,2,1,FALSE,FALSE,TRUE,2,still_orphaned
285823008,2,3,1,TRUE,FALSE,FALSE,2,other
285823079,1,0,1,FALSE,FALSE,TRUE,0,still_orphaned
285823296,2,2,1,TRUE,FALSE,FALSE,1,other
285823345,4,4,2,TRUE,FALSE,FALSE,2,other
285823583,2,4,1,TRUE,FALSE,FALSE,3,other
285823668,4,3,2,TRUE,FALSE,FALSE,1,other
285823701,5,3,3,FALSE,TRUE,FALSE,1,completed
285823725,1,0,1,FALSE,FALSE,TRUE,0,still_orphaned
285823977,5,5,3,FALSE,FALSE,FALSE,3,still_orphaned
285824169,2,2,1,TRUE,FALSE,FALSE,1,other
285824346,3,1,2,FALSE,FALSE,FALSE,0,still_orphaned
285824499,7,5,4,FALSE,FALSE,FALSE,2,still_orphaned
285824606,5,2,3,FALSE,FALSE,FALSE,0,still_orphaned
285824640,3,4,2,FALSE,FALSE,FALSE,3,still_orphaned
285824781,4,4,2,TRUE,FALSE,FALSE,2,other
285825115,3,4,2,FALSE,FALSE,FALSE,3,still_orphaned
285825206,3,3,2,FALSE,FALSE,FALSE,2,still_orphaned
285825230,2,2,1,TRUE,FALSE,FALSE,1,other
285825266,2,4,1,TRUE,FALSE,FALSE,3,other
285825458,3,2,2,FALSE,TRUE,FALSE,1,completed
285825525,2,3,1,TRUE,FALSE,FALSE,2,other
285825561,1,3,1,FALSE,FALSE,TRUE,3,still_orphaned
285825691,3,5,2,FALSE,FALSE,FALSE,4,still_orphaned
285825802,4,6,2,TRUE,FALSE,FALSE,4,other
285825924,3,5,2,FALSE,FALSE,FALSE,4,still_orphaned
285826047,6,7,3,TRUE,FALSE,FALSE,4,other
285826358,2,2,1,TRUE,FALSE,FALSE,1,other
285826397,1,2,1,FALSE,FALSE,TRUE,2,still_orphaned
285826457,3,5,2,FALSE,FALSE,FALSE,4,still_orphaned
285826619,1,0,1,FALSE,FALSE,TRUE,0,still_orphaned
285826686,3,3,2,FALSE,FALSE,FALSE,2,still_orphaned
285826865,1,2,1,FALSE,FALSE,TRUE,2,still_orphaned
285826923,1,0,1,FALSE,FALSE,TRUE,0,still_orphaned
285827092,1,2,1,FALSE,FALSE,TRUE,2,still_orphaned
285827214,2,2,1,TRUE,FALSE,FALSE,1,other
285827397,2,1,1,TRUE,TRUE,FALSE,0,already_paired
285827479,2,2,1,TRUE,FALSE,FALSE,1,other
285827645,5,4,3,FALSE,FALSE,FALSE,2,still_orphaned
285827764,2,1,1,TRUE,TRUE,FALSE,0,already_paired
285828016,2,3,1,TRUE,FALSE,FALSE,2,other
285828212,4,2,2,TRUE,TRUE,FALSE,0,already_paired
285828308,1,1,1,FALSE,TRUE,TRUE,1,completed
285828338,2,4,1,TRUE,FALSE,FALSE,3,other
285828827,3,5,2,FALSE,FALSE,FALSE,4,still_orphaned
285829252,4,3,2,TRUE,FALSE,FALSE,1,other
285829268,2,2,1,TRUE,FALSE,FALSE,1,other
285829368,1,2,1,FALSE,FALSE,TRUE,2,still_orphaned
285829634,4,4,2,TRUE,FALSE,FALSE,2,other
285829839,2,3,1,TRUE,FALSE,FALSE,2,other
285830022,4,4,2,TRUE,FALSE,FALSE,2,other
285830098,3,3,2,FALSE,FALSE,FALSE,2,still_orphaned
285830218,5,4,3,FALSE,FALSE,FALSE,2,still_orphaned
285830851,6,5,3,TRUE,FALSE,FALSE,2,other
285830957,4,4,2,TRUE,FALSE,FALSE,2,other
285831112,5,2,3,FALSE,FALSE,FALSE,0,still_orphaned
285831156,1,2,1,FALSE,FALSE,TRUE,2,still_orphaned
285831314,1,0,1,FALSE,FALSE,TRUE,0,still_orphaned
285831362,1,0,1,FALSE,FALSE,TRUE,0,still_orphaned
285831388,5,4,3,FALSE,FALSE,FALSE,2,still_orphaned
285831523,4,5,2,TRUE,FALSE,FALSE,3,other
285831592,6,4,3,TRUE,FALSE,FALSE,1,other
285831629,5,4,3,FALSE,FALSE,FALSE,2,still_orphaned
285831663,1,2,1,FALSE,FALSE,TRUE,2,still_orphaned
285831761,2,2,1,TRUE,FALSE,FALSE,1,other
285832305,3,2,2,FALSE,TRUE,FALSE,1,completed
285832690,1,0,1,FALSE,FALSE,TRUE,0,still_orphaned
285832873,2,3,1,TRUE,FALSE,FALSE,2,other
285833056,2,1,1,TRUE,TRUE,FALSE,0,already_paired
285833060,2,2,1,TRUE,FALSE,FALSE,1,other
285833274,2,3,1,TRUE,FALSE,FALSE,2,other
285833303,4,3,2,TRUE,FALSE,FALSE,1,other
285833511,2,2,1,TRUE,FALSE,FALSE,1,other
285833531,1,0,1,FALSE,FALSE,TRUE,0,still_orphaned
285833765,5,5,3,FALSE,FALSE,FALSE,3,still_orphaned
285833997,3,5,2,FALSE,FALSE,FALSE,4,still_orphaned
285834067,2,2,1,TRUE,FALSE,FALSE,1,other
285834193,1,2,1,FALSE,FALSE,TRUE,2,still_orphaned
285834346,1,1,1,FALSE,TRUE,TRUE,1,completed
285834483,5,3,3,FALSE,TRUE,FALSE,1,completed
285834724,2,2,1,TRUE,FALSE,FALSE,1,other
285834735,3,2,2,FALSE,TRUE,FALSE,1,completed
285834781,2,3,1,TRUE,FALSE,FALSE,2,other
285834875,1,3,1,FALSE,FALSE,TRUE,3,still_orphaned
285834898,4,3,2,TRUE,FALSE,FALSE,1,other
285834953,1,0,1,FALSE,FALSE,TRUE,0,still_orphaned
285835178,6,5,3,TRUE,FALSE,FALSE,2,other
285835183,3,2,2,FALSE,TRUE,FALSE,1,completed
285835213,2,2,1,TRUE,FALSE,FALSE,1,other
285835306,2,2,1,TRUE,FALSE,FALSE,1,other
285835339,1,0,1,FALSE,FALSE,TRUE,0,still_orphaned
285835424,4,3,2,TRUE,FALSE,FALSE,1,other
285835773,2,3,1,TRUE,FALSE,FALSE,2,other
285835815,2,2,1,TRUE,FALSE,FALSE,1,other
285835888,2,2,1,TRUE,FALSE,FALSE,1,other
285836082,7,4,4,FALSE,TRUE,FALSE,1,completed
285836257,2,2,1,TRUE,FALSE,FALSE,1,other
285836334,5,3,3,FALSE,TRUE,FALSE,1,completed
285836602,3,5,2,FALSE,FALSE,FALSE,4,still_orphaned
285836613,2,3,1,TRUE,FALSE,FALSE,2,other
285837080,9,6,5,FALSE,FALSE,FALSE,2,still_orphaned
285837120,2,3,1,TRUE,FALSE,FALSE,2,other
285837253,6,5,3,TRUE,FALSE,FALSE,2,other
285837368,1,2,1,FALSE,FALSE,TRUE,2,still_orphaned
285837520,3,2,2,FALSE,TRUE,FALSE,1,completed
285837541,2,3,1,TRUE,FALSE,FALSE,2,other
285837823,5,4,3,FALSE,FALSE,FALSE,2,still_orphaned
285837828,2,2,1,TRUE,FALSE,FALSE,1,other
285837923,4,5,2,TRUE,FALSE,FALSE,3,other
285838195,2,2,1,TRUE,FALSE,FALSE,1,other
285838451,2,1,1,TRUE,TRUE,FALSE,0,already_paired
285838806,3,5,2,FALSE,FALSE,FALSE,4,still_orphaned
285838986,2,1,1,TRUE,TRUE,FALSE,0,already_paired
285839072,5,5,3,FALSE,FALSE,FALSE,3,still_orphaned
285839155,3,2,2,FALSE,TRUE,FALSE,1,completed
285839250,2,3,1,TRUE,FALSE,FALSE,2,other
285839264,2,1,1,TRUE,TRUE,FALSE,0,already_paired
285839361,4,5,2,TRUE,FALSE,FALSE,3,other
285839615,1,3,1,FALSE,FALSE,TRUE,3,still_orphaned
285839678,3,1,2,FALSE,FALSE,FALSE,0,still_orphaned
285839824,3,4,2,FALSE,FALSE,FALSE,3,still_orphaned
285839918,7,7,4,FALSE,FALSE,FALSE,4,still_orphaned
285839919,3,2,2,FALSE,TRUE,FALSE,1,completed
285839942,5,3,3,FALSE,TRUE,FALSE,1,completed
285840445,4,4,2,TRUE,FALSE,FALSE,2,other
285840466,2,2,1,TRUE,FALSE,FALSE,1,other
285840472,1,0,1,FALSE,FALSE,TRUE,0,still_orphaned
285840527,2,1,1,TRUE,TRUE,FALSE,0,already_paired
285840612,3,3,2,FALSE,FALSE,FALSE,2,still_orphaned
285840745,1,2,1,FALSE,FALSE,TRUE,2,still_orphaned
285841006,1,2,1,FALSE,FALSE,TRUE,2,still_orphaned
285841270,5,3,3,FALSE,TRUE,FALSE,1,completed
285841276,3,2,2,FALSE,TRUE,FALSE,1,completed
285841358,2,1,1,TRUE,TRUE,FALSE,0,already_paired
285841456,3,3,2,FALSE,FALSE,FALSE,2,still_orphaned
285841529,2,2,1,TRUE,FALSE,FALSE,1,other
285841564,1,2,1,FALSE,FALSE,TRUE,2,still_orphaned
285841842,1,0,1,FALSE,FALSE,TRUE,0,still_orphaned
285841957,5,4,3,FALSE,FALSE,FALSE,2,still_orphaned
285842205,1,0,1,FALSE,FALSE,TRUE,0,still_orphaned
285842268,1,2,1,FALSE,FALSE,TRUE,2,still_orphaned
285842271,1,1,1,FALSE,TRUE,TRUE,1,completed
285842345,1,1,1,FALSE,TRUE,TRUE,1,completed
285842435,1,1,1,FALSE,TRUE,TRUE,1,completed
285842486,4,3,2,TRUE,FALSE,FALSE,1,other
285842620,1,0,1,FALSE,FALSE,TRUE,0,still_orphaned
285842758,2,4,1,TRUE,FALSE,FALSE,3,other
285842920,4,4,2,TRUE,FALSE,FALSE,2,other
285843060,1,3,1,FALSE,FALSE,TRUE,3,still_orphaned
285843238,3,5,2,FALSE,FALSE,FALSE,4,still_orphaned
285843459,4,3,2,TRUE,FALSE,FALSE,1,other
285843544,4,3,2,TRUE,FALSE,FALSE,1,other
285843567,3,5,2,FALSE,FALSE,FALSE,4,still_orphaned
285843663,2,4,1,TRUE,FALSE,FALSE,3,other
285843683,3,2,2,FALSE,TRUE,FALSE,1,completed
285843850,2,2,1,TRUE,FALSE,FALSE,1,other
285844036,4,4,2,TRUE,FALSE,FALSE,2,other
285844386,5,6,3,FALSE,FALSE,FALSE,4,still_orphaned
285844401,2,2,1,TRUE,FALSE,FALSE,1,other
285844662,2,1,1,TRUE,TRUE,FALSE,0,already_paired
285844683,2,3,1,TRUE,FALSE,FALSE,2,other
285844963,2,3,1,TRUE,FALSE,FALSE,2,other
285845059,3,2,2,FALSE,TRUE,FALSE,1,completed
285845158,5,3,3,FALSE,TRUE,FALSE,1,completed
285845222,4,3,2,TRUE,FALSE,FALSE,1,other
285845310,3,4,2,FALSE,FALSE,FALSE,3,still_orphaned
285845669,2,2,1,TRUE,FALSE,FALSE,1,other
285845832,1,1,1,FALSE,TRUE,TRUE,1,completed
285845949,1,2,1,FALSE,FALSE,TRUE,2,still_orphaned
285846065,1,2,1,FALSE,FALSE,TRUE,2,still_orphaned
285846190,2,2,1,TRUE,FALSE,FALSE,1,other
285846191,2,2,1,TRUE,FALSE,FALSE,1,other
285846466,4,3,2,TRUE,FALSE,FALSE,1,other
285846525,2,2,1,TRUE,FALSE,FALSE,1,other
285846572,2,3,1,TRUE,FALSE,FALSE,2,other
285846595,1,2,1,FALSE,FALSE,TRUE,2,still_orphaned
285847064,1,4,1,FALSE,FALSE,TRUE,4,still_orphaned
285847133,1,2,1,FALSE,FALSE,TRUE,2,still_orphaned
285847157,2,1,1,TRUE,TRUE,FALSE,0,already_paired
285847363,1,2,1,FALSE,FALSE,TRUE,2,still_orphaned
285847485,2,3,1,TRUE,FALSE,FALSE,2,other
285847670,6,6,3,TRUE,FALSE,FALSE,3,other
285858345,2,2,1,TRUE,FALSE,FALSE,1,other
285858790,4,4,2,TRUE,FALSE,FALSE,2,other
285858796,5,4,3,FALSE,FALSE,FALSE,2,still_orphaned
285858954,1,2,1,FALSE,FALSE,TRUE,2,still_orphaned
285859107,3,3,2,FALSE,FALSE,FALSE,2,still_orphaned
285859284,3,3,2,FALSE,FALSE,FALSE,2,still_orphaned
285859673,1,0,1,FALSE,FALSE,TRUE,0,still_orphaned
285859767,1,2,1,FALSE,FALSE,TRUE,2,still_orphaned
285859845,2,1,1,TRUE,TRUE,FALSE,0,already_paired
285860145,1,2,1,FALSE,FALSE,TRUE,2,still_orphaned
285860169,1,0,1,FALSE,FALSE,TRUE,0,still_orphaned
285860326,3,1,2,FALSE,FALSE,FALSE,0,still_orphaned
285860381,1,0,1,FALSE,FALSE,TRUE,0,still_orphaned
285860573,2,1,1,TRUE,TRUE,FALSE,0,already_paired
285860605,6,6,3,TRUE,FALSE,FALSE,3,other
285860663,2,4,1,TRUE,FALSE,FALSE,3,other
285860697,5,5,3,FALSE,FALSE,FALSE,3,still_orphaned
285860882,3,1,2,FALSE,FALSE,FALSE,0,still_orphaned
285860886,6,3,3,TRUE,TRUE,FALSE,0,already_paired
285860897,3,2,2,FALSE,TRUE,FALSE,1,completed
285860930,2,3,1,TRUE,FALSE,FALSE,2,other
285861036,3,3,2,FALSE,FALSE,FALSE,2,still_orphaned
285861074,4,5,2,TRUE,FALSE,FALSE,3,other
285861251,5,4,3,FALSE,FALSE,FALSE,2,still_orphaned
285861513,3,4,2,FALSE,FALSE,FALSE,3,still_orphaned
285861587,2,1,1,TRUE,TRUE,FALSE,0,already_paired
285861893,4,2,2,TRUE,TRUE,FALSE,0,already_paired
285862150,5,5,3,FALSE,FALSE,FALSE,3,still_orphaned
285862154,4,3,2,TRUE,FALSE,FALSE,1,other
285862168,4,4,2,TRUE,FALSE,FALSE,2,other
285862330,3,2,2,FALSE,TRUE,FALSE,1,completed
285862371,3,2,2,FALSE,TRUE,FALSE,1,completed
285862467,2,1,1,TRUE,TRUE,FALSE,0,already_paired
285862510,7,5,4,FALSE,FALSE,FALSE,2,still_orphaned
285862659,6,5,3,TRUE,FALSE,FALSE,2,other
285862718,4,3,2,TRUE,FALSE,FALSE,1,other
285862817,1,0,1,FALSE,FALSE,TRUE,0,still_orphaned
285862848,2,2,1,TRUE,FALSE,FALSE,1,other
285863225,1,0,1,FALSE,FALSE,TRUE,0,still_orphaned
285863308,4,4,2,TRUE,FALSE,FALSE,2,other
285863331,1,2,1,FALSE,FALSE,TRUE,2,still_orphaned
285863730,3,1,2,FALSE,FALSE,FALSE,0,still_orphaned
285863837,4,3,2,TRUE,FALSE,FALSE,1,other
285863866,5,4,3,FALSE,FALSE,FALSE,2,still_orphaned
285863921,2,1,1,TRUE,TRUE,FALSE,0,already_paired
285863961,4,5,2,TRUE,FALSE,FALSE,3,other
285864144,1,0,1,FALSE,FALSE,TRUE,0,still_orphaned
285864176,5,5,3,FALSE,FALSE,FALSE,3,still_orphaned
285864274,2,2,1,TRUE,FALSE,FALSE,1,other
285864517,4,3,2,TRUE,FALSE,FALSE,1,other
285864677,3,3,2,FALSE,FALSE,FALSE,2,still_orphaned
285864707,2,1,1,TRUE,TRUE,FALSE,0,already_paired
285865149,3,5,2,FALSE,FALSE,FALSE,4,still_orphaned
285865300,2,4,1,TRUE,FALSE,FALSE,3,other
285865506,3,4,2,FALSE,FALSE,FALSE,3,still_orphaned
285865834,1,0,1,FALSE,FALSE,TRUE,0,still_orphaned
285865843,6,5,3,TRUE,FALSE,FALSE,2,other
285865865,5,5,3,FALSE,FALSE,FALSE,3,still_orphaned
285865985,4,3,2,TRUE,FALSE,FALSE,1,other
285866059,4,5,2,TRUE,FALSE,FALSE,3,other
285866278,2,1,1,TRUE,TRUE,FALSE,0,already_paired
285866317,1,0,1,FALSE,FALSE,TRUE,0,still_orphaned
285866449,1,0,1,FALSE,FALSE,TRUE,0,still_orphaned
285866513,5,4,3,FALSE,FALSE,FALSE,2,still_orphaned
285866742,4,4,2,TRUE,FALSE,FALSE,2,other
285866768,5,7,3,FALSE,FALSE,FALSE,5,still_orphaned
285867043,5,3,3,FALSE,TRUE,FALSE,1,completed
285867175,1,2,1,FALSE,FALSE,TRUE,2,still_orphaned
285867235,5,6,3,FALSE,FALSE,FALSE,4,still_orphaned
285867260,4,4,2,TRUE,FALSE,FALSE,2,other
285867342,3,3,2,FALSE,FALSE,FALSE,2,still_orphaned
285867498,2,1,1,TRUE,TRUE,FALSE,0,already_paired
285867575,1,2,1,FALSE,FALSE,TRUE,2,still_orphaned
285867665,4,3,2,TRUE,FALSE,FALSE,1,other
285867887,4,4,2,TRUE,FALSE,FALSE,2,other
285868158,4,4,2,TRUE,FALSE,FALSE,2,other
285868214,9,7,5,FALSE,FALSE,FALSE,3,still_orphaned
285868292,2,2,1,TRUE,FALSE,FALSE,1,other
285868452,3,1,2,FALSE,FALSE,FALSE,0,still_orphaned
285868521,3,5,2,FALSE,FALSE,FALSE,4,still_orphaned
285868553,4,5,2,TRUE,FALSE,FALSE,3,other
285868621,4,4,2,TRUE,FALSE,FALSE,2,other
285868737,1,3,1,FALSE,FALSE,TRUE,3,still_orphaned
285868899,3,4,2,FALSE,FALSE,FALSE,3,still_orphaned
285869063,1,0,1,FALSE,FALSE,TRUE,0,still_orphaned
285869347,2,3,1,TRUE,FALSE,FALSE,2,other
285869442,1,0,1,FALSE,FALSE,TRUE,0,still_orphaned
285869872,1,2,1,FALSE,FALSE,TRUE,2,still_orphaned
285870001,1,2,1,FALSE,FALSE,TRUE,2,still_orphaned
285870075,2,1,1,TRUE,TRUE,FALSE,0,already_paired
285870278,3,4,2,FALSE,FALSE,FALSE,3,still_orphaned
285870546,3,3,2,FALSE,FALSE,FALSE,2,still_orphaned
285870856,3,4,2,FALSE,FALSE,FALSE,3,still_orphaned
285870959,2,2,1,TRUE,FALSE,FALSE,1,other
285871074,2,2,1,TRUE,FALSE,FALSE,1,other
285871103,1,0,1,FALSE,FALSE,TRUE,0,still_orphaned
285871273,4,4,2,TRUE,FALSE,FALSE,2,other
285871324,5,4,3,FALSE,FALSE,FALSE,2,still_orphaned
285871722,4,5,2,TRUE,FALSE,FALSE,3,other
285871811,4,5,2,TRUE,FALSE,FALSE,3,other
285872036,2,2,1,TRUE,FALSE,FALSE,1,other
285872086,2,1,1,TRUE,TRUE,FALSE,0,already_paired
285872200,2,1,1,TRUE,TRUE,FALSE,0,already_paired
285872316,3,2,2,FALSE,TRUE,FALSE,1,completed
285872945,1,0,1,FALSE,FALSE,TRUE,0,still_orphaned
285873076,6,6,3,TRUE,FALSE,FALSE,3,other
285873128,3,6,2,FALSE,FALSE,FALSE,5,still_orphaned
285873232,4,2,2,TRUE,TRUE,FALSE,0,already_paired
285873520,3,2,2,FALSE,TRUE,FALSE,1,completed
285873649,2,1,1,TRUE,TRUE,FALSE,0,already_paired
285873850,4,3,2,TRUE,FALSE,FALSE,1,other
285874148,7,7,4,FALSE,FALSE,FALSE,4,still_orphaned
285874163,6,7,3,TRUE,FALSE,FALSE,4,other
285874196,2,3,1,TRUE,FALSE,FALSE,2,other
285874247,1,2,1,FALSE,FALSE,TRUE,2,still_orphaned
285874323,2,1,1,TRUE,TRUE,FALSE,0,already_paired
285874474,2,3,1,TRUE,FALSE,FALSE,2,other
285874517,5,4,3,FALSE,FALSE,FALSE,2,still_orphaned
285874663,3,2,2,FALSE,TRUE,FALSE,1,completed
285874758,2,1,1,TRUE,TRUE,FALSE,0,already_paired
285875249,2,2,1,TRUE,FALSE,FALSE,1,other
285875278,4,4,2,TRUE,FALSE,FALSE,2,other
285875401,9,7,5,FALSE,FALSE,FALSE,3,still_orphaned
285875604,4,2,2,TRUE,TRUE,FALSE,0,already_paired
285875698,7,6,4,FALSE,FALSE,FALSE,3,still_orphaned
285875982,3,3,2,FALSE,FALSE,FALSE,2,still_orphaned
285876006,3,3,2,FALSE,FALSE,FALSE,2,still_orphaned
285876048,2,2,1,TRUE,FALSE,FALSE,1,other
285876157,5,7,3,FALSE,FALSE,FALSE,5,still_orphaned
285876228,4,5,2,TRUE,FALSE,FALSE,3,other
285876354,2,2,1,TRUE,FALSE,FALSE,1,other
285876469,3,4,2,FALSE,FALSE,FALSE,3,still_orphaned
285876472,7,6,4,FALSE,FALSE,FALSE,3,still_orphaned
285876640,2,1,1,TRUE,TRUE,FALSE,0,already_paired
285876679,4,5,2,TRUE,FALSE,FALSE,3,other
285876689,2,2,1,TRUE,FALSE,FALSE,1,other
285876810,2,3,1,TRUE,FALSE,FALSE,2,other
285876879,1,3,1,FALSE,FALSE,TRUE,3,still_orphaned
285876920,3,1,2,FALSE,FALSE,FALSE,0,still_orphaned
285876993,5,3,3,FALSE,TRUE,FALSE,1,completed
285877224,1,2,1,FALSE,FALSE,TRUE,2,still_orphaned
285877348,2,2,1,TRUE,FALSE,FALSE,1,other
285877623,1,4,1,FALSE,FALSE,TRUE,4,still_orphaned
285877952,5,4,3,FALSE,FALSE,FALSE,2,still_orphaned
285878020,2,3,1,TRUE,FALSE,FALSE,2,other
285878167,3,6,2,FALSE,FALSE,FALSE,5,still_orphaned
285878614,7,4,4,FALSE,TRUE,FALSE,1,completed
285878704,2,2,1,TRUE,FALSE,FALSE,1,other
285878747,4,5,2,TRUE,FALSE,FALSE,3,other
285878843,3,4,2,FALSE,FALSE,FALSE,3,still_orphaned
285878958,1,0,1,FALSE,FALSE,TRUE,0,still_orphaned
285879109,3,3,2,FALSE,FALSE,FALSE,2,still_orphaned
285879159,6,4,3,TRUE,FALSE,FALSE,1,other
285879220,1,0,1,FALSE,FALSE,TRUE,0,still_orphaned
285879482,3,2,2,FALSE,TRUE,FALSE,1,completed
285880019,2,4,1,TRUE,FALSE,FALSE,3,other
285880159,1,0,1,FALSE,FALSE,TRUE,0,still_orphaned
285880286,4,4,2,TRUE,FALSE,FALSE,2,other
285880403,3,4,2,FALSE,FALSE,FALSE,3,still_orphaned
285880420,3,3,2,FALSE,FALSE,FALSE,2,still_orphaned
285880465,3,5,2,FALSE,FALSE,FALSE,4,still_orphaned
285880556,4,4,2,TRUE,FALSE,FALSE,2,other
285880821,2,2,1,TRUE,FALSE,FALSE,1,other
285880993,4,3,2,TRUE,FALSE,FALSE,1,other
285881297,3,3,2,FALSE,FALSE,FALSE,2,still_orphaned
285881348,3,2,2,FALSE,TRUE,FALSE,1,completed
285881365,9,7,5,FALSE,FALSE,FALSE,3,still_orphaned
285881440,5,6,3,FALSE,FALSE,FALSE,4,still_orphaned
285881489,2,2,1,TRUE,FALSE,FALSE,1,other
285881545,6,5,3,TRUE,FALSE,FALSE,2,other
285881630,3,3,2,FALSE,FALSE,FALSE,2,still_orphaned
285881951,4,4,2,TRUE,FALSE,FALSE,2,other
285881999,2,1,1,TRUE,TRUE,FALSE,0,already_paired
285882021,4,3,2,TRUE,FALSE,FALSE,1,other
285882140,7,7,4,FALSE,FALSE,FALSE,4,still_orphaned
285882246,5,4,3,FALSE,FALSE,FALSE,2,still_orphaned
285882467,5,6,3,FALSE,FALSE,FALSE,4,still_orphaned
285882482,2,1,1,TRUE,TRUE,FALSE,0,already_paired
285882596,2,1,1,TRUE,TRUE,FALSE,0,already_paired
285882620,5,5,3,FALSE,FALSE,FALSE,3,still_orphaned
285882747,6,8,3,TRUE,FALSE,FALSE,5,other
285882896,6,5,3,TRUE,FALSE,FALSE,2,other
285883066,2,3,1,TRUE,FALSE,FALSE,2,other
285883136,4,2,2,TRUE,TRUE,FALSE,0,already_paired
285883167,5,4,3,FALSE,FALSE,FALSE,2,still_orphaned
285883189,2,2,1,TRUE,FALSE,FALSE,1,other
285883333,2,1,1,TRUE,TRUE,FALSE,0,already_paired
285883413,5,5,3,FALSE,FALSE,FALSE,3,still_orphaned
285883457,2,2,1,TRUE,FALSE,FALSE,1,other
285883471,7,5,4,FALSE,FALSE,FALSE,2,still_orphaned
285883524,1,0,1,FALSE,FALSE,TRUE,0,still_orphaned
285883652,5,3,3,FALSE,TRUE,FALSE,1,completed
285883783,1,2,1,FALSE,FALSE,TRUE,2,still_orphaned
285883887,1,3,1,FALSE,FALSE,TRUE,3,still_orphaned
285884031,3,4,2,FALSE,FALSE,FALSE,3,still_orphaned
285884060,1,4,1,FALSE,FALSE,TRUE,4,still_orphaned
285884169,1,0,1,FALSE,FALSE,TRUE,0,still_orphaned
285884187,3,4,2,FALSE,FALSE,FALSE,3,still_orphaned
285884590,4,4,2,TRUE,FALSE,FALSE,2,other
285884604,5,5,3,FALSE,FALSE,FALSE,3,still_orphaned
285884615,1,0,1,FALSE,FALSE,TRUE,0,still_orphaned
285884813,4,5,2,TRUE,FALSE,FALSE,3,other
285884996,2,2,1,TRUE,FALSE,FALSE,1,other
285885331,4,5,2,TRUE,FALSE,FALSE,3,other
285885427,2,2,1,TRUE,FALSE,FALSE,1,other
285885452,1,2,1,FALSE,FALSE,TRUE,2,still_orphaned
285885624,3,2,2,FALSE,TRUE,FALSE,1,completed
285885726,2,2,1,TRUE,FALSE,FALSE,1,other
285885737,2,2,1,TRUE,FALSE,FALSE,1,other
285885974,2,2,1,TRUE,FALSE,FALSE,1,other
285886135,1,2,1,FALSE,FALSE,TRUE,2,still_orphaned
285886198,3,3,2,FALSE,FALSE,FALSE,2,still_orphaned
285886549,4,3,2,TRUE,FALSE,FALSE,1,other
285886735,3,4,2,FALSE,FALSE,FALSE,3,still_orphaned
285886777,8,6,4,TRUE,FALSE,FALSE,2,other
285886890,2,2,1,TRUE,FALSE,FALSE,1,other
285887022,2,2,1,TRUE,FALSE,FALSE,1,other
285887061,5,5,3,FALSE,FALSE,FALSE,3,still_orphaned
285887335,4,3,2,TRUE,FALSE,FALSE,1,other
285887464,5,5,3,FALSE,FALSE,FALSE,3,still_orphaned
285887469,4,5,2,TRUE,FALSE,FALSE,3,other
285887579,4,6,2,TRUE,FALSE,FALSE,4,other
285887789,3,4,2,FALSE,FALSE,FALSE,3,still_orphaned
285888010,6,6,3,TRUE,FALSE,FALSE,3,other
285888098,3,4,2,FALSE,FALSE,FALSE,3,still_orphaned
285888106,1,3,1,FALSE,FALSE,TRUE,3,still_orphaned
285888141,3,1,2,FALSE,FALSE,FALSE,0,still_orphaned
285888677,1,2,1,FALSE,FALSE,TRUE,2,still_orphaned
285889189,6,5,3,TRUE,FALSE,FALSE,2,other
285893744,2,2,1,TRUE,FALSE,FALSE,1,other
285894649,5,3,3,FALSE,TRUE,FALSE,1,completed
285895068,5,4,3,FALSE,FALSE,FALSE,2,still_orphaned
285895242,3,2,2,FALSE,TRUE,FALSE,1,completed
285895473,5,3,3,FALSE,TRUE,FALSE,1,completed
285895545,1,3,1,FALSE,FALSE,TRUE,3,still_orphaned
285895722,5,3,3,FALSE,TRUE,FALSE,1,completed
285895865,7,5,4,FALSE,FALSE,FALSE,2,still_orphaned
285896157,4,5,2,TRUE,FALSE,FALSE,3,other
285896225,2,1,1,TRUE,TRUE,FALSE,0,already_paired
285896434,2,2,1,TRUE,FALSE,FALSE,1,other
285896501,4,5,2,TRUE,FALSE,FALSE,3,other
285896787,5,5,3,FALSE,FALSE,FALSE,3,still_orphaned
285896816,2,3,1,TRUE,FALSE,FALSE,2,other
285896824,2,3,1,TRUE,FALSE,FALSE,2,other
285896901,2,2,1,TRUE,FALSE,FALSE,1,other
285897031,1,0,1,FALSE,FALSE,TRUE,0,still_orphaned
285897237,2,3,1,TRUE,FALSE,FALSE,2,other
285897242,3,4,2,FALSE,FALSE,FALSE,3,still_orphaned
285897304,1,1,1,FALSE,TRUE,TRUE,1,completed
285897372,4,4,2,TRUE,FALSE,FALSE,2,other
285897429,1,0,1,FALSE,FALSE,TRUE,0,still_orphaned
285897519,2,3,1,TRUE,FALSE,FALSE,2,other
285897522,4,4,2,TRUE,FALSE,FALSE,2,other
285897682,1,2,1,FALSE,FALSE,TRUE,2,still_orphaned
285897745,3,2,2,FALSE,TRUE,FALSE,1,completed
285897849,2,1,1,TRUE,TRUE,FALSE,0,already_paired
285897896,3,1,2,FALSE,FALSE,FALSE,0,still_orphaned
285897917,6,4,3,TRUE,FALSE,FALSE,1,other
285897937,3,3,2,FALSE,FALSE,FALSE,2,still_orphaned
285898111,5,6,3,FALSE,FALSE,FALSE,4,still_orphaned
285898131,3,1,2,FALSE,FALSE,FALSE,0,still_orphaned
285898485,3,3,2,FALSE,FALSE,FALSE,2,still_orphaned
285898537,5,4,3,FALSE,FALSE,FALSE,2,still_orphaned
285898641,4,2,2,TRUE,TRUE,FALSE,0,already_paired
285898757,1,2,1,FALSE,FALSE,TRUE,2,still_orphaned
285898781,6,4,3,TRUE,FALSE,FALSE,1,other
285899028,4,4,2,TRUE,FALSE,FALSE,2,other
285899085,4,3,2,TRUE,FALSE,FALSE,1,other
285899098,3,2,2,FALSE,TRUE,FALSE,1,completed
285899158,1,0,1,FALSE,FALSE,TRUE,0,still_orphaned
285899277,4,4,2,TRUE,FALSE,FALSE,2,other
285899411,5,6,3,FALSE,FALSE,FALSE,4,still_orphaned
285899559,2,3,1,TRUE,FALSE,FALSE,2,other
285899842,3,3,2,FALSE,FALSE,FALSE,2,still_orphaned
285900037,3,3,2,FALSE,FALSE,FALSE,2,still_orphaned
285900050,3,1,2,FALSE,FALSE,FALSE,0,still_orphaned
285900176,4,2,2,TRUE,TRUE,FALSE,0,already_paired
285900395,4,4,2,TRUE,FALSE,FALSE,2,other
285900503,2,2,1,TRUE,FALSE,FALSE,1,other
285900516,3,4,2,FALSE,FALSE,FALSE,3,still_orphaned
285900705,5,4,3,FALSE,FALSE,FALSE,2,still_orphaned
285901062,6,6,3,TRUE,FALSE,FALSE,3,other
285901104,1,0,1,FALSE,FALSE,TRUE,0,still_orphaned
285901663,5,8,3,FALSE,FALSE,FALSE,6,still_orphaned
285901715,2,2,1,TRUE,FALSE,FALSE,1,other
285901956,3,3,2,FALSE,FALSE,FALSE,2,still_orphaned
285902078,1,3,1,FALSE,FALSE,TRUE,3,still_orphaned
285902192,2,2,1,TRUE,FALSE,FALSE,1,other
285902211,7,7,4,FALSE,FALSE,FALSE,4,still_orphaned
285902395,2,2,1,TRUE,FALSE,FALSE,1,other
285902543,3,2,2,FALSE,TRUE,FALSE,1,completed
285902617,3,4,2,FALSE,FALSE,FALSE,3,still_orphaned
285902713,1,0,1,FALSE,FALSE,TRUE,0,still_orphaned
285902742,2,2,1,TRUE,FALSE,FALSE,1,other
285902778,3,2,2,FALSE,TRUE,FALSE,1,completed
285902808,1,0,1,FALSE,FALSE,TRUE,0,still_orphaned
285902854,2,2,1,TRUE,FALSE,FALSE,1,other
285902995,2,2,1,TRUE,FALSE,FALSE,1,other
285903176,1,2,1,FALSE,FALSE,TRUE,2,still_orphaned
285903240,5,7,3,FALSE,FALSE,FALSE,5,still_orphaned
285903682,6,4,3,TRUE,FALSE,FALSE,1,other
285903781,3,2,2,FALSE,TRUE,FALSE,1,completed
285903867,4,2,2,TRUE,TRUE,FALSE,0,already_paired
285903949,3,3,2,FALSE,FALSE,FALSE,2,still_orphaned
285903994,3,2,2,FALSE,TRUE,FALSE,1,completed
285904252,2,2,1,TRUE,FALSE,FALSE,1,other
285904526,3,5,2,FALSE,FALSE,FALSE,4,still_orphaned
285904577,2,2,1,TRUE,FALSE,FALSE,1,other
285904654,1,0,1,FALSE,FALSE,TRUE,0,still_orphaned
285904773,2,2,1,TRUE,FALSE,FALSE,1,other
285904979,4,4,2,TRUE,FALSE,FALSE,2,other
285905031,1,3,1,FALSE,FALSE,TRUE,3,still_orphaned
285905099,1,3,1,FALSE,FALSE,TRUE,3,still_orphaned
285905136,2,3,1,TRUE,FALSE,FALSE,2,other
285905227,4,6,2,TRUE,FALSE,FALSE,4,other
285905384,2,1,1,TRUE,TRUE,FALSE,0,already_paired
285905839,4,4,2,TRUE,FALSE,FALSE,2,other
285905890,1,0,1,FALSE,FALSE,TRUE,0,still_orphaned
285906100,3,4,2,FALSE,FALSE,FALSE,3,still_orphaned
285906464,2,4,1,TRUE,FALSE,FALSE,3,other
285906515,2,2,1,TRUE,FALSE,FALSE,1,other
285906627,3,2,2,FALSE,TRUE,FALSE,1,completed
285906695,9,7,5,FALSE,FALSE,FALSE,3,still_orphaned
285906843,2,3,1,TRUE,FALSE,FALSE,2,other
285906849,2,2,1,TRUE,FALSE,FALSE,1,other
285907038,2,1,1,TRUE,TRUE,FALSE,0,already_paired
285907059,3,5,2,FALSE,FALSE,FALSE,4,still_orphaned
285907423,4,5,2,TRUE,FALSE,FALSE,3,other
285907655,3,3,2,FALSE,FALSE,FALSE,2,still_orphaned
285907895,3,2,2,FALSE,TRUE,FALSE,1,completed
285908043,1,0,1,FALSE,FALSE,TRUE,0,still_orphaned
285908434,2,1,1,TRUE,TRUE,FALSE,0,already_paired
285908483,3,3,2,FALSE,FALSE,FALSE,2,still_orphaned
285908493,2,3,1,TRUE,FALSE,FALSE,2,other
285908964,1,2,1,FALSE,FALSE,TRUE,2,still_orphaned
285909013,4,3,2,TRUE,FALSE,FALSE,1,other
285909127,4,3,2,TRUE,FALSE,FALSE,1,other
285909245,4,3,2,TRUE,FALSE,FALSE,1,other
285909364,2,2,1,TRUE,FALSE,FALSE,1,other
285909419,3,2,2,FALSE,TRUE,FALSE,1,completed
285909504,10,6,5,TRUE,FALSE,FALSE,1,other
285909597,2,2,1,TRUE,FALSE,FALSE,1,other
285909700,2,2,1,TRUE,FALSE,FALSE,1,other
285909960,8,8,4,TRUE,FALSE,FALSE,4,other
285910509,4,3,2,TRUE,FALSE,FALSE,1,other
285910625,4,3,2,TRUE,FALSE,FALSE,1,other
285910999,2,3,1,TRUE,FALSE,FALSE,2,other
285911199,4,4,2,TRUE,FALSE,FALSE,2,other
285911434,4,3,2,TRUE,FALSE,FALSE,1,other
285911623,3,2,2,FALSE,TRUE,FALSE,1,completed
285911694,5,5,3,FALSE,FALSE,FALSE,3,still_orphaned
285911782,3,3,2,FALSE,FALSE,FALSE,2,still_orphaned
285911955,3,4,2,FALSE,FALSE,FALSE,3,still_orphaned
285912026,1,0,1,FALSE,FALSE,TRUE,0,still_orphaned
285912279,3,5,2,FALSE,FALSE,FALSE,4,still_orphaned
285912357,3,1,2,FALSE,FALSE,FALSE,0,still_orphaned
285912361,2,3,1,TRUE,FALSE,FALSE,2,other
285912485,5,7,3,FALSE,FALSE,FALSE,5,still_orphaned
285912492,5,5,3,FALSE,FALSE,FALSE,3,still_orphaned
285912598,3,6,2,FALSE,FALSE,FALSE,5,still_orphaned
285912604,1,0,1,FALSE,FALSE,TRUE,0,still_orphaned
285912632,2,4,1,TRUE,FALSE,FALSE,3,other
285912639,3,2,2,FALSE,TRUE,FALSE,1,completed
285912668,3,4,2,FALSE,FALSE,FALSE,3,still_orphaned
285912732,5,3,3,FALSE,TRUE,FALSE,1,completed
285912932,4,3,2,TRUE,FALSE,FALSE,1,other
285912952,1,3,1,FALSE,FALSE,TRUE,3,still_orphaned
285913174,2,2,1,TRUE,FALSE,FALSE,1,other
285913331,1,2,1,FALSE,FALSE,TRUE,2,still_orphaned
285913504,1,2,1,FALSE,FALSE,TRUE,2,still_orphaned
285913625,3,1,2,FALSE,FALSE,FALSE,0,still_orphaned
285914015,1,0,1,FALSE,FALSE,TRUE,0,still_orphaned
285914054,4,5,2,TRUE,FALSE,FALSE,3,other
285914167,3,4,2,FALSE,FALSE,FALSE,3,still_orphaned
285914433,4,4,2,TRUE,FALSE,FALSE,2,other
285914707,1,2,1,FALSE,FALSE,TRUE,2,still_orphaned
285914819,3,4,2,FALSE,FALSE,FALSE,3,still_orphaned
285914928,3,2,2,FALSE,TRUE,FALSE,1,completed
285914986,2,2,1,TRUE,FALSE,FALSE,1,other
285915142,3,4,2,FALSE,FALSE,FALSE,3,still_orphaned
285915237,2,2,1,TRUE,FALSE,FALSE,1,other
285915251,5,5,3,FALSE,FALSE,FALSE,3,still_orphaned
285915359,5,4,3,FALSE,FALSE,FALSE,2,still_orphaned
285915363,3,6,2,FALSE,FALSE,FALSE,5,still_orphaned
285915583,3,4,2,FALSE,FALSE,FALSE,3,still_orphaned
285915738,2,1,1,TRUE,TRUE,FALSE,0,already_paired
285916011,9,5,5,FALSE,TRUE,FALSE,1,completed
285916081,3,1,2,FALSE,FALSE,FALSE,0,still_orphaned
285916181,4,3,2,TRUE,FALSE,FALSE,1,other
285916651,4,6,2,TRUE,FALSE,FALSE,4,other
285916695,2,1,1,TRUE,TRUE,FALSE,0,already_paired
285916729,3,3,2,FALSE,FALSE,FALSE,2,still_orphaned
285916833,3,1,2,FALSE,FALSE,FALSE,0,still_orphaned
285917264,1,2,1,FALSE,FALSE,TRUE,2,still_orphaned
285917394,9,9,5,FALSE,FALSE,FALSE,5,still_orphaned
285917625,3,2,2,FALSE,TRUE,FALSE,1,completed
285917749,3,3,2,FALSE,FALSE,FALSE,2,still_orphaned
285917760,4,4,2,TRUE,FALSE,FALSE,2,other
285917877,1,0,1,FALSE,FALSE,TRUE,0,still_orphaned
285918162,4,2,2,TRUE,TRUE,FALSE,0,already_paired
285918169,1,0,1,FALSE,FALSE,TRUE,0,still_orphaned
285918253,4,4,2,TRUE,FALSE,FALSE,2,other
285918523,2,4,1,TRUE,FALSE,FALSE,3,other
285918601,3,3,2,FALSE,FALSE,FALSE,2,still_orphaned
285918627,5,3,3,FALSE,TRUE,FALSE,1,completed
285918696,4,5,2,TRUE,FALSE,FALSE,3,other
285918782,7,7,4,FALSE,FALSE,FALSE,4,still_orphaned
285918889,3,2,2,FALSE,TRUE,FALSE,1,completed
285918993,4,4,2,TRUE,FALSE,FALSE,2,other
285919066,5,5,3,FALSE,FALSE,FALSE,3,still_orphaned
285919542,5,4,3,FALSE,FALSE,FALSE,2,still_orphaned
285919555,4,3,2,TRUE,FALSE,FALSE,1,other
285919697,3,4,2,FALSE,FALSE,FALSE,3,still_orphaned
285919772,2,2,1,TRUE,FALSE,FALSE,1,other
285920043,2,2,1,TRUE,FALSE,FALSE,1,other
285920063,3,1,2,FALSE,FALSE,FALSE,0,still_orphaned
285920098,3,4,2,FALSE,FALSE,FALSE,3,still_orphaned
285920227,5,5,3,FALSE,FALSE,FALSE,3,still_orphaned
285920382,2,4,1,TRUE,FALSE,FALSE,3,other
285920393,1,0,1,FALSE,FALSE,TRUE,0,still_orphaned
285920441,1,2,1,FALSE,FALSE,TRUE,2,still_orphaned
285920494,1,2,1,FALSE,FALSE,TRUE,2,still_orphaned
285920544,1,0,1,FALSE,FALSE,TRUE,0,still_orphaned
285920560,3,2,2,FALSE,TRUE,FALSE,1,completed
285921106,4,3,2,TRUE,FALSE,FALSE,1,other
285921117,3,3,2,FALSE,FALSE,FALSE,2,still_orphaned
285921254,2,2,1,TRUE,FALSE,FALSE,1,other
285921320,1,4,1,FALSE,FALSE,TRUE,4,still_orphaned
285921545,3,5,2,FALSE,FALSE,FALSE,4,still_orphaned
285921824,2,2,1,TRUE,FALSE,FALSE,1,other
285921964,2,3,1,TRUE,FALSE,FALSE,2,other
285922474,5,2,3,FALSE,FALSE,FALSE,0,still_orphaned
285922805,5,4,3,FALSE,FALSE,FALSE,2,still_orphaned
285922980,4,5,2,TRUE,FALSE,FALSE,3,other
285923030,1,2,1,FALSE,FALSE,TRUE,2,still_orphaned
285923454,1,2,1,FALSE,FALSE,TRUE,2,still_orphaned
285923707,3,2,2,FALSE,TRUE,FALSE,1,completed
285923744,2,4,1,TRUE,FALSE,FALSE,3,other
285923991,2,1,1,TRUE,TRUE,FALSE,0,already_paired
285924002,3,3,2,FALSE,FALSE,FALSE,2,still_orphaned
285924106,5,6,3,FALSE,FALSE,FALSE,4,still_orphaned
285924121,3,2,2,FALSE,TRUE,FALSE,1,completed
285924213,3,2,2,FALSE,TRUE,FALSE,1,completed
285924249,1,4,1,FALSE,FALSE,TRUE,4,still_orphaned
285924356,1,2,1,FALSE,FALSE,TRUE,2,still_orphaned
285924707,4,5,2,TRUE,FALSE,FALSE,3,other
285924805,2,4,1,TRUE,FALSE,FALSE,3,other
285924899,2,3,1,TRUE,FALSE,FALSE,2,other
285925245,1,3,1,FALSE,FALSE,TRUE,3,still_orphaned
285925393,1,2,1,FALSE,FALSE,TRUE,2,still_orphaned
285925924,5,3,3,FALSE,TRUE,FALSE,1,completed
285930261,3,2,2,FALSE,TRUE,FALSE,1,completed
285930594,1,0,1,FALSE,FALSE,TRUE,0,still_orphaned
285930599,5,5,3,FALSE,FALSE,FALSE,3,still_orphaned
285930604,3,2,2,FALSE,TRUE,FALSE,1,completed
285931088,2,2,1,TRUE,FALSE,FALSE,1,other
285931214,2,3,1,TRUE,FALSE,FALSE,2,other
285931624,2,1,1,TRUE,TRUE,FALSE,0,already_paired
285931732,1,2,1,FALSE,FALSE,TRUE,2,still_orphaned
285931818,5,4,3,FALSE,FALSE,FALSE,2,still_orphaned
285932024,1,2,1,FALSE,FALSE,TRUE,2,still_orphaned
285932137,3,3,2,FALSE,FALSE,FALSE,2,still_orphaned
285932179,1,0,1,FALSE,FALSE,TRUE,0,still_orphaned
285932363,3,2,2,FALSE,TRUE,FALSE,1,completed
285932538,1,2,1,FALSE,FALSE,TRUE,2,still_orphaned
285932577,6,5,3,TRUE,FALSE,FALSE,2,other
285932596,1,0,1,FALSE,FALSE,TRUE,0,still_orphaned
285932867,6,6,3,TRUE,FALSE,FALSE,3,other
285932913,5,3,3,FALSE,TRUE,FALSE,1,completed
285932925,3,3,2,FALSE,FALSE,FALSE,2,still_orphaned
285932930,4,3,2,TRUE,FALSE,FALSE,1,other
285932935,3,3,2,FALSE,FALSE,FALSE,2,still_orphaned
285933014,1,0,1,FALSE,FALSE,TRUE,0,still_orphaned
285933060,4,5,2,TRUE,FALSE,FALSE,3,other
285933281,4,5,2,TRUE,FALSE,FALSE,3,other
285933405,9,9,5,FALSE,FALSE,FALSE,5,still_orphaned
285933565,3,5,2,FALSE,FALSE,FALSE,4,still_orphaned
285933572,3,2,2,FALSE,TRUE,FALSE,1,completed
285933974,6,5,3,TRUE,FALSE,FALSE,2,other
285934138,2,3,1,TRUE,FALSE,FALSE,2,other
285934174,4,4,2,TRUE,FALSE,FALSE,2,other
285934276,2,2,1,TRUE,FALSE,FALSE,1,other
285934329,3,1,2,FALSE,FALSE,FALSE,0,still_orphaned
285934462,2,2,1,TRUE,FALSE,FALSE,1,other
285934498,9,8,5,FALSE,FALSE,FALSE,4,still_orphaned
285934698,1,0,1,FALSE,FALSE,TRUE,0,still_orphaned
285934724,6,5,3,TRUE,FALSE,FALSE,2,other
285934740,5,4,3,FALSE,FALSE,FALSE,2,still_orphaned
285934890,3,2,2,FALSE,TRUE,FALSE,1,completed
285935036,2,2,1,TRUE,FALSE,FALSE,1,other
285935427,2,2,1,TRUE,FALSE,FALSE,1,other
285935428,5,3,3,FALSE,TRUE,FALSE,1,completed
285935808,3,1,2,FALSE,FALSE,FALSE,0,still_orphaned
285935900,1,2,1,FALSE,FALSE,TRUE,2,still_orphaned
285935911,5,5,3,FALSE,FALSE,FALSE,3,still_orphaned
285935917,1,2,1,FALSE,FALSE,TRUE,2,still_orphaned
285936104,3,5,2,FALSE,FALSE,FALSE,4,still_orphaned
285936333,1,0,1,FALSE,FALSE,TRUE,0,still_orphaned
285936401,2,2,1,TRUE,FALSE,FALSE,1,other
285936499,2,1,1,TRUE,TRUE,FALSE,0,already_paired
285936891,2,2,1,TRUE,FALSE,FALSE,1,other
285937043,4,6,2,TRUE,FALSE,FALSE,4,other
285937184,6,6,3,TRUE,FALSE,FALSE,3,other
285937410,2,1,1,TRUE,TRUE,FALSE,0,already_paired
285937472,5,6,3,FALSE,FALSE,FALSE,4,still_orphaned
285937832,1,0,1,FALSE,FALSE,TRUE,0,still_orphaned
285937874,1,0,1,FALSE,FALSE,TRUE,0,still_orphaned
285937881,4,3,2,TRUE,FALSE,FALSE,1,other
285937972,3,3,2,FALSE,FALSE,FALSE,2,still_orphaned
285938287,2,3,1,TRUE,FALSE,FALSE,2,other
285938386,4,3,2,TRUE,FALSE,FALSE,1,other
285938422,4,5,2,TRUE,FALSE,FALSE,3,other
285938425,1,0,1,FALSE,FALSE,TRUE,0,still_orphaned
285938667,1,4,1,FALSE,FALSE,TRUE,4,still_orphaned
285938698,4,3,2,TRUE,FALSE,FALSE,1,other
285938724,3,2,2,FALSE,TRUE,FALSE,1,completed
285939014,1,2,1,FALSE,FALSE,TRUE,2,still_orphaned
285939587,4,5,2,TRUE,FALSE,FALSE,3,other
285939676,5,7,3,FALSE,FALSE,FALSE,5,still_orphaned
285939852,4,3,2,TRUE,FALSE,FALSE,1,other
285940078,2,3,1,TRUE,FALSE,FALSE,2,other
285940169,3,3,2,FALSE,FALSE,FALSE,2,still_orphaned
285940216,6,6,3,TRUE,FALSE,FALSE,3,other
285940445,7,8,4,FALSE,FALSE,FALSE,5,still_orphaned
285940736,2,2,1,TRUE,FALSE,FALSE,1,other
285941111,4,4,2,TRUE,FALSE,FALSE,2,other
285941118,4,5,2,TRUE,FALSE,FALSE,3,other
285941538,1,0,1,FALSE,FALSE,TRUE,0,still_orphaned
285941585,5,4,3,FALSE,FALSE,FALSE,2,still_orphaned
285941792,1,0,1,FALSE,FALSE,TRUE,0,still_orphaned
285941880,3,4,2,FALSE,FALSE,FALSE,3,still_orphaned
285942032,3,5,2,FALSE,FALSE,FALSE,4,still_orphaned
285942504,8,5,4,TRUE,FALSE,FALSE,1,other
285942559,4,5,2,TRUE,FALSE,FALSE,3,other
285942602,1,0,1,FALSE,FALSE,TRUE,0,still_orphaned
285942620,2,1,1,TRUE,TRUE,FALSE,0,already_paired
285942868,9,5,5,FALSE,TRUE,FALSE,1,completed
285942932,1,3,1,FALSE,FALSE,TRUE,3,still_orphaned
285942956,3,2,2,FALSE,TRUE,FALSE,1,completed
285943052,2,2,1,TRUE,FALSE,FALSE,1,other
285943074,2,3,1,TRUE,FALSE,FALSE,2,other
285943157,5,5,3,FALSE,FALSE,FALSE,3,still_orphaned
285943176,4,3,2,TRUE,FALSE,FALSE,1,other
285943843,1,0,1,FALSE,FALSE,TRUE,0,still_orphaned
285943917,2,3,1,TRUE,FALSE,FALSE,2,other
285944182,1,2,1,FALSE,FALSE,TRUE,2,still_orphaned
285944544,4,3,2,TRUE,FALSE,FALSE,1,other
285944753,4,6,2,TRUE,FALSE,FALSE,4,other
285944912,3,4,2,FALSE,FALSE,FALSE,3,still_orphaned
285944916,1,0,1,FALSE,FALSE,TRUE,0,still_orphaned
285945172,4,5,2,TRUE,FALSE,FALSE,3,other
285945225,2,1,1,TRUE,TRUE,FALSE,0,already_paired
285945382,2,2,1,TRUE,FALSE,FALSE,1,other
285945563,4,3,2,TRUE,FALSE,FALSE,1,other
285945642,3,3,2,FALSE,FALSE,FALSE,2,still_orphaned
285945858,4,4,2,TRUE,FALSE,FALSE,2,other
285946064,3,3,2,FALSE,FALSE,FALSE,2,still_orphaned
285946689,6,6,3,TRUE,FALSE,FALSE,3,other
285946972,4,5,2,TRUE,FALSE,FALSE,3,other
285947012,2,2,1,TRUE,FALSE,FALSE,1,other
285947157,3,6,2,FALSE,FALSE,FALSE,5,still_orphaned
285947290,3,3,2,FALSE,FALSE,FALSE,2,still_orphaned
285947338,1,3,1,FALSE,FALSE,TRUE,3,still_orphaned
285947476,2,2,1,TRUE,FALSE,FALSE,1,other
285947518,5,2,3,FALSE,FALSE,FALSE,0,still_orphaned
285947826,1,0,1,FALSE,FALSE,TRUE,0,still_orphaned
285948040,2,3,1,TRUE,FALSE,FALSE,2,other
285948149,6,5,3,TRUE,FALSE,FALSE,2,other
285948219,1,2,1,FALSE,FALSE,TRUE,2,still_orphaned
285948414,4,4,2,TRUE,FALSE,FALSE,2,other
285948445,3,2,2,FALSE,TRUE,FALSE,1,completed
285948484,1,0,1,FALSE,FALSE,TRUE,0,still_orphaned
285948688,3,4,2,FALSE,FALSE,FALSE,3,still_orphaned
285948701,6,4,3,TRUE,FALSE,FALSE,1,other
285948755,2,3,1,TRUE,FALSE,FALSE,2,other
285949036,6,6,3,TRUE,FALSE,FALSE,3,other
285949046,1,0,1,FALSE,FALSE,TRUE,0,still_orphaned
285949149,1,3,1,FALSE,FALSE,TRUE,3,still_orphaned
285949158,1,1,1,FALSE,TRUE,TRUE,1,completed
285949379,1,0,1,FALSE,FALSE,TRUE,0,still_orphaned
285949426,3,1,2,FALSE,FALSE,FALSE,0,still_orphaned
285949521,4,5,2,TRUE,FALSE,FALSE,3,other
285949593,2,1,1,TRUE,TRUE,FALSE,0,already_paired
285949628,2,2,1,TRUE,FALSE,FALSE,1,other
285949691,2,3,1,TRUE,FALSE,FALSE,2,other
285949769,4,3,2,TRUE,FALSE,FALSE,1,other
285949946,2,2,1,TRUE,FALSE,FALSE,1,other
285950264,1,2,1,FALSE,FALSE,TRUE,2,still_orphaned
285950398,4,4,2,TRUE,FALSE,FALSE,2,other
285951030,1,3,1,FALSE,FALSE,TRUE,3,still_orphaned
285951062,3,5,2,FALSE,FALSE,FALSE,4,still_orphaned
285951456,2,3,1,TRUE,FALSE,FALSE,2,other
285951525,3,5,2,FALSE,FALSE,FALSE,4,still_orphaned
285951622,3,5,2,FALSE,FALSE,FALSE,4,still_orphaned
285951802,2,2,1,TRUE,FALSE,FALSE,1,other
285951846,2,4,1,TRUE,FALSE,FALSE,3,other
285951912,2,4,1,TRUE,FALSE,FALSE,3,other
285951923,2,3,1,TRUE,FALSE,FALSE,2,other
285952015,1,2,1,FALSE,FALSE,TRUE,2,still_orphaned
285952126,3,2,2,FALSE,TRUE,FALSE,1,completed
285952231,4,4,2,TRUE,FALSE,FALSE,2,other
285952296,3,5,2,FALSE,FALSE,FALSE,4,still_orphaned
285952800,5,4,3,FALSE,FALSE,FALSE,2,still_orphaned
285952857,1,2,1,FALSE,FALSE,TRUE,2,still_orphaned
285952992,1,1,1,FALSE,TRUE,TRUE,1,completed
285953576,3,4,2,FALSE,FALSE,FALSE,3,still_orphaned
285953806,5,5,3,FALSE,FALSE,FALSE,3,still_orphaned
285953854,1,0,1,FALSE,FALSE,TRUE,0,still_orphaned
285953918,4,5,2,TRUE,FALSE,FALSE,3,other
285953957,1,0,1,FALSE,FALSE,TRUE,0,still_orphaned
285954169,1,2,1,FALSE,FALSE,TRUE,2,still_orphaned
285954324,3,2,2,FALSE,TRUE,FALSE,1,completed
285954499,1,2,1,FALSE,FALSE,TRUE,2,still_orphaned
285954562,1,0,1,FALSE,FALSE,TRUE,0,still_orphaned
285954882,3,1,2,FALSE,FALSE,FALSE,0,still_orphaned
285954982,3,1,2,FALSE,FALSE,FALSE,0,still_orphaned
285955010,4,5,2,TRUE,FALSE,FALSE,3,other
285955012,5,4,3,FALSE,FALSE,FALSE,2,still_orphaned
285955142,2,4,1,TRUE,FALSE,FALSE,3,other
285955182,2,3,1,TRUE,FALSE,FALSE,2,other
285955296,1,0,1,FALSE,FALSE,TRUE,0,still_orphaned
285955392,3,2,2,FALSE,TRUE,FALSE,1,completed
285955426,2,3,1,TRUE,FALSE,FALSE,2,other
285955507,2,2,1,TRUE,FALSE,FALSE,1,other
285955549,5,6,3,FALSE,FALSE,FALSE,4,still_orphaned
285955566,2,2,1,TRUE,FALSE,FALSE,1,other
285955708,4,3,2,TRUE,FALSE,FALSE,1,other
285955785,5,3,3,FALSE,TRUE,FALSE,1,completed
285955793,3,2,2,FALSE,TRUE,FALSE,1,completed
285955877,3,4,2,FALSE,FALSE,FALSE,3,still_orphaned
285956047,2,3,1,TRUE,FALSE,FALSE,2,other
285956148,1,2,1,FALSE,FALSE,TRUE,2,still_orphaned
285956150,2,2,1,TRUE,FALSE,FALSE,1,other
285956162,3,4,2,FALSE,FALSE,FALSE,3,still_orphaned
285956545,2,3,1,TRUE,FALSE,FALSE,2,other
285956639,1,0,1,FALSE,FALSE,TRUE,0,still_orphaned
285956744,3,2,2,FALSE,TRUE,FALSE,1,completed
285956996,6,6,3,TRUE,FALSE,FALSE,3,other
285957146,3,3,2,FALSE,FALSE,FALSE,2,still_orphaned
285957152,1,0,1,FALSE,FALSE,TRUE,0,still_orphaned
285957403,3,4,2,FALSE,FALSE,FALSE,3,still_orphaned
285957460,3,3,2,FALSE,FALSE,FALSE,2,still_orphaned
285957583,5,5,3,FALSE,FALSE,FALSE,3,still_orphaned
285957647,1,0,1,FALSE,FALSE,TRUE,0,still_orphaned
285957851,1,3,1,FALSE,FALSE,TRUE,3,still_orphaned
285957950,6,6,3,TRUE,FALSE,FALSE,3,other
285958194,3,4,2,FALSE,FALSE,FALSE,3,still_orphaned
285958354,1,2,1,FALSE,FALSE,TRUE,2,still_orphaned
285958463,1,0,1,FALSE,FALSE,TRUE,0,still_orphaned
285958482,2,3,1,TRUE,FALSE,FALSE,2,other
285958551,3,3,2,FALSE,FALSE,FALSE,2,still_orphaned
285958690,4,4,2,TRUE,FALSE,FALSE,2,other
285958908,1,2,1,FALSE,FALSE,TRUE,2,still_orphaned
285958919,3,2,2,FALSE,TRUE,FALSE,1,completed
285959341,2,3,1,TRUE,FALSE,FALSE,2,other
285959363,1,2,1,FALSE,FALSE,TRUE,2,still_orphaned
285959531,1,3,1,FALSE,FALSE,TRUE,3,still_orphaned
285959870,2,3,1,TRUE,FALSE,FALSE,2,other
285959871,3,3,2,FALSE,FALSE,FALSE,2,still_orphaned
285960202,3,3,2,FALSE,FALSE,FALSE,2,still_orphaned
285960405,3,5,2,FALSE,FALSE,FALSE,4,still_orphaned
285960474,1,2,1,FALSE,FALSE,TRUE,2,still_orphaned
285960642,1,2,1,FALSE,FALSE,TRUE,2,still_orphaned
285960669,1,2,1,FALSE,FALSE,TRUE,2,still_orphaned
285960695,2,4,1,TRUE,FALSE,FALSE,3,other
285960805,2,1,1,TRUE,TRUE,FALSE,0,already_paired
285960859,3,5,2,FALSE,FALSE,FALSE,4,still_orphaned
285960950,1,0,1,FALSE,FALSE,TRUE,0,still_orphaned
285961103,1,2,1,FALSE,FALSE,TRUE,2,still_orphaned
285961145,2,2,1,TRUE,FALSE,FALSE,1,other
285961178,2,1,1,TRUE,TRUE,FALSE,0,already_paired
285961508,1,2,1,FALSE,FALSE,TRUE,2,still_orphaned
285961745,2,3,1,TRUE,FALSE,FALSE,2,other
285962001,1,0,1,FALSE,FALSE,TRUE,0,still_orphaned
285962528,6,6,3,TRUE,FALSE,FALSE,3,other
285967007,2,3,1,TRUE,FALSE,FALSE,2,other
285968187,2,3,1,TRUE,FALSE,FALSE,2,other
285968360,2,1,1,TRUE,TRUE,FALSE,0,already_paired
285968393,5,3,3,FALSE,TRUE,FALSE,1,completed
285968550,3,2,2,FALSE,TRUE,FALSE,1,completed
285968685,3,3,2,FALSE,FALSE,FALSE,2,still_orphaned
285968700,4,3,2,TRUE,FALSE,FALSE,1,other
285968890,1,2,1,FALSE,FALSE,TRUE,2,still_orphaned
285968953,2,2,1,TRUE,FALSE,FALSE,1,other
285969143,1,4,1,FALSE,FALSE,TRUE,4,still_orphaned
285969448,1,0,1,FALSE,FALSE,TRUE,0,still_orphaned
285969788,3,3,2,FALSE,FALSE,FALSE,2,still_orphaned
285969838,1,2,1,FALSE,FALSE,TRUE,2,still_orphaned
285970035,2,2,1,TRUE,FALSE,FALSE,1,other
285970044,1,0,1,FALSE,FALSE,TRUE,0,still_orphaned
285970086,5,5,3,FALSE,FALSE,FALSE,3,still_orphaned
285970094,4,3,2,TRUE,FALSE,FALSE,1,other
285970243,2,2,1,TRUE,FALSE,FALSE,1,other
285970555,4,4,2,TRUE,FALSE,FALSE,2,other
285970560,2,2,1,TRUE,FALSE,FALSE,1,other
285970564,5,4,3,FALSE,FALSE,FALSE,2,still_orphaned
285970627,1,1,1,FALSE,TRUE,TRUE,1,completed
285970662,4,5,2,TRUE,FALSE,FALSE,3,other
285970756,1,0,1,FALSE,FALSE,TRUE,0,still_orphaned
285970760,3,4,2,FALSE,FALSE,FALSE,3,still_orphaned
285970812,2,1,1,TRUE,TRUE,FALSE,0,already_paired
285970916,2,1,1,TRUE,TRUE,FALSE,0,already_paired
285971188,3,3,2,FALSE,FALSE,FALSE,2,still_orphaned
285971215,6,3,3,TRUE,TRUE,FALSE,0,already_paired
285971276,4,6,2,TRUE,FALSE,FALSE,4,other
285971431,2,3,1,TRUE,FALSE,FALSE,2,other
285971515,6,5,3,TRUE,FALSE,FALSE,2,other
285971816,3,3,2,FALSE,FALSE,FALSE,2,still_orphaned
285971835,3,3,2,FALSE,FALSE,FALSE,2,still_orphaned
285971861,3,2,2,FALSE,TRUE,FALSE,1,completed
285971867,2,1,1,TRUE,TRUE,FALSE,0,already_paired
285971921,7,7,4,FALSE,FALSE,FALSE,4,still_orphaned
285972130,2,1,1,TRUE,TRUE,FALSE,0,already_paired
285972145,1,0,1,FALSE,FALSE,TRUE,0,still_orphaned
285972150,4,4,2,TRUE,FALSE,FALSE,2,other
285972302,4,3,2,TRUE,FALSE,FALSE,1,other
285972442,1,0,1,FALSE,FALSE,TRUE,0,still_orphaned
285972528,1,0,1,FALSE,FALSE,TRUE,0,still_orphaned
285972614,2,2,1,TRUE,FALSE,FALSE,1,other
285972789,5,5,3,FALSE,FALSE,FALSE,3,still_orphaned
285972967,6,6,3,TRUE,FALSE,FALSE,3,other
285973011,1,0,1,FALSE,FALSE,TRUE,0,still_orphaned
285973374,4,4,2,TRUE,FALSE,FALSE,2,other
285973588,4,3,2,TRUE,FALSE,FALSE,1,other
285973740,1,3,1,FALSE,FALSE,TRUE,3,still_orphaned
285973823,6,5,3,TRUE,FALSE,FALSE,2,other
285973854,2,2,1,TRUE,FALSE,FALSE,1,other
285973914,3,2,2,FALSE,TRUE,FALSE,1,completed
285974659,2,2,1,TRUE,FALSE,FALSE,1,other
285974684,2,3,1,TRUE,FALSE,FALSE,2,other
285974730,2,1,1,TRUE,TRUE,FALSE,0,already_paired
285974891,2,2,1,TRUE,FALSE,FALSE,1,other
285974990,6,6,3,TRUE,FALSE,FALSE,3,other
285975081,1,0,1,FALSE,FALSE,TRUE,0,still_orphaned
285975524,3,2,2,FALSE,TRUE,FALSE,1,completed
285975571,2,2,1,TRUE,FALSE,FALSE,1,other
285975852,3,1,2,FALSE,FALSE,FALSE,0,still_orphaned
285975938,3,4,2,FALSE,FALSE,FALSE,3,still_orphaned
285975963,4,4,2,TRUE,FALSE,FALSE,2,other
285975967,5,4,3,FALSE,FALSE,FALSE,2,still_orphaned
285975969,3,2,2,FALSE,TRUE,FALSE,1,completed
285976007,6,5,3,TRUE,FALSE,FALSE,2,other
285976401,2,2,1,TRUE,FALSE,FALSE,1,other
285976682,2,3,1,TRUE,FALSE,FALSE,2,other
285976779,3,2,2,FALSE,TRUE,FALSE,1,completed
285977054,4,2,2,TRUE,TRUE,FALSE,0,already_paired
285977150,2,2,1,TRUE,FALSE,FALSE,1,other
285977377,2,1,1,TRUE,TRUE,FALSE,0,already_paired
285977503,2,3,1,TRUE,FALSE,FALSE,2,other
285977597,5,5,3,FALSE,FALSE,FALSE,3,still_orphaned
285977801,3,3,2,FALSE,FALSE,FALSE,2,still_orphaned
285978023,2,2,1,TRUE,FALSE,FALSE,1,other
285978143,3,2,2,FALSE,TRUE,FALSE,1,completed
285978148,2,3,1,TRUE,FALSE,FALSE,2,other
285978165,3,2,2,FALSE,TRUE,FALSE,1,completed
285978432,1,0,1,FALSE,FALSE,TRUE,0,still_orphaned
285978447,5,3,3,FALSE,TRUE,FALSE,1,completed
285978815,2,2,1,TRUE,FALSE,FALSE,1,other
285978816,3,6,2,FALSE,FALSE,FALSE,5,still_orphaned
285979242,5,4,3,FALSE,FALSE,FALSE,2,still_orphaned
285979380,3,3,2,FALSE,FALSE,FALSE,2,still_orphaned
285979503,2,2,1,TRUE,FALSE,FALSE,1,other
285979582,2,2,1,TRUE,FALSE,FALSE,1,other
285979670,2,3,1,TRUE,FALSE,FALSE,2,other
285979752,3,3,2,FALSE,FALSE,FALSE,2,still_orphaned
285979908,5,4,3,FALSE,FALSE,FALSE,2,still_orphaned
285980090,3,1,2,FALSE,FALSE,FALSE,0,still_orphaned
285980441,3,3,2,FALSE,FALSE,FALSE,2,still_orphaned
285980520,3,5,2,FALSE,FALSE,FALSE,4,still_orphaned
285981189,3,3,2,FALSE,FALSE,FALSE,2,still_orphaned
285981238,5,5,3,FALSE,FALSE,FALSE,3,still_orphaned
285981350,7,4,4,FALSE,TRUE,FALSE,1,completed
285981509,2,2,1,TRUE,FALSE,FALSE,1,other
285982000,2,1,1,TRUE,TRUE,FALSE,0,already_paired
285982124,3,3,2,FALSE,FALSE,FALSE,2,still_orphaned
285982320,2,1,1,TRUE,TRUE,FALSE,0,already_paired
285982665,3,3,2,FALSE,FALSE,FALSE,2,still_orphaned
285982796,3,4,2,FALSE,FALSE,FALSE,3,still_orphaned
285982846,3,3,2,FALSE,FALSE,FALSE,2,still_orphaned
285982960,2,1,1,TRUE,TRUE,FALSE,0,already_paired
285983079,2,1,1,TRUE,TRUE,FALSE,0,already_paired
285983423,1,2,1,FALSE,FALSE,TRUE,2,still_orphaned
285983482,5,4,3,FALSE,FALSE,FALSE,2,still_orphaned
285983838,1,0,1,FALSE,FALSE,TRUE,0,still_orphaned
285983867,1,2,1,FALSE,FALSE,TRUE,2,still_orphaned
285983947,1,0,1,FALSE,FALSE,TRUE,0,still_orphaned
285984032,1,0,1,FALSE,FALSE,TRUE,0,still_orphaned
285984034,5,7,3,FALSE,FALSE,FALSE,5,still_orphaned
285984346,2,2,1,TRUE,FALSE,FALSE,1,other
285984812,1,2,1,FALSE,FALSE,TRUE,2,still_orphaned
285984861,2,3,1,TRUE,FALSE,FALSE,2,other
285984926,4,3,2,TRUE,FALSE,FALSE,1,other
285984984,3,4,2,FALSE,FALSE,FALSE,3,still_orphaned
285985152,3,2,2,FALSE,TRUE,FALSE,1,completed
285985330,3,2,2,FALSE,TRUE,FALSE,1,completed
285985461,1,2,1,FALSE,FALSE,TRUE,2,still_orphaned
285985553,2,3,1,TRUE,FALSE,FALSE,2,other
285986008,4,5,2,TRUE,FALSE,FALSE,3,other
285986020,2,2,1,TRUE,FALSE,FALSE,1,other
285986079,2,5,1,TRUE,FALSE,FALSE,4,other
285986224,5,7,3,FALSE,FALSE,FALSE,5,still_orphaned
285986273,5,3,3,FALSE,TRUE,FALSE,1,completed
285986328,2,3,1,TRUE,FALSE,FALSE,2,other
285986859,2,2,1,TRUE,FALSE,FALSE,1,other
285986860,3,2,2,FALSE,TRUE,FALSE,1,completed
285986955,5,3,3,FALSE,TRUE,FALSE,1,completed
285987384,3,4,2,FALSE,FALSE,FALSE,3,still_orphaned
285987467,2,4,1,TRUE,FALSE,FALSE,3,other
285987551,7,6,4,FALSE,FALSE,FALSE,3,still_orphaned
285987755,2,2,1,TRUE,FALSE,FALSE,1,other
285987808,3,2,2,FALSE,TRUE,FALSE,1,completed
285987974,1,0,1,FALSE,FALSE,TRUE,0,still_orphaned
285988080,1,0,1,FALSE,FALSE,TRUE,0,still_orphaned
285988140,3,4,2,FALSE,FALSE,FALSE,3,still_orphaned
285988162,2,1,1,TRUE,TRUE,FALSE,0,already_paired
285988313,4,5,2,TRUE,FALSE,FALSE,3,other
285988342,2,2,1,TRUE,FALSE,FALSE,1,other
285988446,3,2,2,FALSE,TRUE,FALSE,1,completed
285988754,7,6,4,FALSE,FALSE,FALSE,3,still_orphaned
285988793,1,2,1,FALSE,FALSE,TRUE,2,still_orphaned
285988896,3,3,2,FALSE,FALSE,FALSE,2,still_orphaned
285989156,2,1,1,TRUE,TRUE,FALSE,0,already_paired
285989272,2,4,1,TRUE,FALSE,FALSE,3,other
285989324,1,2,1,FALSE,FALSE,TRUE,2,still_orphaned
285989355,1,0,1,FALSE,FALSE,TRUE,0,still_orphaned
285989550,1,0,1,FALSE,FALSE,TRUE,0,still_orphaned
285989637,2,2,1,TRUE,FALSE,FALSE,1,other
285989854,4,5,2,TRUE,FALSE,FALSE,3,other
285990139,2,2,1,TRUE,FALSE,FALSE,1,other
285990224,2,3,1,TRUE,FALSE,FALSE,2,other
285990325,2,2,1,TRUE,FALSE,FALSE,1,other
285990378,2,2,1,TRUE,FALSE,FALSE,1,other
285990467,4,4,2,TRUE,FALSE,FALSE,2,other
285990628,1,0,1,FALSE,FALSE,TRUE,0,still_orphaned
285990708,5,4,3,FALSE,FALSE,FALSE,2,still_orphaned
285991012,2,1,1,TRUE,TRUE,FALSE,0,already_paired
285991242,3,1,2,FALSE,FALSE,FALSE,0,still_orphaned
285991288,1,0,1,FALSE,FALSE,TRUE,0,still_orphaned
285991372,1,0,1,FALSE,FALSE,TRUE,0,still_orphaned
285991449,2,2,1,TRUE,FALSE,FALSE,1,other
285991603,4,6,2,TRUE,FALSE,FALSE,4,other
285991703,2,3,1,TRUE,FALSE,FALSE,2,other
285992409,1,0,1,FALSE,FALSE,TRUE,0,still_orphaned
285992552,1,2,1,FALSE,FALSE,TRUE,2,still_orphaned
285992627,3,3,2,FALSE,FALSE,FALSE,2,still_orphaned
285992660,5,4,3,FALSE,FALSE,FALSE,2,still_orphaned
285992869,2,1,1,TRUE,TRUE,FALSE,0,already_paired
285992917,1,0,1,FALSE,FALSE,TRUE,0,still_orphaned
285992927,4,4,2,TRUE,FALSE,FALSE,2,other
285992967,2,2,1,TRUE,FALSE,FALSE,1,other
285993173,1,0,1,FALSE,FALSE,TRUE,0,still_orphaned
285993174,4,5,2,TRUE,FALSE,FALSE,3,other
285993202,2,2,1,TRUE,FALSE,FALSE,1,other
285993300,1,0,1,FALSE,FALSE,TRUE,0,still_orphaned
285993392,1,2,1,FALSE,FALSE,TRUE,2,still_orphaned
285993434,3,6,2,FALSE,FALSE,FALSE,5,still_orphaned
285993500,4,5,2,TRUE,FALSE,FALSE,3,other
285993540,1,2,1,FALSE,FALSE,TRUE,2,still_orphaned
285993572,2,2,1,TRUE,FALSE,FALSE,1,other
285993583,3,2,2,FALSE,TRUE,FALSE,1,completed
285993629,2,2,1,TRUE,FALSE,FALSE,1,other
285993634,5,4,3,FALSE,FALSE,FALSE,2,still_orphaned
285993678,4,4,2,TRUE,FALSE,FALSE,2,other
285993980,2,2,1,TRUE,FALSE,FALSE,1,other
285994028,1,0,1,FALSE,FALSE,TRUE,0,still_orphaned
285994040,3,3,2,FALSE,FALSE,FALSE,2,still_orphaned
285994327,1,0,1,FALSE,FALSE,TRUE,0,still_orphaned
285994351,3,2,2,FALSE,TRUE,FALSE,1,completed
285994479,2,1,1,TRUE,TRUE,FALSE,0,already_paired
285994505,1,0,1,FALSE,FALSE,TRUE,0,still_orphaned
285995503,3,2,2,FALSE,TRUE,FALSE,1,completed
285995582,1,2,1,FALSE,FALSE,TRUE,2,still_orphaned
285995592,4,3,2,TRUE,FALSE,FALSE,1,other
285995700,1,2,1,FALSE,FALSE,TRUE,2,still_orphaned
285995754,2,2,1,TRUE,FALSE,FALSE,1,other
285995821,1,1,1,FALSE,TRUE,TRUE,1,completed
285995851,5,3,3,FALSE,TRUE,FALSE,1,completed
285995888,2,1,1,TRUE,TRUE,FALSE,0,already_paired
285995937,2,1,1,TRUE,TRUE,FALSE,0,already_paired
285996107,1,2,1,FALSE,FALSE,TRUE,2,still_orphaned
285996349,1,0,1,FALSE,FALSE,TRUE,0,still_orphaned
285996396,2,2,1,TRUE,FALSE,FALSE,1,other
285996672,4,5,2,TRUE,FALSE,FALSE,3,other
285997229,2,3,1,TRUE,FALSE,FALSE,2,other
285997230,6,5,3,TRUE,FALSE,FALSE,2,other
285997532,2,2,1,TRUE,FALSE,FALSE,1,other
285997743,3,4,2,FALSE,FALSE,FALSE,3,still_orphaned
285997794,2,3,1,TRUE,FALSE,FALSE,2,other
285997979,2,3,1,TRUE,FALSE,FALSE,2,other
285998077,2,2,1,TRUE,FALSE,FALSE,1,other
285998101,4,3,2,TRUE,FALSE,FALSE,1,other
285998197,3,2,2,FALSE,TRUE,FALSE,1,completed
285998503,8,8,4,TRUE,FALSE,FALSE,4,other
285998600,2,3,1,TRUE,FALSE,FALSE,2,other
285998636,1,0,1,FALSE,FALSE,TRUE,0,still_orphaned
285998667,1,2,1,FALSE,FALSE,TRUE,2,still_orphaned
285998702,2,2,1,TRUE,FALSE,FALSE,1,other
285998784,5,7,3,FALSE,FALSE,FALSE,5,still_orphaned
285998924,4,2,2,TRUE,TRUE,FALSE,0,already_paired
285999160,7,5,4,FALSE,FALSE,FALSE,2,still_orphaned
285999271,3,1,2,FALSE,FALSE,FALSE,0,still_orphaned
285999844,3,3,2,FALSE,FALSE,FALSE,2,still_orphaned
285999846,2,2,1,TRUE,FALSE,FALSE,1,other
286000421,4,4,2,TRUE,FALSE,FALSE,2,other
286000439,1,2,1,FALSE,FALSE,TRUE,2,still_orphaned
286001072,2,3,1,TRUE,FALSE,FALSE,2,other
286003856,6,5,3,TRUE,FALSE,FALSE,2,other
286003906,4,4,2,TRUE,FALSE,FALSE,2,other
286004144,4,4,2,TRUE,FALSE,FALSE,2,other
286004277,2,2,1,TRUE,FALSE,FALSE,1,other
286004454,4,2,2,TRUE,TRUE,FALSE,0,already_paired
286004740,4,5,2,TRUE,FALSE,FALSE,3,other
286004812,3,2,2,FALSE,TRUE,FALSE,1,completed
286004974,4,3,2,TRUE,FALSE,FALSE,1,other
286005057,4,4,2,TRUE,FALSE,FALSE,2,other
286005360,2,3,1,TRUE,FALSE,FALSE,2,other
286005669,5,5,3,FALSE,FALSE,FALSE,3,still_orphaned
286005778,4,4,2,TRUE,FALSE,FALSE,2,other
286005782,1,2,1,FALSE,FALSE,TRUE,2,still_orphaned
286005879,3,2,2,FALSE,TRUE,FALSE,1,completed
286005918,1,2,1,FALSE,FALSE,TRUE,2,still_orphaned
286005970,3,4,2,FALSE,FALSE,FALSE,3,still_orphaned
286006000,4,4,2,TRUE,FALSE,FALSE,2,other
286006326,2,3,1,TRUE,FALSE,FALSE,2,other
286006334,3,2,2,FALSE,TRUE,FALSE,1,completed
286006377,4,3,2,TRUE,FALSE,FALSE,1,other
286006516,2,3,1,TRUE,FALSE,FALSE,2,other
286006570,3,2,2,FALSE,TRUE,FALSE,1,completed
286006662,1,0,1,FALSE,FALSE,TRUE,0,still_orphaned
286006719,1,3,1,FALSE,FALSE,TRUE,3,still_orphaned
286006736,4,2,2,TRUE,TRUE,FALSE,0,already_paired
286006781,4,4,2,TRUE,FALSE,FALSE,2,other
286006924,3,2,2,FALSE,TRUE,FALSE,1,completed
286006974,4,3,2,TRUE,FALSE,FALSE,1,other
286007171,7,7,4,FALSE,FALSE,FALSE,4,still_orphaned
286007344,6,5,3,TRUE,FALSE,FALSE,2,other
286007518,2,2,1,TRUE,FALSE,FALSE,1,other
286007543,6,7,3,TRUE,FALSE,FALSE,4,other
286007569,3,2,2,FALSE,TRUE,FALSE,1,completed
286007654,1,0,1,FALSE,FALSE,TRUE,0,still_orphaned
286007725,2,1,1,TRUE,TRUE,FALSE,0,already_paired
286007768,2,2,1,TRUE,FALSE,FALSE,1,other
286007786,5,3,3,FALSE,TRUE,FALSE,1,completed
286007947,3,2,2,FALSE,TRUE,FALSE,1,completed
286008042,1,2,1,FALSE,FALSE,TRUE,2,still_orphaned
286008062,2,2,1,TRUE,FALSE,FALSE,1,other
286008360,8,9,4,TRUE,FALSE,FALSE,5,other
286008515,4,5,2,TRUE,FALSE,FALSE,3,other
286008537,2,2,1,TRUE,FALSE,FALSE,1,other
286008870,6,4,3,TRUE,FALSE,FALSE,1,other
286008995,2,1,1,TRUE,TRUE,FALSE,0,already_paired
286009053,5,7,3,FALSE,FALSE,FALSE,5,still_orphaned
286009241,2,2,1,TRUE,FALSE,FALSE,1,other
286009296,3,2,2,FALSE,TRUE,FALSE,1,completed
286009452,2,2,1,TRUE,FALSE,FALSE,1,other
286009466,3,5,2,FALSE,FALSE,FALSE,4,still_orphaned
286009831,4,3,2,TRUE,FALSE,FALSE,1,other
286009925,1,0,1,FALSE,FALSE,TRUE,0,still_orphaned
286009982,4,3,2,TRUE,FALSE,FALSE,1,other
286010212,2,2,1,TRUE,FALSE,FALSE,1,other
286010260,2,2,1,TRUE,FALSE,FALSE,1,other
286010284,3,1,2,FALSE,FALSE,FALSE,0,still_orphaned
286010409,4,5,2,TRUE,FALSE,FALSE,3,other
286010576,5,4,3,FALSE,FALSE,FALSE,2,still_orphaned
286010871,3,3,2,FALSE,FALSE,FALSE,2,still_orphaned
286010894,3,3,2,FALSE,FALSE,FALSE,2,still_orphaned
286010990,2,1,1,TRUE,TRUE,FALSE,0,already_paired
286011230,1,0,1,FALSE,FALSE,TRUE,0,still_orphaned
286011361,5,5,3,FALSE,FALSE,FALSE,3,still_orphaned
286011458,1,2,1,FALSE,FALSE,TRUE,2,still_orphaned
286011548,3,5,2,FALSE,FALSE,FALSE,4,still_orphaned
286011554,1,2,1,FALSE,FALSE,TRUE,2,still_orphaned
286011877,1,3,1,FALSE,FALSE,TRUE,3,still_orphaned
286011885,2,2,1,TRUE,FALSE,FALSE,1,other
286011962,4,6,2,TRUE,FALSE,FALSE,4,other
286012090,7,6,4,FALSE,FALSE,FALSE,3,still_orphaned
286012131,4,3,2,TRUE,FALSE,FALSE,1,other
286012306,5,5,3,FALSE,FALSE,FALSE,3,still_orphaned
286012378,3,3,2,FALSE,FALSE,FALSE,2,still_orphaned
286012514,1,3,1,FALSE,FALSE,TRUE,3,still_orphaned
286012694,1,2,1,FALSE,FALSE,TRUE,2,still_orphaned
286012822,3,2,2,FALSE,TRUE,FALSE,1,completed
286013104,4,3,2,TRUE,FALSE,FALSE,1,other
286013123,1,0,1,FALSE,FALSE,TRUE,0,still_orphaned
286013304,2,1,1,TRUE,TRUE,FALSE,0,already_paired
286013349,1,0,1,FALSE,FALSE,TRUE,0,still_orphaned
286013697,2,2,1,TRUE,FALSE,FALSE,1,other
286013836,2,3,1,TRUE,FALSE,FALSE,2,other
286014017,3,1,2,FALSE,FALSE,FALSE,0,still_orphaned
286014259,2,3,1,TRUE,FALSE,FALSE,2,other
286014543,1,2,1,FALSE,FALSE,TRUE,2,still_orphaned
286014652,3,5,2,FALSE,FALSE,FALSE,4,still_orphaned
286014722,1,0,1,FALSE,FALSE,TRUE,0,still_orphaned
286014736,2,2,1,TRUE,FALSE,FALSE,1,other
286014944,4,3,2,TRUE,FALSE,FALSE,1,other
286015317,3,2,2,FALSE,TRUE,FALSE,1,completed
286015320,1,2,1,FALSE,FALSE,TRUE,2,still_orphaned
286015395,1,2,1,FALSE,FALSE,TRUE,2,still_orphaned
286015902,4,4,2,TRUE,FALSE,FALSE,2,other
286015966,3,4,2,FALSE,FALSE,FALSE,3,still_orphaned
286016129,1,2,1,FALSE,FALSE,TRUE,2,still_orphaned
286016726,2,2,1,TRUE,FALSE,FALSE,1,other
286017198,5,4,3,FALSE,FALSE,FALSE,2,still_orphaned
286017289,2,2,1,TRUE,FALSE,FALSE,1,other
286017399,5,4,3,FALSE,FALSE,FALSE,2,still_orphaned
286017516,2,1,1,TRUE,TRUE,FALSE,0,already_paired
286017725,2,3,1,TRUE,FALSE,FALSE,2,other
286017868,4,4,2,TRUE,FALSE,FALSE,2,other
286017889,1,0,1,FALSE,FALSE,TRUE,0,still_orphaned
286017897,3,2,2,FALSE,TRUE,FALSE,1,completed
286018015,1,0,1,FALSE,FALSE,TRUE,0,still_orphaned
286018229,1,0,1,FALSE,FALSE,TRUE,0,still_orphaned
286018278,2,3,1,TRUE,FALSE,FALSE,2,other
286018303,3,4,2,FALSE,FALSE,FALSE,3,still_orphaned
286018587,1,0,1,FALSE,FALSE,TRUE,0,still_orphaned
286018672,4,5,2,TRUE,FALSE,FALSE,3,other
286018763,4,5,2,TRUE,FALSE,FALSE,3,other
286018880,4,4,2,TRUE,FALSE,FALSE,2,other
286018994,2,1,1,TRUE,TRUE,FALSE,0,already_paired
286019379,3,4,2,FALSE,FALSE,FALSE,3,still_orphaned
286019716,5,3,3,FALSE,TRUE,FALSE,1,completed
286019787,3,5,2,FALSE,FALSE,FALSE,4,still_orphaned
286019967,2,1,1,TRUE,TRUE,FALSE,0,already_paired
286020046,2,1,1,TRUE,TRUE,FALSE,0,already_paired
286020096,2,2,1,TRUE,FALSE,FALSE,1,other
286020191,2,2,1,TRUE,FALSE,FALSE,1,other
286020209,4,4,2,TRUE,FALSE,FALSE,2,other
286020324,2,2,1,TRUE,FALSE,FALSE,1,other
286020364,1,0,1,FALSE,FALSE,TRUE,0,still_orphaned
286020438,1,0,1,FALSE,FALSE,TRUE,0,still_orphaned
286020543,3,1,2,FALSE,FALSE,FALSE,0,still_orphaned
286020578,2,3,1,TRUE,FALSE,FALSE,2,other
286020795,2,3,1,TRUE,FALSE,FALSE,2,other
286020803,1,0,1,FALSE,FALSE,TRUE,0,still_orphaned
286020978,1,2,1,FALSE,FALSE,TRUE,2,still_orphaned
286021003,1,0,1,FALSE,FALSE,TRUE,0,still_orphaned
286021275,4,4,2,TRUE,FALSE,FALSE,2,other
286021276,4,5,2,TRUE,FALSE,FALSE,3,other
286021345,1,0,1,FALSE,FALSE,TRUE,0,still_orphaned
286021492,3,2,2,FALSE,TRUE,FALSE,1,completed
286021576,1,3,1,FALSE,FALSE,TRUE,3,still_orphaned
286021593,5,4,3,FALSE,FALSE,FALSE,2,still_orphaned
286021640,6,7,3,TRUE,FALSE,FALSE,4,other
286022180,2,3,1,TRUE,FALSE,FALSE,2,other
286022392,3,2,2,FALSE,TRUE,FALSE,1,completed
286022521,5,5,3,FALSE,FALSE,FALSE,3,still_orphaned
286022602,3,5,2,FALSE,FALSE,FALSE,4,still_orphaned
286022743,1,0,1,FALSE,FALSE,TRUE,0,still_orphaned
286022978,2,1,1,TRUE,TRUE,FALSE,0,already_paired
286023398,2,1,1,TRUE,TRUE,FALSE,0,already_paired
286023461,5,4,3,FALSE,FALSE,FALSE,2,still_orphaned
286023519,5,4,3,FALSE,FALSE,FALSE,2,still_orphaned
286023558,6,6,3,TRUE,FALSE,FALSE,3,other
286023894,1,0,1,FALSE,FALSE,TRUE,0,still_orphaned
286023953,2,3,1,TRUE,FALSE,FALSE,2,other
286024005,3,4,2,FALSE,FALSE,FALSE,3,still_orphaned
286024033,1,2,1,FALSE,FALSE,TRUE,2,still_orphaned
286024150,1,0,1,FALSE,FALSE,TRUE,0,still_orphaned
286024169,2,3,1,TRUE,FALSE,FALSE,2,other
286024178,2,3,1,TRUE,FALSE,FALSE,2,other
286024282,6,4,3,TRUE,FALSE,FALSE,1,other
286024398,1,0,1,FALSE,FALSE,TRUE,0,still_orphaned
286024652,2,1,1,TRUE,TRUE,FALSE,0,already_paired
286024681,6,5,3,TRUE,FALSE,FALSE,2,other
286024752,4,3,2,TRUE,FALSE,FALSE,1,other
286024844,2,1,1,TRUE,TRUE,FALSE,0,already_paired
286024857,4,3,2,TRUE,FALSE,FALSE,1,other
286024971,3,3,2,FALSE,FALSE,FALSE,2,still_orphaned
286024986,3,2,2,FALSE,TRUE,FALSE,1,completed
286025168,5,5,3,FALSE,FALSE,FALSE,3,still_orphaned
286025381,1,2,1,FALSE,FALSE,TRUE,2,still_orphaned
286025543,2,2,1,TRUE,FALSE,FALSE,1,other
286025595,3,2,2,FALSE,TRUE,FALSE,1,completed
286025692,2,2,1,TRUE,FALSE,FALSE,1,other
286025882,1,0,1,FALSE,FALSE,TRUE,0,still_orphaned
286025898,2,1,1,TRUE,TRUE,FALSE,0,already_paired
286025989,2,2,1,TRUE,FALSE,FALSE,1,other
286026012,2,2,1,TRUE,FALSE,FALSE,1,other
286026095,4,4,2,TRUE,FALSE,FALSE,2,other
286026102,2,1,1,TRUE,TRUE,FALSE,0,already_paired
286026505,4,4,2,TRUE,FALSE,FALSE,2,other
286026525,5,4,3,FALSE,FALSE,FALSE,2,still_orphaned
286026770,5,7,3,FALSE,FALSE,FALSE,5,still_orphaned
286026779,3,3,2,FALSE,FALSE,FALSE,2,still_orphaned
286026874,3,2,2,FALSE,TRUE,FALSE,1,completed
286026920,3,2,2,FALSE,TRUE,FALSE,1,completed
286027133,4,3,2,TRUE,FALSE,FALSE,1,other
286027294,2,3,1,TRUE,FALSE,FALSE,2,other
286027467,1,0,1,FALSE,FALSE,TRUE,0,still_orphaned
286027498,2,2,1,TRUE,FALSE,FALSE,1,other
286027815,2,2,1,TRUE,FALSE,FALSE,1,other
286027822,3,4,2,FALSE,FALSE,FALSE,3,still_orphaned
286027837,1,2,1,FALSE,FALSE,TRUE,2,still_orphaned
286027940,1,0,1,FALSE,FALSE,TRUE,0,still_orphaned
286028152,3,4,2,FALSE,FALSE,FALSE,3,still_orphaned
286028162,1,0,1,FALSE,FALSE,TRUE,0,still_orphaned
286028221,3,3,2,FALSE,FALSE,FALSE,2,still_orphaned
286028384,1,2,1,FALSE,FALSE,TRUE,2,still_orphaned
286028823,1,1,1,FALSE,TRUE,TRUE,1,completed
286028922,5,8,3,FALSE,FALSE,FALSE,6,still_orphaned
286028977,2,3,1,TRUE,FALSE,FALSE,2,other
286029148,3,1,2,FALSE,FALSE,FALSE,0,still_orphaned
286029238,3,2,2,FALSE,TRUE,FALSE,1,completed
286029264,3,2,2,FALSE,TRUE,FALSE,1,completed
286029339,3,3,2,FALSE,FALSE,FALSE,2,still_orphaned
286029387,3,4,2,FALSE,FALSE,FALSE,3,still_orphaned
286029400,2,1,1,TRUE,TRUE,FALSE,0,already_paired
286029644,4,3,2,TRUE,FALSE,FALSE,1,other
286029724,2,4,1,TRUE,FALSE,FALSE,3,other
286029974,3,3,2,FALSE,FALSE,FALSE,2,still_orphaned
286030536,2,3,1,TRUE,FALSE,FALSE,2,other
286030601,1,2,1,FALSE,FALSE,TRUE,2,still_orphaned
286030617,1,2,1,FALSE,FALSE,TRUE,2,still_orphaned
286030635,1,0,1,FALSE,FALSE,TRUE,0,still_orphaned
286030636,2,1,1,TRUE,TRUE,FALSE,0,already_paired
286030770,2,4,1,TRUE,FALSE,FALSE,3,other
286030788,1,0,1,FALSE,FALSE,TRUE,0,still_orphaned
286030857,3,4,2,FALSE,FALSE,FALSE,3,still_orphaned
286030897,4,5,2,TRUE,FALSE,FALSE,3,other
286030970,3,2,2,FALSE,TRUE,FALSE,1,completed
286031030,1,2,1,FALSE,FALSE,TRUE,2,still_orphaned
286031117,1,2,1,FALSE,FALSE,TRUE,2,still_orphaned
286032174,2,2,1,TRUE,FALSE,FALSE,1,other
286039097,3,2,2,FALSE,TRUE,FALSE,1,completed
286039316,1,2,1,FALSE,FALSE,TRUE,2,still_orphaned
286039489,1,0,1,FALSE,FALSE,TRUE,0,still_orphaned
286039643,4,4,2,TRUE,FALSE,FALSE,2,other
286039842,3,3,2,FALSE,FALSE,FALSE,2,still_orphaned
286039943,3,2,2,FALSE,TRUE,FALSE,1,completed
286040099,5,4,3,FALSE,FALSE,FALSE,2,still_orphaned
286040507,1,2,1,FALSE,FALSE,TRUE,2,still_orphaned
286040517,3,2,2,FALSE,TRUE,FALSE,1,completed
286040590,2,2,1,TRUE,FALSE,FALSE,1,other
286040711,2,1,1,TRUE,TRUE,FALSE,0,already_paired
286040792,3,1,2,FALSE,FALSE,FALSE,0,still_orphaned
286040900,6,6,3,TRUE,FALSE,FALSE,3,other
286041006,2,1,1,TRUE,TRUE,FALSE,0,already_paired
286041086,3,1,2,FALSE,FALSE,FALSE,0,still_orphaned
286041107,1,0,1,FALSE,FALSE,TRUE,0,still_orphaned
286041163,3,2,2,FALSE,TRUE,FALSE,1,completed
286041193,2,2,1,TRUE,FALSE,FALSE,1,other
286041234,3,4,2,FALSE,FALSE,FALSE,3,still_orphaned
286041415,3,3,2,FALSE,FALSE,FALSE,2,still_orphaned
286041448,5,4,3,FALSE,FALSE,FALSE,2,still_orphaned
286041515,5,4,3,FALSE,FALSE,FALSE,2,still_orphaned
286041573,2,2,1,TRUE,FALSE,FALSE,1,other
286041722,3,3,2,FALSE,FALSE,FALSE,2,still_orphaned
286041745,9,8,5,FALSE,FALSE,FALSE,4,still_orphaned
286041999,1,2,1,FALSE,FALSE,TRUE,2,still_orphaned
286042094,3,4,2,FALSE,FALSE,FALSE,3,still_orphaned
286042449,4,3,2,TRUE,FALSE,FALSE,1,other
286042552,2,2,1,TRUE,FALSE,FALSE,1,other
286042781,6,4,3,TRUE,FALSE,FALSE,1,other
286042783,2,2,1,TRUE,FALSE,FALSE,1,other
286043166,2,1,1,TRUE,TRUE,FALSE,0,already_paired
286043287,3,2,2,FALSE,TRUE,FALSE,1,completed
286043372,5,8,3,FALSE,FALSE,FALSE,6,still_orphaned
286043540,4,4,2,TRUE,FALSE,FALSE,2,other
286043541,3,2,2,FALSE,TRUE,FALSE,1,completed
286043585,2,3,1,TRUE,FALSE,FALSE,2,other
286043949,2,2,1,TRUE,FALSE,FALSE,1,other
286044026,1,1,1,FALSE,TRUE,TRUE,1,completed
286044029,3,2,2,FALSE,TRUE,FALSE,1,completed
286044063,3,2,2,FALSE,TRUE,FALSE,1,completed
286044231,3,2,2,FALSE,TRUE,FALSE,1,completed
286044295,1,0,1,FALSE,FALSE,TRUE,0,still_orphaned
286044336,1,2,1,FALSE,FALSE,TRUE,2,still_orphaned
286044409,1,0,1,FALSE,FALSE,TRUE,0,still_orphaned
286044672,1,0,1,FALSE,FALSE,TRUE,0,still_orphaned
286044749,4,5,2,TRUE,FALSE,FALSE,3,other
286045190,6,5,3,TRUE,FALSE,FALSE,2,other
286045233,3,4,2,FALSE,FALSE,FALSE,3,still_orphaned
286045257,3,3,2,FALSE,FALSE,FALSE,2,still_orphaned
286045359,1,0,1,FALSE,FALSE,TRUE,0,still_orphaned
286045687,4,3,2,TRUE,FALSE,FALSE,1,other
286045736,1,0,1,FALSE,FALSE,TRUE,0,still_orphaned
286045881,2,2,1,TRUE,FALSE,FALSE,1,other
286045909,5,4,3,FALSE,FALSE,FALSE,2,still_orphaned
286046111,3,3,2,FALSE,FALSE,FALSE,2,still_orphaned
286046289,2,2,1,TRUE,FALSE,FALSE,1,other
286046391,4,3,2,TRUE,FALSE,FALSE,1,other
286046450,5,6,3,FALSE,FALSE,FALSE,4,still_orphaned
286046764,4,3,2,TRUE,FALSE,FALSE,1,other
286046875,5,4,3,FALSE,FALSE,FALSE,2,still_orphaned
286046995,1,3,1,FALSE,FALSE,TRUE,3,still_orphaned
286047056,3,2,2,FALSE,TRUE,FALSE,1,completed
286047077,3,5,2,FALSE,FALSE,FALSE,4,still_orphaned
286047175,5,3,3,FALSE,TRUE,FALSE,1,completed
286047474,2,2,1,TRUE,FALSE,FALSE,1,other
286047549,1,0,1,FALSE,FALSE,TRUE,0,still_orphaned
286047669,1,3,1,FALSE,FALSE,TRUE,3,still_orphaned
286047744,3,4,2,FALSE,FALSE,FALSE,3,still_orphaned
286047903,1,3,1,FALSE,FALSE,TRUE,3,still_orphaned
286048610,1,0,1,FALSE,FALSE,TRUE,0,still_orphaned
286048661,1,2,1,FALSE,FALSE,TRUE,2,still_orphaned
286048921,3,4,2,FALSE,FALSE,FALSE,3,still_orphaned
286049467,2,3,1,TRUE,FALSE,FALSE,2,other
286049559,3,3,2,FALSE,FALSE,FALSE,2,still_orphaned
286049666,4,6,2,TRUE,FALSE,FALSE,4,other
286049908,2,1,1,TRUE,TRUE,FALSE,0,already_paired
286050040,1,4,1,FALSE,FALSE,TRUE,4,still_orphaned
286050390,6,5,3,TRUE,FALSE,FALSE,2,other
286050456,2,2,1,TRUE,FALSE,FALSE,1,other
286050603,3,2,2,FALSE,TRUE,FALSE,1,completed
286050964,2,2,1,TRUE,FALSE,FALSE,1,other
286051029,2,3,1,TRUE,FALSE,FALSE,2,other
286051294,2,2,1,TRUE,FALSE,FALSE,1,other
286051567,4,4,2,TRUE,FALSE,FALSE,2,other
286051632,5,5,3,FALSE,FALSE,FALSE,3,still_orphaned
286051639,3,1,2,FALSE,FALSE,FALSE,0,still_orphaned
286051714,5,3,3,FALSE,TRUE,FALSE,1,completed
286051898,6,7,3,TRUE,FALSE,FALSE,4,other
286051899,1,2,1,FALSE,FALSE,TRUE,2,still_orphaned
286052179,5,3,3,FALSE,TRUE,FALSE,1,completed
286052293,4,5,2,TRUE,FALSE,FALSE,3,other
286052338,2,1,1,TRUE,TRUE,FALSE,0,already_paired
286052603,2,2,1,TRUE,FALSE,FALSE,1,other
286052827,2,2,1,TRUE,FALSE,FALSE,1,other
286053029,2,2,1,TRUE,FALSE,FALSE,1,other
286053140,1,2,1,FALSE,FALSE,TRUE,2,still_orphaned
286053238,3,3,2,FALSE,FALSE,FALSE,2,still_orphaned
286053521,2,4,1,TRUE,FALSE,FALSE,3,other
286053564,4,6,2,TRUE,FALSE,FALSE,4,other
286053713,2,4,1,TRUE,FALSE,FALSE,3,other
286054331,1,4,1,FALSE,FALSE,TRUE,4,still_orphaned
286054436,2,2,1,TRUE,FALSE,FALSE,1,other
286054437,6,6,3,TRUE,FALSE,FALSE,3,other
286054592,2,2,1,TRUE,FALSE,FALSE,1,other
286054609,2,4,1,TRUE,FALSE,FALSE,3,other
286054674,2,2,1,TRUE,FALSE,FALSE,1,other
286054791,4,4,2,TRUE,FALSE,FALSE,2,other
286055046,4,3,2,TRUE,FALSE,FALSE,1,other
286055100,2,2,1,TRUE,FALSE,FALSE,1,other
286055104,1,2,1,FALSE,FALSE,TRUE,2,still_orphaned
286055169,4,3,2,TRUE,FALSE,FALSE,1,other
286055233,3,3,2,FALSE,FALSE,FALSE,2,still_orphaned
286055386,3,2,2,FALSE,TRUE,FALSE,1,completed
286055465,3,2,2,FALSE,TRUE,FALSE,1,completed
286055684,4,4,2,TRUE,FALSE,FALSE,2,other
286056061,2,2,1,TRUE,FALSE,FALSE,1,other
286056342,1,0,1,FALSE,FALSE,TRUE,0,still_orphaned
286056345,2,2,1,TRUE,FALSE,FALSE,1,other
286056371,1,2,1,FALSE,FALSE,TRUE,2,still_orphaned
286056504,3,2,2,FALSE,TRUE,FALSE,1,completed
286056553,3,2,2,FALSE,TRUE,FALSE,1,completed
286056636,1,2,1,FALSE,FALSE,TRUE,2,still_orphaned
286056693,1,2,1,FALSE,FALSE,TRUE,2,still_orphaned
286057136,5,3,3,FALSE,TRUE,FALSE,1,completed
286057219,1,0,1,FALSE,FALSE,TRUE,0,still_orphaned
286057319,3,2,2,FALSE,TRUE,FALSE,1,completed
286057476,4,4,2,TRUE,FALSE,FALSE,2,other
286057514,1,2,1,FALSE,FALSE,TRUE,2,still_orphaned
286057687,3,4,2,FALSE,FALSE,FALSE,3,still_orphaned
286057972,1,2,1,FALSE,FALSE,TRUE,2,still_orphaned
286057986,4,3,2,TRUE,FALSE,FALSE,1,other
286058195,1,0,1,FALSE,FALSE,TRUE,0,still_orphaned
286058319,2,3,1,TRUE,FALSE,FALSE,2,other
286058440,3,2,2,FALSE,TRUE,FALSE,1,completed
286058650,2,2,1,TRUE,FALSE,FALSE,1,other
286058853,2,2,1,TRUE,FALSE,FALSE,1,other
286058950,4,3,2,TRUE,FALSE,FALSE,1,other
286059032,1,2,1,FALSE,FALSE,TRUE,2,still_orphaned
286059608,1,0,1,FALSE,FALSE,TRUE,0,still_orphaned
286059622,3,2,2,FALSE,TRUE,FALSE,1,completed
286059731,1,2,1,FALSE,FALSE,TRUE,2,still_orphaned
286059747,3,3,2,FALSE,FALSE,FALSE,2,still_orphaned
286059836,5,5,3,FALSE,FALSE,FALSE,3,still_orphaned
286060023,5,5,3,FALSE,FALSE,FALSE,3,still_orphaned
286060163,3,2,2,FALSE,TRUE,FALSE,1,completed
286060177,7,7,4,FALSE,FALSE,FALSE,4,still_orphaned
286060733,4,3,2,TRUE,FALSE,FALSE,1,other
286060856,5,7,3,FALSE,FALSE,FALSE,5,still_orphaned
286060939,4,4,2,TRUE,FALSE,FALSE,2,other
286060998,1,2,1,FALSE,FALSE,TRUE,2,still_orphaned
286061027,1,3,1,FALSE,FALSE,TRUE,3,still_orphaned
286061105,2,2,1,TRUE,FALSE,FALSE,1,other
286061188,5,4,3,FALSE,FALSE,FALSE,2,still_orphaned
286061429,2,2,1,TRUE,FALSE,FALSE,1,other
286061487,4,5,2,TRUE,FALSE,FALSE,3,other
286061559,1,0,1,FALSE,FALSE,TRUE,0,still_orphaned
286061739,5,5,3,FALSE,FALSE,FALSE,3,still_orphaned
286061974,3,3,2,FALSE,FALSE,FALSE,2,still_orphaned
286061981,2,2,1,TRUE,FALSE,FALSE,1,other
286061998,3,4,2,FALSE,FALSE,FALSE,3,still_orphaned
286062071,3,2,2,FALSE,TRUE,FALSE,1,completed
286062092,2,3,1,TRUE,FALSE,FALSE,2,other
286062220,3,2,2,FALSE,TRUE,FALSE,1,completed
286062266,1,3,1,FALSE,FALSE,TRUE,3,still_orphaned
286062499,5,6,3,FALSE,FALSE,FALSE,4,still_orphaned
286062602,5,5,3,FALSE,FALSE,FALSE,3,still_orphaned
286062630,1,0,1,FALSE,FALSE,TRUE,0,still_orphaned
286062714,3,3,2,FALSE,FALSE,FALSE,2,still_orphaned
286062715,4,5,2,TRUE,FALSE,FALSE,3,other
286062725,4,3,2,TRUE,FALSE,FALSE,1,other
286062924,3,1,2,FALSE,FALSE,FALSE,0,still_orphaned
286063022,1,0,1,FALSE,FALSE,TRUE,0,still_orphaned
286063459,1,3,1,FALSE,FALSE,TRUE,3,still_orphaned
286063502,1,1,1,FALSE,TRUE,TRUE,1,completed
286063530,2,2,1,TRUE,FALSE,FALSE,1,other
286063572,1,0,1,FALSE,FALSE,TRUE,0,still_orphaned
286063692,2,2,1,TRUE,FALSE,FALSE,1,other
286063982,2,1,1,TRUE,TRUE,FALSE,0,already_paired
286064149,1,0,1,FALSE,FALSE,TRUE,0,still_orphaned
286064350,3,2,2,FALSE,TRUE,FALSE,1,completed
286064382,2,3,1,TRUE,FALSE,FALSE,2,other
286064518,4,4,2,TRUE,FALSE,FALSE,2,other
286064851,3,3,2,FALSE,FALSE,FALSE,2,still_orphaned
286064921,3,3,2,FALSE,FALSE,FALSE,2,still_orphaned
286065206,2,2,1,TRUE,FALSE,FALSE,1,other
286065356,3,1,2,FALSE,FALSE,FALSE,0,still_orphaned
286065472,2,2,1,TRUE,FALSE,FALSE,1,other
286065718,2,3,1,TRUE,FALSE,FALSE,2,other
286065785,2,3,1,TRUE,FALSE,FALSE,2,other
286066081,2,2,1,TRUE,FALSE,FALSE,1,other
286066099,1,2,1,FALSE,FALSE,TRUE,2,still_orphaned
286066219,1,0,1,FALSE,FALSE,TRUE,0,still_orphaned
286066383,1,2,1,FALSE,FALSE,TRUE,2,still_orphaned
286066486,4,3,2,TRUE,FALSE,FALSE,1,other
286066607,3,2,2,FALSE,TRUE,FALSE,1,completed
286066699,2,3,1,TRUE,FALSE,FALSE,2,other
286067010,1,2,1,FALSE,FALSE,TRUE,2,still_orphaned
286067030,2,1,1,TRUE,TRUE,FALSE,0,already_paired
286067037,2,3,1,TRUE,FALSE,FALSE,2,other
286067104,2,2,1,TRUE,FALSE,FALSE,1,other
286067171,1,2,1,FALSE,FALSE,TRUE,2,still_orphaned
286067280,1,3,1,FALSE,FALSE,TRUE,3,still_orphaned
286067338,1,0,1,FALSE,FALSE,TRUE,0,still_orphaned
286067429,2,3,1,TRUE,FALSE,FALSE,2,other
286067496,4,3,2,TRUE,FALSE,FALSE,1,other
286067763,1,2,1,FALSE,FALSE,TRUE,2,still_orphaned
286067775,2,2,1,TRUE,FALSE,FALSE,1,other
286069373,1,0,1,FALSE,FALSE,TRUE,0,still_orphaned
286073586,3,2,2,FALSE,TRUE,FALSE,1,completed
286073754,1,2,1,FALSE,FALSE,TRUE,2,still_orphaned
286073792,4,4,2,TRUE,FALSE,FALSE,2,other
286073879,2,3,1,TRUE,FALSE,FALSE,2,other
286074109,3,2,2,FALSE,TRUE,FALSE,1,completed
286074415,2,2,1,TRUE,FALSE,FALSE,1,other
286074527,2,1,1,TRUE,TRUE,FALSE,0,already_paired
286074878,2,1,1,TRUE,TRUE,FALSE,0,already_paired
286074885,3,4,2,FALSE,FALSE,FALSE,3,still_orphaned
286074948,2,1,1,TRUE,TRUE,FALSE,0,already_paired
286075201,3,2,2,FALSE,TRUE,FALSE,1,completed
286075277,5,4,3,FALSE,FALSE,FALSE,2,still_orphaned
286075362,4,3,2,TRUE,FALSE,FALSE,1,other
286075568,4,3,2,TRUE,FALSE,FALSE,1,other
286075588,1,0,1,FALSE,FALSE,TRUE,0,still_orphaned
286075749,2,1,1,TRUE,TRUE,FALSE,0,already_paired
286075791,2,2,1,TRUE,FALSE,FALSE,1,other
286075988,1,2,1,FALSE,FALSE,TRUE,2,still_orphaned
286076084,1,2,1,FALSE,FALSE,TRUE,2,still_orphaned
286076176,1,3,1,FALSE,FALSE,TRUE,3,still_orphaned
286076470,1,1,1,FALSE,TRUE,TRUE,1,completed
286076542,1,2,1,FALSE,FALSE,TRUE,2,still_orphaned
286076574,1,0,1,FALSE,FALSE,TRUE,0,still_orphaned
286076583,5,5,3,FALSE,FALSE,FALSE,3,still_orphaned
286076852,4,3,2,TRUE,FALSE,FALSE,1,other
286077055,4,5,2,TRUE,FALSE,FALSE,3,other
286077182,3,2,2,FALSE,TRUE,FALSE,1,completed
286077226,7,7,4,FALSE,FALSE,FALSE,4,still_orphaned
286077424,2,2,1,TRUE,FALSE,FALSE,1,other
286077462,2,1,1,TRUE,TRUE,FALSE,0,already_paired
286077467,3,3,2,FALSE,FALSE,FALSE,2,still_orphaned
286077522,2,2,1,TRUE,FALSE,FALSE,1,other
286077689,5,5,3,FALSE,FALSE,FALSE,3,still_orphaned
286077699,1,2,1,FALSE,FALSE,TRUE,2,still_orphaned
286077809,2,2,1,TRUE,FALSE,FALSE,1,other
286077811,1,0,1,FALSE,FALSE,TRUE,0,still_orphaned
286077933,5,4,3,FALSE,FALSE,FALSE,2,still_orphaned
286078003,3,4,2,FALSE,FALSE,FALSE,3,still_orphaned
286078077,9,8,5,FALSE,FALSE,FALSE,4,still_orphaned
286078340,5,4,3,FALSE,FALSE,FALSE,2,still_orphaned
286078634,3,4,2,FALSE,FALSE,FALSE,3,still_orphaned
286078829,2,4,1,TRUE,FALSE,FALSE,3,other
286078857,2,3,1,TRUE,FALSE,FALSE,2,other
286078946,1,2,1,FALSE,FALSE,TRUE,2,still_orphaned
286078979,4,5,2,TRUE,FALSE,FALSE,3,other
286079094,1,0,1,FALSE,FALSE,TRUE,0,still_orphaned
286079244,3,2,2,FALSE,TRUE,FALSE,1,completed
286079857,4,5,2,TRUE,FALSE,FALSE,3,other
286079995,1,0,1,FALSE,FALSE,TRUE,0,still_orphaned
286080129,2,3,1,TRUE,FALSE,FALSE,2,other
286080174,6,6,3,TRUE,FALSE,FALSE,3,other
286080201,1,3,1,FALSE,FALSE,TRUE,3,still_orphaned
286080255,2,2,1,TRUE,FALSE,FALSE,1,other
286080256,2,2,1,TRUE,FALSE,FALSE,1,other
286080474,1,0,1,FALSE,FALSE,TRUE,0,still_orphaned
286080619,2,2,1,TRUE,FALSE,FALSE,1,other
286080625,2,3,1,TRUE,FALSE,FALSE,2,other
286081195,2,4,1,TRUE,FALSE,FALSE,3,other
286081285,3,4,2,FALSE,FALSE,FALSE,3,still_orphaned
286081324,2,2,1,TRUE,FALSE,FALSE,1,other
286081418,2,2,1,TRUE,FALSE,FALSE,1,other
286081511,2,2,1,TRUE,FALSE,FALSE,1,other
286081800,3,2,2,FALSE,TRUE,FALSE,1,completed
286081961,4,5,2,TRUE,FALSE,FALSE,3,other
286082146,1,3,1,FALSE,FALSE,TRUE,3,still_orphaned
286082193,5,4,3,FALSE,FALSE,FALSE,2,still_orphaned
286082277,4,4,2,TRUE,FALSE,FALSE,2,other
286082437,3,5,2,FALSE,FALSE,FALSE,4,still_orphaned
286082596,4,3,2,TRUE,FALSE,FALSE,1,other
286082606,5,4,3,FALSE,FALSE,FALSE,2,still_orphaned
286082913,1,3,1,FALSE,FALSE,TRUE,3,still_orphaned
286083101,3,4,2,FALSE,FALSE,FALSE,3,still_orphaned
286083362,2,3,1,TRUE,FALSE,FALSE,2,other
286083396,4,4,2,TRUE,FALSE,FALSE,2,other
286083455,2,4,1,TRUE,FALSE,FALSE,3,other
286083512,1,1,1,FALSE,TRUE,TRUE,1,completed
286083569,3,2,2,FALSE,TRUE,FALSE,1,completed
286083875,3,3,2,FALSE,FALSE,FALSE,2,still_orphaned
286083906,1,0,1,FALSE,FALSE,TRUE,0,still_orphaned
286084198,6,5,3,TRUE,FALSE,FALSE,2,other
286084283,1,2,1,FALSE,FALSE,TRUE,2,still_orphaned
286084561,2,2,1,TRUE,FALSE,FALSE,1,other
286084691,3,2,2,FALSE,TRUE,FALSE,1,completed
286084755,1,0,1,FALSE,FALSE,TRUE,0,still_orphaned
286084861,4,3,2,TRUE,FALSE,FALSE,1,other
286084960,4,5,2,TRUE,FALSE,FALSE,3,other
286085204,2,2,1,TRUE,FALSE,FALSE,1,other
286085407,3,2,2,FALSE,TRUE,FALSE,1,completed
286085459,4,4,2,TRUE,FALSE,FALSE,2,other
286085871,1,0,1,FALSE,FALSE,TRUE,0,still_orphaned
286086026,4,3,2,TRUE,FALSE,FALSE,1,other
286086177,4,4,2,TRUE,FALSE,FALSE,2,other
286086658,2,2,1,TRUE,FALSE,FALSE,1,other
286086850,2,3,1,TRUE,FALSE,FALSE,2,other
286086975,1,2,1,FALSE,FALSE,TRUE,2,still_orphaned
286087095,1,1,1,FALSE,TRUE,TRUE,1,completed
286087396,1,0,1,FALSE,FALSE,TRUE,0,still_orphaned
286087551,3,4,2,FALSE,FALSE,FALSE,3,still_orphaned
286087631,1,2,1,FALSE,FALSE,TRUE,2,still_orphaned
286087822,5,4,3,FALSE,FALSE,FALSE,2,still_orphaned
286087830,1,0,1,FALSE,FALSE,TRUE,0,still_orphaned
286087861,3,2,2,FALSE,TRUE,FALSE,1,completed
286087956,3,2,2,FALSE,TRUE,FALSE,1,completed
286088132,1,2,1,FALSE,FALSE,TRUE,2,still_orphaned
286088217,1,2,1,FALSE,FALSE,TRUE,2,still_orphaned
286088235,2,1,1,TRUE,TRUE,FALSE,0,already_paired
286088688,4,4,2,TRUE,FALSE,FALSE,2,other
286088971,1,0,1,FALSE,FALSE,TRUE,0,still_orphaned
286089392,1,0,1,FALSE,FALSE,TRUE,0,still_orphaned
286089454,3,4,2,FALSE,FALSE,FALSE,3,still_orphaned
286089858,1,1,1,FALSE,TRUE,TRUE,1,completed
286089898,4,6,2,TRUE,FALSE,FALSE,4,other
286089947,1,4,1,FALSE,FALSE,TRUE,4,still_orphaned
286090254,1,2,1,FALSE,FALSE,TRUE,2,still_orphaned
286090525,3,4,2,FALSE,FALSE,FALSE,3,still_orphaned
286090649,3,2,2,FALSE,TRUE,FALSE,1,completed
286090732,1,2,1,FALSE,FALSE,TRUE,2,still_orphaned
286090798,5,5,3,FALSE,FALSE,FALSE,3,still_orphaned
286090885,4,3,2,TRUE,FALSE,FALSE,1,other
286091001,3,5,2,FALSE,FALSE,FALSE,4,still_orphaned
286091163,2,2,1,TRUE,FALSE,FALSE,1,other
286091288,2,2,1,TRUE,FALSE,FALSE,1,other
286091438,1,0,1,FALSE,FALSE,TRUE,0,still_orphaned
286091473,3,4,2,FALSE,FALSE,FALSE,3,still_orphaned
286091513,2,2,1,TRUE,FALSE,FALSE,1,other
286091577,2,2,1,TRUE,FALSE,FALSE,1,other
286091593,5,3,3,FALSE,TRUE,FALSE,1,completed
286091631,3,6,2,FALSE,FALSE,FALSE,5,still_orphaned
286091648,2,2,1,TRUE,FALSE,FALSE,1,other
286092072,2,1,1,TRUE,TRUE,FALSE,0,already_paired
286092266,2,2,1,TRUE,FALSE,FALSE,1,other
286092487,1,1,1,FALSE,TRUE,TRUE,1,completed
286093069,2,2,1,TRUE,FALSE,FALSE,1,other
286093156,4,4,2,TRUE,FALSE,FALSE,2,other
286093407,1,2,1,FALSE,FALSE,TRUE,2,still_orphaned
286093443,1,2,1,FALSE,FALSE,TRUE,2,still_orphaned
286093485,3,4,2,FALSE,FALSE,FALSE,3,still_orphaned
286093678,1,2,1,FALSE,FALSE,TRUE,2,still_orphaned
286093909,3,3,2,FALSE,FALSE,FALSE,2,still_orphaned
286093924,3,5,2,FALSE,FALSE,FALSE,4,still_orphaned
286094207,2,3,1,TRUE,FALSE,FALSE,2,other
286094308,1,3,1,FALSE,FALSE,TRUE,3,still_orphaned
286094365,3,6,2,FALSE,FALSE,FALSE,5,still_orphaned
286094468,2,2,1,TRUE,FALSE,FALSE,1,other
286094756,2,1,1,TRUE,TRUE,FALSE,0,already_paired
286095070,2,2,1,TRUE,FALSE,FALSE,1,other
286095378,2,2,1,TRUE,FALSE,FALSE,1,other
286095604,2,2,1,TRUE,FALSE,FALSE,1,other
286095757,1,4,1,FALSE,FALSE,TRUE,4,still_orphaned
286095847,1,2,1,FALSE,FALSE,TRUE,2,still_orphaned
286095857,1,0,1,FALSE,FALSE,TRUE,0,still_orphaned
286095877,2,2,1,TRUE,FALSE,FALSE,1,other
286096006,2,3,1,TRUE,FALSE,FALSE,2,other
286096061,4,3,2,TRUE,FALSE,FALSE,1,other
286096131,2,2,1,TRUE,FALSE,FALSE,1,other
286096744,2,1,1,TRUE,TRUE,FALSE,0,already_paired
286096813,4,4,2,TRUE,FALSE,FALSE,2,other
286097034,1,2,1,FALSE,FALSE,TRUE,2,still_orphaned
286097224,3,4,2,FALSE,FALSE,FALSE,3,still_orphaned
286097234,3,2,2,FALSE,TRUE,FALSE,1,completed
286097382,2,1,1,TRUE,TRUE,FALSE,0,already_paired
286097497,2,3,1,TRUE,FALSE,FALSE,2,other
286097512,1,2,1,FALSE,FALSE,TRUE,2,still_orphaned
286097600,4,2,2,TRUE,TRUE,FALSE,0,already_paired
286097638,4,4,2,TRUE,FALSE,FALSE,2,other
286097681,4,4,2,TRUE,FALSE,FALSE,2,other
286097754,1,0,1,FALSE,FALSE,TRUE,0,still_orphaned
286097806,2,2,1,TRUE,FALSE,FALSE,1,other
286097959,2,1,1,TRUE,TRUE,FALSE,0,already_paired
286098157,2,2,1,TRUE,FALSE,FALSE,1,other
286098407,5,4,3,FALSE,FALSE,FALSE,2,still_orphaned
286098570,5,3,3,FALSE,TRUE,FALSE,1,completed
286098594,2,2,1,TRUE,FALSE,FALSE,1,other
286098767,4,5,2,TRUE,FALSE,FALSE,3,other
286098841,3,4,2,FALSE,FALSE,FALSE,3,still_orphaned
286099022,2,1,1,TRUE,TRUE,FALSE,0,already_paired
286099099,2,2,1,TRUE,FALSE,FALSE,1,other
286099162,2,3,1,TRUE,FALSE,FALSE,2,other
286099413,2,2,1,TRUE,FALSE,FALSE,1,other
286099448,4,4,2,TRUE,FALSE,FALSE,2,other
286099459,2,2,1,TRUE,FALSE,FALSE,1,other
286099573,1,0,1,FALSE,FALSE,TRUE,0,still_orphaned
286100001,2,2,1,TRUE,FALSE,FALSE,1,other
286100048,2,2,1,TRUE,FALSE,FALSE,1,other
286100117,3,3,2,FALSE,FALSE,FALSE,2,still_orphaned
286100212,4,4,2,TRUE,FALSE,FALSE,2,other
286100732,3,4,2,FALSE,FALSE,FALSE,3,still_orphaned
286100755,1,0,1,FALSE,FALSE,TRUE,0,still_orphaned
286100839,3,2,2,FALSE,TRUE,FALSE,1,completed
286100874,4,4,2,TRUE,FALSE,FALSE,2,other
286101068,2,3,1,TRUE,FALSE,FALSE,2,other
286101223,1,0,1,FALSE,FALSE,TRUE,0,still_orphaned
286101260,4,5,2,TRUE,FALSE,FALSE,3,other
286101484,3,3,2,FALSE,FALSE,FALSE,2,still_orphaned
286101516,4,3,2,TRUE,FALSE,FALSE,1,other
286101657,2,2,1,TRUE,FALSE,FALSE,1,other
286101839,2,2,1,TRUE,FALSE,FALSE,1,other
286102030,5,5,3,FALSE,FALSE,FALSE,3,still_orphaned
286102048,1,2,1,FALSE,FALSE,TRUE,2,still_orphaned
286102278,4,3,2,TRUE,FALSE,FALSE,1,other
286102388,2,5,1,TRUE,FALSE,FALSE,4,other
286102731,2,2,1,TRUE,FALSE,FALSE,1,other
286102892,2,1,1,TRUE,TRUE,FALSE,0,already_paired
286103018,2,2,1,TRUE,FALSE,FALSE,1,other
286103136,3,1,2,FALSE,FALSE,FALSE,0,still_orphaned
286103208,1,2,1,FALSE,FALSE,TRUE,2,still_orphaned
286103231,1,2,1,FALSE,FALSE,TRUE,2,still_orphaned
286103366,1,3,1,FALSE,FALSE,TRUE,3,still_orphaned
286103374,3,5,2,FALSE,FALSE,FALSE,4,still_orphaned
286103614,6,5,3,TRUE,FALSE,FALSE,2,other
286103908,1,3,1,FALSE,FALSE,TRUE,3,still_orphaned
286104300,1,2,1,FALSE,FALSE,TRUE,2,still_orphaned
286104713,5,3,3,FALSE,TRUE,FALSE,1,completed
286110229,2,2,1,TRUE,FALSE,FALSE,1,other
286110447,1,2,1,FALSE,FALSE,TRUE,2,still_orphaned
286110675,2,2,1,TRUE,FALSE,FALSE,1,other
286110714,5,3,3,FALSE,TRUE,FALSE,1,completed
286111154,2,2,1,TRUE,FALSE,FALSE,1,other
286111186,2,3,1,TRUE,FALSE,FALSE,2,other
286111639,2,3,1,TRUE,FALSE,FALSE,2,other
286111760,4,3,2,TRUE,FALSE,FALSE,1,other
286112054,5,5,3,FALSE,FALSE,FALSE,3,still_orphaned
286112139,1,0,1,FALSE,FALSE,TRUE,0,still_orphaned
286112277,2,2,1,TRUE,FALSE,FALSE,1,other
286112364,3,2,2,FALSE,TRUE,FALSE,1,completed
286112378,1,0,1,FALSE,FALSE,TRUE,0,still_orphaned
286112464,2,2,1,TRUE,FALSE,FALSE,1,other
286112513,1,3,1,FALSE,FALSE,TRUE,3,still_orphaned
286112570,3,4,2,FALSE,FALSE,FALSE,3,still_orphaned
286112826,3,3,2,FALSE,FALSE,FALSE,2,still_orphaned
286112886,3,2,2,FALSE,TRUE,FALSE,1,completed
286112894,3,3,2,FALSE,FALSE,FALSE,2,still_orphaned
286112984,2,3,1,TRUE,FALSE,FALSE,2,other
286113083,1,0,1,FALSE,FALSE,TRUE,0,still_orphaned
286113087,3,1,2,FALSE,FALSE,FALSE,0,still_orphaned
286113223,4,3,2,TRUE,FALSE,FALSE,1,other
286113400,5,6,3,FALSE,FALSE,FALSE,4,still_orphaned
286113467,3,2,2,FALSE,TRUE,FALSE,1,completed
286113565,4,3,2,TRUE,FALSE,FALSE,1,other
286113836,4,3,2,TRUE,FALSE,FALSE,1,other
286114069,3,1,2,FALSE,FALSE,FALSE,0,still_orphaned
286114101,4,5,2,TRUE,FALSE,FALSE,3,other
286114133,1,0,1,FALSE,FALSE,TRUE,0,still_orphaned
286114268,3,2,2,FALSE,TRUE,FALSE,1,completed
286114392,2,2,1,TRUE,FALSE,FALSE,1,other
286114434,4,4,2,TRUE,FALSE,FALSE,2,other
286114436,4,6,2,TRUE,FALSE,FALSE,4,other
286114670,5,3,3,FALSE,TRUE,FALSE,1,completed
286114684,3,2,2,FALSE,TRUE,FALSE,1,completed
286114751,3,1,2,FALSE,FALSE,FALSE,0,still_orphaned
286114903,3,1,2,FALSE,FALSE,FALSE,0,still_orphaned
286115119,4,6,2,TRUE,FALSE,FALSE,4,other
286115259,2,2,1,TRUE,FALSE,FALSE,1,other
286115323,2,2,1,TRUE,FALSE,FALSE,1,other
286115324,5,7,3,FALSE,FALSE,FALSE,5,still_orphaned
286115831,2,2,1,TRUE,FALSE,FALSE,1,other
286115841,1,0,1,FALSE,FALSE,TRUE,0,still_orphaned
286115844,5,5,3,FALSE,FALSE,FALSE,3,still_orphaned
286115977,3,5,2,FALSE,FALSE,FALSE,4,still_orphaned
286116094,3,4,2,FALSE,FALSE,FALSE,3,still_orphaned
286116369,1,2,1,FALSE,FALSE,TRUE,2,still_orphaned
286116736,3,2,2,FALSE,TRUE,FALSE,1,completed
286116741,5,5,3,FALSE,FALSE,FALSE,3,still_orphaned
286116853,2,3,1,TRUE,FALSE,FALSE,2,other
286117047,2,2,1,TRUE,FALSE,FALSE,1,other
286117350,2,1,1,TRUE,TRUE,FALSE,0,already_paired
286117351,6,5,3,TRUE,FALSE,FALSE,2,other
286117404,3,6,2,FALSE,FALSE,FALSE,5,still_orphaned
286117805,6,3,3,TRUE,TRUE,FALSE,0,already_paired
286117895,1,2,1,FALSE,FALSE,TRUE,2,still_orphaned
286117975,1,3,1,FALSE,FALSE,TRUE,3,still_orphaned
286118025,4,3,2,TRUE,FALSE,FALSE,1,other
286118218,3,5,2,FALSE,FALSE,FALSE,4,still_orphaned
286118236,10,10,5,TRUE,FALSE,FALSE,5,other
286118262,6,5,3,TRUE,FALSE,FALSE,2,other
286118346,3,2,2,FALSE,TRUE,FALSE,1,completed
286118447,1,0,1,FALSE,FALSE,TRUE,0,still_orphaned
286118594,4,3,2,TRUE,FALSE,FALSE,1,other
286118596,5,2,3,FALSE,FALSE,FALSE,0,still_orphaned
286118867,4,3,2,TRUE,FALSE,FALSE,1,other
286118945,1,0,1,FALSE,FALSE,TRUE,0,still_orphaned
286119079,3,4,2,FALSE,FALSE,FALSE,3,still_orphaned
286119169,6,6,3,TRUE,FALSE,FALSE,3,other
286119265,5,3,3,FALSE,TRUE,FALSE,1,completed
286119274,8,7,4,TRUE,FALSE,FALSE,3,other
286119445,2,1,1,TRUE,TRUE,FALSE,0,already_paired
286119546,4,4,2,TRUE,FALSE,FALSE,2,other
286119770,4,3,2,TRUE,FALSE,FALSE,1,other
286119799,5,3,3,FALSE,TRUE,FALSE,1,completed
286120021,4,4,2,TRUE,FALSE,FALSE,2,other
286120259,2,1,1,TRUE,TRUE,FALSE,0,already_paired
286120305,1,0,1,FALSE,FALSE,TRUE,0,still_orphaned
286120328,2,2,1,TRUE,FALSE,FALSE,1,other
286120363,1,0,1,FALSE,FALSE,TRUE,0,still_orphaned
286120589,1,2,1,FALSE,FALSE,TRUE,2,still_orphaned
286120793,4,6,2,TRUE,FALSE,FALSE,4,other
286121017,5,4,3,FALSE,FALSE,FALSE,2,still_orphaned
286121026,3,5,2,FALSE,FALSE,FALSE,4,still_orphaned
286121256,4,4,2,TRUE,FALSE,FALSE,2,other
286121443,2,3,1,TRUE,FALSE,FALSE,2,other
286121459,2,2,1,TRUE,FALSE,FALSE,1,other
286122177,2,4,1,TRUE,FALSE,FALSE,3,other
286122206,6,4,3,TRUE,FALSE,FALSE,1,other
286122345,3,2,2,FALSE,TRUE,FALSE,1,completed
286122372,2,1,1,TRUE,TRUE,FALSE,0,already_paired
286122558,2,2,1,TRUE,FALSE,FALSE,1,other
286122818,3,3,2,FALSE,FALSE,FALSE,2,still_orphaned
286122878,2,3,1,TRUE,FALSE,FALSE,2,other
286122971,3,4,2,FALSE,FALSE,FALSE,3,still_orphaned
286123242,6,7,3,TRUE,FALSE,FALSE,4,other
286123627,3,2,2,FALSE,TRUE,FALSE,1,completed
286123630,4,4,2,TRUE,FALSE,FALSE,2,other
286123821,2,4,1,TRUE,FALSE,FALSE,3,other
286123983,2,3,1,TRUE,FALSE,FALSE,2,other
286124243,1,2,1,FALSE,FALSE,TRUE,2,still_orphaned
286124245,1,2,1,FALSE,FALSE,TRUE,2,still_orphaned
286124260,2,1,1,TRUE,TRUE,FALSE,0,already_paired
286124261,2,4,1,TRUE,FALSE,FALSE,3,other
286124578,4,3,2,TRUE,FALSE,FALSE,1,other
286125023,2,2,1,TRUE,FALSE,FALSE,1,other
286125310,2,1,1,TRUE,TRUE,FALSE,0,already_paired
286125314,4,6,2,TRUE,FALSE,FALSE,4,other
286125378,4,5,2,TRUE,FALSE,FALSE,3,other
286125458,7,4,4,FALSE,TRUE,FALSE,1,completed
286125807,4,7,2,TRUE,FALSE,FALSE,5,other
286126043,5,3,3,FALSE,TRUE,FALSE,1,completed
286126183,3,3,2,FALSE,FALSE,FALSE,2,still_orphaned
286126411,5,5,3,FALSE,FALSE,FALSE,3,still_orphaned
286126527,3,3,2,FALSE,FALSE,FALSE,2,still_orphaned
286126719,1,0,1,FALSE,FALSE,TRUE,0,still_orphaned
286126936,3,2,2,FALSE,TRUE,FALSE,1,completed
286127102,1,0,1,FALSE,FALSE,TRUE,0,still_orphaned
286127393,5,6,3,FALSE,FALSE,FALSE,4,still_orphaned
286127632,3,5,2,FALSE,FALSE,FALSE,4,still_orphaned
286127714,3,2,2,FALSE,TRUE,FALSE,1,completed
286127777,3,2,2,FALSE,TRUE,FALSE,1,completed
286127815,2,2,1,TRUE,FALSE,FALSE,1,other
286127905,2,4,1,TRUE,FALSE,FALSE,3,other
286128001,1,2,1,FALSE,FALSE,TRUE,2,still_orphaned
286128231,1,3,1,FALSE,FALSE,TRUE,3,still_orphaned
286128364,4,4,2,TRUE,FALSE,FALSE,2,other
286128480,2,1,1,TRUE,TRUE,FALSE,0,already_paired
286128554,2,2,1,TRUE,FALSE,FALSE,1,other
286128556,3,3,2,FALSE,FALSE,FALSE,2,still_orphaned
286128665,3,2,2,FALSE,TRUE,FALSE,1,completed
286128735,4,5,2,TRUE,FALSE,FALSE,3,other
286128802,4,6,2,TRUE,FALSE,FALSE,4,other
286128957,3,1,2,FALSE,FALSE,FALSE,0,still_orphaned
286129049,1,3,1,FALSE,FALSE,TRUE,3,still_orphaned
286129091,3,3,2,FALSE,FALSE,FALSE,2,still_orphaned
286129198,2,2,1,TRUE,FALSE,FALSE,1,other
286129816,6,4,3,TRUE,FALSE,FALSE,1,other
286129850,4,5,2,TRUE,FALSE,FALSE,3,other
286130154,4,4,2,TRUE,FALSE,FALSE,2,other
286130426,3,4,2,FALSE,FALSE,FALSE,3,still_orphaned
286130561,3,3,2,FALSE,FALSE,FALSE,2,still_orphaned
286130640,2,1,1,TRUE,TRUE,FALSE,0,already_paired
286130653,2,2,1,TRUE,FALSE,FALSE,1,other
286130688,4,4,2,TRUE,FALSE,FALSE,2,other
286130885,5,5,3,FALSE,FALSE,FALSE,3,still_orphaned
286131017,1,0,1,FALSE,FALSE,TRUE,0,still_orphaned
286131098,3,4,2,FALSE,FALSE,FALSE,3,still_orphaned
286131504,4,3,2,TRUE,FALSE,FALSE,1,other
286131672,1,2,1,FALSE,FALSE,TRUE,2,still_orphaned
286131691,3,3,2,FALSE,FALSE,FALSE,2,still_orphaned
286131857,3,4,2,FALSE,FALSE,FALSE,3,still_orphaned
286131888,3,5,2,FALSE,FALSE,FALSE,4,still_orphaned
286132475,1,4,1,FALSE,FALSE,TRUE,4,still_orphaned
286132607,4,3,2,TRUE,FALSE,FALSE,1,other
286132697,2,3,1,TRUE,FALSE,FALSE,2,other
286132817,5,5,3,FALSE,FALSE,FALSE,3,still_orphaned
286132905,2,3,1,TRUE,FALSE,FALSE,2,other
286132962,2,1,1,TRUE,TRUE,FALSE,0,already_paired
286132972,5,7,3,FALSE,FALSE,FALSE,5,still_orphaned
286133046,2,3,1,TRUE,FALSE,FALSE,2,other
286133146,3,1,2,FALSE,FALSE,FALSE,0,still_orphaned
286133354,4,3,2,TRUE,FALSE,FALSE,1,other
286133671,4,2,2,TRUE,TRUE,FALSE,0,already_paired
286133785,2,2,1,TRUE,FALSE,FALSE,1,other
286133877,1,0,1,FALSE,FALSE,TRUE,0,still_orphaned
286134047,3,4,2,FALSE,FALSE,FALSE,3,still_orphaned
286134060,2,2,1,TRUE,FALSE,FALSE,1,other
286134129,2,2,1,TRUE,FALSE,FALSE,1,other
286134285,2,2,1,TRUE,FALSE,FALSE,1,other
286134436,3,2,2,FALSE,TRUE,FALSE,1,completed
286134464,3,2,2,FALSE,TRUE,FALSE,1,completed
286134504,3,3,2,FALSE,FALSE,FALSE,2,still_orphaned
286134654,6,7,3,TRUE,FALSE,FALSE,4,other
286134716,2,1,1,TRUE,TRUE,FALSE,0,already_paired
286135080,2,2,1,TRUE,FALSE,FALSE,1,other
286135158,4,3,2,TRUE,FALSE,FALSE,1,other
286135244,2,3,1,TRUE,FALSE,FALSE,2,other
286135245,2,2,1,TRUE,FALSE,FALSE,1,other
286135454,4,4,2,TRUE,FALSE,FALSE,2,other
286135465,3,3,2,FALSE,FALSE,FALSE,2,still_orphaned
286135560,4,3,2,TRUE,FALSE,FALSE,1,other
286135726,5,5,3,FALSE,FALSE,FALSE,3,still_orphaned
286135737,4,5,2,TRUE,FALSE,FALSE,3,other
286135808,5,5,3,FALSE,FALSE,FALSE,3,still_orphaned
286135876,1,2,1,FALSE,FALSE,TRUE,2,still_orphaned
286135887,6,7,3,TRUE,FALSE,FALSE,4,other
286135904,3,4,2,FALSE,FALSE,FALSE,3,still_orphaned
286135978,4,3,2,TRUE,FALSE,FALSE,1,other
286136086,4,4,2,TRUE,FALSE,FALSE,2,other
286136272,4,5,2,TRUE,FALSE,FALSE,3,other
286136588,2,2,1,TRUE,FALSE,FALSE,1,other
286136642,1,2,1,FALSE,FALSE,TRUE,2,still_orphaned
286136666,2,2,1,TRUE,FALSE,FALSE,1,other
286136930,6,5,3,TRUE,FALSE,FALSE,2,other
286137004,5,4,3,FALSE,FALSE,FALSE,2,still_orphaned
286137038,1,0,1,FALSE,FALSE,TRUE,0,still_orphaned
286137247,2,3,1,TRUE,FALSE,FALSE,2,other
286137863,3,2,2,FALSE,TRUE,FALSE,1,completed
286137900,1,0,1,FALSE,FALSE,TRUE,0,still_orphaned
286138103,6,7,3,TRUE,FALSE,FALSE,4,other
286138244,3,2,2,FALSE,TRUE,FALSE,1,completed
286138315,6,6,3,TRUE,FALSE,FALSE,3,other
286138578,1,0,1,FALSE,FALSE,TRUE,0,still_orphaned
286138610,1,2,1,FALSE,FALSE,TRUE,2,still_orphaned
286138736,2,3,1,TRUE,FALSE,FALSE,2,other
286139041,6,4,3,TRUE,FALSE,FALSE,1,other
286139070,1,0,1,FALSE,FALSE,TRUE,0,still_orphaned
286139420,2,4,1,TRUE,FALSE,FALSE,3,other
286139789,1,2,1,FALSE,FALSE,TRUE,2,still_orphaned
286139793,2,2,1,TRUE,FALSE,FALSE,1,other
286139823,2,2,1,TRUE,FALSE,FALSE,1,other
286139925,3,5,2,FALSE,FALSE,FALSE,4,still_orphaned
286139946,2,2,1,TRUE,FALSE,FALSE,1,other
286140144,3,3,2,FALSE,FALSE,FALSE,2,still_orphaned
286140240,5,5,3,FALSE,FALSE,FALSE,3,still_orphaned
286140291,1,0,1,FALSE,FALSE,TRUE,0,still_orphaned
286140499,3,2,2,FALSE,TRUE,FALSE,1,completed
286140651,6,4,3,TRUE,FALSE,FALSE,1,other
286140674,1,3,1,FALSE,FALSE,TRUE,3,still_orphaned
286140723,2,3,1,TRUE,FALSE,FALSE,2,other
286140727,2,3,1,TRUE,FALSE,FALSE,2,other
286141247,1,0,1,FALSE,FALSE,TRUE,0,still_orphaned
286141742,2,2,1,TRUE,FALSE,FALSE,1,other
286166061,1,0,1,FALSE,FALSE,TRUE,0,still_orphaned
286166956,5,3,3,FALSE,TRUE,FALSE,1,completed
286167443,2,3,1,TRUE,FALSE,FALSE,2,other
286167556,3,3,2,FALSE,FALSE,FALSE,2,still_orphaned
286167853,3,1,2,FALSE,FALSE,FALSE,0,still_orphaned
286167955,1,2,1,FALSE,FALSE,TRUE,2,still_orphaned
286168192,2,2,1,TRUE,FALSE,FALSE,1,other
286168445,2,1,1,TRUE,TRUE,FALSE,0,already_paired
286168541,1,2,1,FALSE,FALSE,TRUE,2,still_orphaned
286168831,3,3,2,FALSE,FALSE,FALSE,2,still_orphaned
286168836,2,2,1,TRUE,FALSE,FALSE,1,other
286168973,1,0,1,FALSE,FALSE,TRUE,0,still_orphaned
286169126,2,4,1,TRUE,FALSE,FALSE,3,other
286169243,7,5,4,FALSE,FALSE,FALSE,2,still_orphaned
286169259,1,0,1,FALSE,FALSE,TRUE,0,still_orphaned
286169358,2,1,1,TRUE,TRUE,FALSE,0,already_paired
286169600,1,2,1,FALSE,FALSE,TRUE,2,still_orphaned
286169660,2,2,1,TRUE,FALSE,FALSE,1,other
286169680,4,3,2,TRUE,FALSE,FALSE,1,other
286169787,3,3,2,FALSE,FALSE,FALSE,2,still_orphaned
286169877,1,2,1,FALSE,FALSE,TRUE,2,still_orphaned
286169919,1,2,1,FALSE,FALSE,TRUE,2,still_orphaned
286169951,2,3,1,TRUE,FALSE,FALSE,2,other
286170093,4,5,2,TRUE,FALSE,FALSE,3,other
286170164,5,2,3,FALSE,FALSE,FALSE,0,still_orphaned
286170191,1,0,1,FALSE,FALSE,TRUE,0,still_orphaned
286170218,4,3,2,TRUE,FALSE,FALSE,1,other
286170219,3,3,2,FALSE,FALSE,FALSE,2,still_orphaned
286170574,5,6,3,FALSE,FALSE,FALSE,4,still_orphaned
286170679,4,3,2,TRUE,FALSE,FALSE,1,other
286170885,6,7,3,TRUE,FALSE,FALSE,4,other
286171009,3,1,2,FALSE,FALSE,FALSE,0,still_orphaned
286171034,1,2,1,FALSE,FALSE,TRUE,2,still_orphaned
286171129,3,2,2,FALSE,TRUE,FALSE,1,completed
286171180,4,3,2,TRUE,FALSE,FALSE,1,other
286171460,8,8,4,TRUE,FALSE,FALSE,4,other
286171477,2,3,1,TRUE,FALSE,FALSE,2,other
286171483,6,3,3,TRUE,TRUE,FALSE,0,already_paired
286171557,3,2,2,FALSE,TRUE,FALSE,1,completed
286171694,2,3,1,TRUE,FALSE,FALSE,2,other
286171801,4,4,2,TRUE,FALSE,FALSE,2,other
286171936,1,3,1,FALSE,FALSE,TRUE,3,still_orphaned
286172096,3,2,2,FALSE,TRUE,FALSE,1,completed
286172472,3,2,2,FALSE,TRUE,FALSE,1,completed
286172614,2,1,1,TRUE,TRUE,FALSE,0,already_paired
286172914,3,2,2,FALSE,TRUE,FALSE,1,completed
286172938,3,2,2,FALSE,TRUE,FALSE,1,completed
286173078,3,3,2,FALSE,FALSE,FALSE,2,still_orphaned
286173184,4,4,2,TRUE,FALSE,FALSE,2,other
286173479,1,0,1,FALSE,FALSE,TRUE,0,still_orphaned
286173583,1,3,1,FALSE,FALSE,TRUE,3,still_orphaned
286173588,2,2,1,TRUE,FALSE,FALSE,1,other
286173686,2,2,1,TRUE,FALSE,FALSE,1,other
286173982,2,3,1,TRUE,FALSE,FALSE,2,other
286174093,2,3,1,TRUE,FALSE,FALSE,2,other
286174545,3,5,2,FALSE,FALSE,FALSE,4,still_orphaned
286174647,2,2,1,TRUE,FALSE,FALSE,1,other
286174929,5,3,3,FALSE,TRUE,FALSE,1,completed
286175094,2,1,1,TRUE,TRUE,FALSE,0,already_paired
286175096,2,3,1,TRUE,FALSE,FALSE,2,other
286175252,4,3,2,TRUE,FALSE,FALSE,1,other
286175256,2,1,1,TRUE,TRUE,FALSE,0,already_paired
286175410,2,3,1,TRUE,FALSE,FALSE,2,other
286175465,2,4,1,TRUE,FALSE,FALSE,3,other
286175678,3,2,2,FALSE,TRUE,FALSE,1,completed
286175886,4,3,2,TRUE,FALSE,FALSE,1,other
286176017,4,3,2,TRUE,FALSE,FALSE,1,other
286176105,3,2,2,FALSE,TRUE,FALSE,1,completed
286176235,3,4,2,FALSE,FALSE,FALSE,3,still_orphaned
286176345,5,4,3,FALSE,FALSE,FALSE,2,still_orphaned
286176478,4,5,2,TRUE,FALSE,FALSE,3,other
286176550,6,6,3,TRUE,FALSE,FALSE,3,other
286176651,7,5,4,FALSE,FALSE,FALSE,2,still_orphaned
286176768,1,1,1,FALSE,TRUE,TRUE,1,completed
286176902,2,1,1,TRUE,TRUE,FALSE,0,already_paired
286177077,2,3,1,TRUE,FALSE,FALSE,2,other
286177100,1,3,1,FALSE,FALSE,TRUE,3,still_orphaned
286177208,1,4,1,FALSE,FALSE,TRUE,4,still_orphaned
286177274,4,3,2,TRUE,FALSE,FALSE,1,other
286177669,3,2,2,FALSE,TRUE,FALSE,1,completed
286177779,3,5,2,FALSE,FALSE,FALSE,4,still_orphaned
286177981,4,4,2,TRUE,FALSE,FALSE,2,other
286178313,3,2,2,FALSE,TRUE,FALSE,1,completed
286178426,3,4,2,FALSE,FALSE,FALSE,3,still_orphaned
286178768,1,3,1,FALSE,FALSE,TRUE,3,still_orphaned
286178824,4,3,2,TRUE,FALSE,FALSE,1,other
286178922,2,1,1,TRUE,TRUE,FALSE,0,already_paired
286178969,4,3,2,TRUE,FALSE,FALSE,1,other
286179111,4,4,2,TRUE,FALSE,FALSE,2,other
286179324,4,3,2,TRUE,FALSE,FALSE,1,other
286179356,3,3,2,FALSE,FALSE,FALSE,2,still_orphaned
286179741,2,2,1,TRUE,FALSE,FALSE,1,other
286179902,1,2,1,FALSE,FALSE,TRUE,2,still_orphaned
286180104,3,2,2,FALSE,TRUE,FALSE,1,completed
286180160,4,5,2,TRUE,FALSE,FALSE,3,other
286180332,4,4,2,TRUE,FALSE,FALSE,2,other
286181057,2,3,1,TRUE,FALSE,FALSE,2,other
286181119,2,3,1,TRUE,FALSE,FALSE,2,other
286181138,2,2,1,TRUE,FALSE,FALSE,1,other
286181545,6,5,3,TRUE,FALSE,FALSE,2,other
286181794,5,6,3,FALSE,FALSE,FALSE,4,still_orphaned
286181819,2,2,1,TRUE,FALSE,FALSE,1,other
286181824,2,1,1,TRUE,TRUE,FALSE,0,already_paired
286181932,1,0,1,FALSE,FALSE,TRUE,0,still_orphaned
286182096,3,5,2,FALSE,FALSE,FALSE,4,still_orphaned
286182122,3,2,2,FALSE,TRUE,FALSE,1,completed
286182146,2,2,1,TRUE,FALSE,FALSE,1,other
286182550,5,3,3,FALSE,TRUE,FALSE,1,completed
286182613,2,2,1,TRUE,FALSE,FALSE,1,other
286182850,4,2,2,TRUE,TRUE,FALSE,0,already_paired
286183027,2,2,1,TRUE,FALSE,FALSE,1,other
286183078,3,3,2,FALSE,FALSE,FALSE,2,still_orphaned
286183083,4,3,2,TRUE,FALSE,FALSE,1,other
286183281,1,2,1,FALSE,FALSE,TRUE,2,still_orphaned
286183326,1,2,1,FALSE,FALSE,TRUE,2,still_orphaned
286183331,3,3,2,FALSE,FALSE,FALSE,2,still_orphaned
286183759,2,1,1,TRUE,TRUE,FALSE,0,already_paired
286183952,3,4,2,FALSE,FALSE,FALSE,3,still_orphaned
286184300,4,3,2,TRUE,FALSE,FALSE,1,other
286184679,4,3,2,TRUE,FALSE,FALSE,1,other
286184759,2,1,1,TRUE,TRUE,FALSE,0,already_paired
286184771,3,2,2,FALSE,TRUE,FALSE,1,completed
286184884,3,2,2,FALSE,TRUE,FALSE,1,completed
286184885,3,4,2,FALSE,FALSE,FALSE,3,still_orphaned
286185147,3,4,2,FALSE,FALSE,FALSE,3,still_orphaned
286185344,4,4,2,TRUE,FALSE,FALSE,2,other
286185603,3,2,2,FALSE,TRUE,FALSE,1,completed
286185714,1,2,1,FALSE,FALSE,TRUE,2,still_orphaned
286185724,1,0,1,FALSE,FALSE,TRUE,0,still_orphaned
286185767,5,3,3,FALSE,TRUE,FALSE,1,completed
286185923,5,7,3,FALSE,FALSE,FALSE,5,still_orphaned
286186079,3,2,2,FALSE,TRUE,FALSE,1,completed
286186181,1,2,1,FALSE,FALSE,TRUE,2,still_orphaned
286186399,7,4,4,FALSE,TRUE,FALSE,1,completed
286187063,1,2,1,FALSE,FALSE,TRUE,2,still_orphaned
286187082,7,5,4,FALSE,FALSE,FALSE,2,still_orphaned
286187195,5,4,3,FALSE,FALSE,FALSE,2,still_orphaned
286187280,3,3,2,FALSE,FALSE,FALSE,2,still_orphaned
286187546,3,4,2,FALSE,FALSE,FALSE,3,still_orphaned
286187590,3,2,2,FALSE,TRUE,FALSE,1,completed
286187642,3,2,2,FALSE,TRUE,FALSE,1,completed
286187668,2,1,1,TRUE,TRUE,FALSE,0,already_paired
286187916,7,6,4,FALSE,FALSE,FALSE,3,still_orphaned
286188040,3,3,2,FALSE,FALSE,FALSE,2,still_orphaned
286188041,1,2,1,FALSE,FALSE,TRUE,2,still_orphaned
286188061,3,1,2,FALSE,FALSE,FALSE,0,still_orphaned
286188252,1,3,1,FALSE,FALSE,TRUE,3,still_orphaned
286188308,6,5,3,TRUE,FALSE,FALSE,2,other
286188501,7,6,4,FALSE,FALSE,FALSE,3,still_orphaned
286188531,3,3,2,FALSE,FALSE,FALSE,2,still_orphaned
286188545,2,3,1,TRUE,FALSE,FALSE,2,other
286188749,2,2,1,TRUE,FALSE,FALSE,1,other
286188791,5,3,3,FALSE,TRUE,FALSE,1,completed
286188862,1,3,1,FALSE,FALSE,TRUE,3,still_orphaned
286189327,5,3,3,FALSE,TRUE,FALSE,1,completed
286189461,3,3,2,FALSE,FALSE,FALSE,2,still_orphaned
286189604,3,1,2,FALSE,FALSE,FALSE,0,still_orphaned
286189865,6,6,3,TRUE,FALSE,FALSE,3,other
286189960,1,0,1,FALSE,FALSE,TRUE,0,still_orphaned
286190163,4,3,2,TRUE,FALSE,FALSE,1,other
286190190,7,5,4,FALSE,FALSE,FALSE,2,still_orphaned
286190272,2,4,1,TRUE,FALSE,FALSE,3,other
286190337,5,5,3,FALSE,FALSE,FALSE,3,still_orphaned
286190481,3,5,2,FALSE,FALSE,FALSE,4,still_orphaned
286190485,2,1,1,TRUE,TRUE,FALSE,0,already_paired
286190882,3,2,2,FALSE,TRUE,FALSE,1,completed
286191037,3,1,2,FALSE,FALSE,FALSE,0,still_orphaned
286191060,3,2,2,FALSE,TRUE,FALSE,1,completed
286191329,4,4,2,TRUE,FALSE,FALSE,2,other
286191421,2,2,1,TRUE,FALSE,FALSE,1,other
286191592,3,3,2,FALSE,FALSE,FALSE,2,still_orphaned
286191600,5,5,3,FALSE,FALSE,FALSE,3,still_orphaned
286191716,1,2,1,FALSE,FALSE,TRUE,2,still_orphaned
286191721,3,5,2,FALSE,FALSE,FALSE,4,still_orphaned
286191742,3,4,2,FALSE,FALSE,FALSE,3,still_orphaned
286191794,3,2,2,FALSE,TRUE,FALSE,1,completed
286191816,1,0,1,FALSE,FALSE,TRUE,0,still_orphaned
286191890,1,3,1,FALSE,FALSE,TRUE,3,still_orphaned
286192237,4,3,2,TRUE,FALSE,FALSE,1,other
286192287,2,3,1,TRUE,FALSE,FALSE,2,other
286192487,3,3,2,FALSE,FALSE,FALSE,2,still_orphaned
286192594,3,2,2,FALSE,TRUE,FALSE,1,completed
286192624,5,2,3,FALSE,FALSE,FALSE,0,still_orphaned
286192676,3,3,2,FALSE,FALSE,FALSE,2,still_orphaned
286192973,3,4,2,FALSE,FALSE,FALSE,3,still_orphaned
286193013,6,5,3,TRUE,FALSE,FALSE,2,other
286193025,2,2,1,TRUE,FALSE,FALSE,1,other
286193066,2,2,1,TRUE,FALSE,FALSE,1,other
286193323,1,2,1,FALSE,FALSE,TRUE,2,still_orphaned
286193352,2,1,1,TRUE,TRUE,FALSE,0,already_paired
286193379,2,2,1,TRUE,FALSE,FALSE,1,other
286193561,1,2,1,FALSE,FALSE,TRUE,2,still_orphaned
286193714,3,3,2,FALSE,FALSE,FALSE,2,still_orphaned
286194092,2,2,1,TRUE,FALSE,FALSE,1,other
286194118,2,3,1,TRUE,FALSE,FALSE,2,other
286194177,5,3,3,FALSE,TRUE,FALSE,1,completed
286194286,1,3,1,FALSE,FALSE,TRUE,3,still_orphaned
286194331,2,1,1,TRUE,TRUE,FALSE,0,already_paired
286194651,4,5,2,TRUE,FALSE,FALSE,3,other
286194741,2,3,1,TRUE,FALSE,FALSE,2,other
286194957,4,3,2,TRUE,FALSE,FALSE,1,other
286195024,3,4,2,FALSE,FALSE,FALSE,3,still_orphaned
286195370,1,0,1,FALSE,FALSE,TRUE,0,still_orphaned
286195564,1,2,1,FALSE,FALSE,TRUE,2,still_orphaned
286195725,1,4,1,FALSE,FALSE,TRUE,4,still_orphaned
286196010,2,2,1,TRUE,FALSE,FALSE,1,other
286196152,5,5,3,FALSE,FALSE,FALSE,3,still_orphaned
286196234,3,3,2,FALSE,FALSE,FALSE,2,still_orphaned
286196399,2,4,1,TRUE,FALSE,FALSE,3,other
286196409,1,0,1,FALSE,FALSE,TRUE,0,still_orphaned
286196435,3,2,2,FALSE,TRUE,FALSE,1,completed
286196525,4,3,2,TRUE,FALSE,FALSE,1,other
286196576,1,0,1,FALSE,FALSE,TRUE,0,still_orphaned
286196906,1,3,1,FALSE,FALSE,TRUE,3,still_orphaned
286196946,1,2,1,FALSE,FALSE,TRUE,2,still_orphaned
286196954,1,0,1,FALSE,FALSE,TRUE,0,still_orphaned
286197108,3,3,2,FALSE,FALSE,FALSE,2,still_orphaned
286197171,3,3,2,FALSE,FALSE,FALSE,2,still_orphaned
286197278,3,5,2,FALSE,FALSE,FALSE,4,still_orphaned
286197314,3,3,2,FALSE,FALSE,FALSE,2,still_orphaned
286197392,3,2,2,FALSE,TRUE,FALSE,1,completed
286197481,2,1,1,TRUE,TRUE,FALSE,0,already_paired
286198036,4,5,2,TRUE,FALSE,FALSE,3,other
286198365,1,2,1,FALSE,FALSE,TRUE,2,still_orphaned
286198875,2,2,1,TRUE,FALSE,FALSE,1,other
286202910,5,6,3,FALSE,FALSE,FALSE,4,still_orphaned
286203347,2,2,1,TRUE,FALSE,FALSE,1,other
286203381,4,2,2,TRUE,TRUE,FALSE,0,already_paired
286203606,3,1,2,FALSE,FALSE,FALSE,0,still_orphaned
286203915,1,2,1,FALSE,FALSE,TRUE,2,still_orphaned
286204334,5,6,3,FALSE,FALSE,FALSE,4,still_orphaned
286204614,2,2,1,TRUE,FALSE,FALSE,1,other
286204687,5,6,3,FALSE,FALSE,FALSE,4,still_orphaned
286204964,1,0,1,FALSE,FALSE,TRUE,0,still_orphaned
286205044,3,2,2,FALSE,TRUE,FALSE,1,completed
286205046,1,2,1,FALSE,FALSE,TRUE,2,still_orphaned
286205137,5,4,3,FALSE,FALSE,FALSE,2,still_orphaned
286205440,2,1,1,TRUE,TRUE,FALSE,0,already_paired
286205466,3,3,2,FALSE,FALSE,FALSE,2,still_orphaned
286205487,1,0,1,FALSE,FALSE,TRUE,0,still_orphaned
286205511,6,5,3,TRUE,FALSE,FALSE,2,other
286205514,3,2,2,FALSE,TRUE,FALSE,1,completed
286205524,2,1,1,TRUE,TRUE,FALSE,0,already_paired
286205689,1,0,1,FALSE,FALSE,TRUE,0,still_orphaned
286205726,3,5,2,FALSE,FALSE,FALSE,4,still_orphaned
286205786,5,6,3,FALSE,FALSE,FALSE,4,still_orphaned
286205929,3,3,2,FALSE,FALSE,FALSE,2,still_orphaned
286205985,3,1,2,FALSE,FALSE,FALSE,0,still_orphaned
286206140,2,2,1,TRUE,FALSE,FALSE,1,other
286206176,1,2,1,FALSE,FALSE,TRUE,2,still_orphaned
286206487,2,2,1,TRUE,FALSE,FALSE,1,other
286206770,4,5,2,TRUE,FALSE,FALSE,3,other
286206835,2,1,1,TRUE,TRUE,FALSE,0,already_paired
286206873,5,4,3,FALSE,FALSE,FALSE,2,still_orphaned
286206949,3,2,2,FALSE,TRUE,FALSE,1,completed
286207062,3,5,2,FALSE,FALSE,FALSE,4,still_orphaned
286207292,5,2,3,FALSE,FALSE,FALSE,0,still_orphaned
286207310,4,4,2,TRUE,FALSE,FALSE,2,other
286207323,3,4,2,FALSE,FALSE,FALSE,3,still_orphaned
286207441,2,2,1,TRUE,FALSE,FALSE,1,other
286207499,3,1,2,FALSE,FALSE,FALSE,0,still_orphaned
286207581,2,2,1,TRUE,FALSE,FALSE,1,other
286207733,3,3,2,FALSE,FALSE,FALSE,2,still_orphaned
286207933,2,2,1,TRUE,FALSE,FALSE,1,other
286208483,1,2,1,FALSE,FALSE,TRUE,2,still_orphaned
286208513,3,4,2,FALSE,FALSE,FALSE,3,still_orphaned
286208582,2,2,1,TRUE,FALSE,FALSE,1,other
286208756,1,0,1,FALSE,FALSE,TRUE,0,still_orphaned
286208769,3,2,2,FALSE,TRUE,FALSE,1,completed
286208952,7,6,4,FALSE,FALSE,FALSE,3,still_orphaned
286209268,5,5,3,FALSE,FALSE,FALSE,3,still_orphaned
286209272,3,5,2,FALSE,FALSE,FALSE,4,still_orphaned
286209379,1,2,1,FALSE,FALSE,TRUE,2,still_orphaned
286209457,2,1,1,TRUE,TRUE,FALSE,0,already_paired
286209663,3,6,2,FALSE,FALSE,FALSE,5,still_orphaned
286209809,3,2,2,FALSE,TRUE,FALSE,1,completed
286210054,1,2,1,FALSE,FALSE,TRUE,2,still_orphaned
286210092,3,3,2,FALSE,FALSE,FALSE,2,still_orphaned
286210528,6,4,3,TRUE,FALSE,FALSE,1,other
286210772,3,5,2,FALSE,FALSE,FALSE,4,still_orphaned
286210915,3,3,2,FALSE,FALSE,FALSE,2,still_orphaned
286211004,6,6,3,TRUE,FALSE,FALSE,3,other
286211031,5,3,3,FALSE,TRUE,FALSE,1,completed
286211091,3,2,2,FALSE,TRUE,FALSE,1,completed
286211255,4,5,2,TRUE,FALSE,FALSE,3,other
286211296,4,3,2,TRUE,FALSE,FALSE,1,other
286211328,2,3,1,TRUE,FALSE,FALSE,2,other
286211395,4,4,2,TRUE,FALSE,FALSE,2,other
286211409,2,1,1,TRUE,TRUE,FALSE,0,already_paired
286211688,4,3,2,TRUE,FALSE,FALSE,1,other
286211974,7,6,4,FALSE,FALSE,FALSE,3,still_orphaned
286211998,6,4,3,TRUE,FALSE,FALSE,1,other
286212022,6,6,3,TRUE,FALSE,FALSE,3,other
286212197,2,1,1,TRUE,TRUE,FALSE,0,already_paired
286212278,1,2,1,FALSE,FALSE,TRUE,2,still_orphaned
286212513,3,1,2,FALSE,FALSE,FALSE,0,still_orphaned
286212766,3,3,2,FALSE,FALSE,FALSE,2,still_orphaned
286213013,2,3,1,TRUE,FALSE,FALSE,2,other
286213053,4,3,2,TRUE,FALSE,FALSE,1,other
286213086,4,4,2,TRUE,FALSE,FALSE,2,other
286213156,2,1,1,TRUE,TRUE,FALSE,0,already_paired
286213392,5,3,3,FALSE,TRUE,FALSE,1,completed
286213789,4,3,2,TRUE,FALSE,FALSE,1,other
286213820,4,5,2,TRUE,FALSE,FALSE,3,other
286213993,1,0,1,FALSE,FALSE,TRUE,0,still_orphaned
286214378,1,4,1,FALSE,FALSE,TRUE,4,still_orphaned
286214700,4,2,2,TRUE,TRUE,FALSE,0,already_paired
286214731,1,2,1,FALSE,FALSE,TRUE,2,still_orphaned
286214817,2,3,1,TRUE,FALSE,FALSE,2,other
286214929,3,1,2,FALSE,FALSE,FALSE,0,still_orphaned
286215269,5,5,3,FALSE,FALSE,FALSE,3,still_orphaned
286215398,3,4,2,FALSE,FALSE,FALSE,3,still_orphaned
286215473,3,3,2,FALSE,FALSE,FALSE,2,still_orphaned
286215658,2,2,1,TRUE,FALSE,FALSE,1,other
286215773,4,5,2,TRUE,FALSE,FALSE,3,other
286215930,2,2,1,TRUE,FALSE,FALSE,1,other
286216011,2,2,1,TRUE,FALSE,FALSE,1,other
286216065,2,2,1,TRUE,FALSE,FALSE,1,other
286216331,5,4,3,FALSE,FALSE,FALSE,2,still_orphaned
286216921,2,2,1,TRUE,FALSE,FALSE,1,other
286217175,4,3,2,TRUE,FALSE,FALSE,1,other
286217183,1,0,1,FALSE,FALSE,TRUE,0,still_orphaned
286217211,4,4,2,TRUE,FALSE,FALSE,2,other
286217624,3,2,2,FALSE,TRUE,FALSE,1,completed
286217695,4,4,2,TRUE,FALSE,FALSE,2,other
286217875,1,3,1,FALSE,FALSE,TRUE,3,still_orphaned
286217943,2,2,1,TRUE,FALSE,FALSE,1,other
286218041,1,0,1,FALSE,FALSE,TRUE,0,still_orphaned
286218191,2,2,1,TRUE,FALSE,FALSE,1,other
286218260,2,3,1,TRUE,FALSE,FALSE,2,other
286218375,3,2,2,FALSE,TRUE,FALSE,1,completed
286218690,3,3,2,FALSE,FALSE,FALSE,2,still_orphaned
286218728,1,2,1,FALSE,FALSE,TRUE,2,still_orphaned
286218953,2,3,1,TRUE,FALSE,FALSE,2,other
286218959,3,2,2,FALSE,TRUE,FALSE,1,completed
286219317,4,3,2,TRUE,FALSE,FALSE,1,other
286219323,4,4,2,TRUE,FALSE,FALSE,2,other
286219469,3,1,2,FALSE,FALSE,FALSE,0,still_orphaned
286219564,3,5,2,FALSE,FALSE,FALSE,4,still_orphaned
286219877,4,5,2,TRUE,FALSE,FALSE,3,other
286219892,1,0,1,FALSE,FALSE,TRUE,0,still_orphaned
286219963,2,2,1,TRUE,FALSE,FALSE,1,other
286220375,2,2,1,TRUE,FALSE,FALSE,1,other
286220499,4,3,2,TRUE,FALSE,FALSE,1,other
286220634,5,7,3,FALSE,FALSE,FALSE,5,still_orphaned
286220819,3,4,2,FALSE,FALSE,FALSE,3,still_orphaned
286220923,2,3,1,TRUE,FALSE,FALSE,2,other
286221122,4,5,2,TRUE,FALSE,FALSE,3,other
286221185,2,3,1,TRUE,FALSE,FALSE,2,other
286221241,7,7,4,FALSE,FALSE,FALSE,4,still_orphaned
286221343,4,5,2,TRUE,FALSE,FALSE,3,other
286221482,2,1,1,TRUE,TRUE,FALSE,0,already_paired
286221628,2,2,1,TRUE,FALSE,FALSE,1,other
286221829,2,3,1,TRUE,FALSE,FALSE,2,other
286221849,2,2,1,TRUE,FALSE,FALSE,1,other
286221942,3,5,2,FALSE,FALSE,FALSE,4,still_orphaned
286222056,2,1,1,TRUE,TRUE,FALSE,0,already_paired
286222189,3,2,2,FALSE,TRUE,FALSE,1,completed
286222363,1,3,1,FALSE,FALSE,TRUE,3,still_orphaned
286222462,2,3,1,TRUE,FALSE,FALSE,2,other
286222570,1,0,1,FALSE,FALSE,TRUE,0,still_orphaned
286222745,1,2,1,FALSE,FALSE,TRUE,2,still_orphaned
286223031,4,5,2,TRUE,FALSE,FALSE,3,other
286223189,6,4,3,TRUE,FALSE,FALSE,1,other
286223694,3,6,2,FALSE,FALSE,FALSE,5,still_orphaned
286223938,4,5,2,TRUE,FALSE,FALSE,3,other
286223987,5,4,3,FALSE,FALSE,FALSE,2,still_orphaned
286224274,5,6,3,FALSE,FALSE,FALSE,4,still_orphaned
286224316,2,2,1,TRUE,FALSE,FALSE,1,other
286224435,3,2,2,FALSE,TRUE,FALSE,1,completed
286224775,3,4,2,FALSE,FALSE,FALSE,3,still_orphaned
286224887,3,5,2,FALSE,FALSE,FALSE,4,still_orphaned
286224964,5,3,3,FALSE,TRUE,FALSE,1,completed
286224980,3,4,2,FALSE,FALSE,FALSE,3,still_orphaned
286225039,2,2,1,TRUE,FALSE,FALSE,1,other
286225052,2,1,1,TRUE,TRUE,FALSE,0,already_paired
286225054,6,5,3,TRUE,FALSE,FALSE,2,other
286225177,4,5,2,TRUE,FALSE,FALSE,3,other
286225275,3,3,2,FALSE,FALSE,FALSE,2,still_orphaned
286225608,2,1,1,TRUE,TRUE,FALSE,0,already_paired
286225886,3,1,2,FALSE,FALSE,FALSE,0,still_orphaned
286226251,1,0,1,FALSE,FALSE,TRUE,0,still_orphaned
286226423,2,3,1,TRUE,FALSE,FALSE,2,other
286226443,2,3,1,TRUE,FALSE,FALSE,2,other
286226448,1,0,1,FALSE,FALSE,TRUE,0,still_orphaned
286226916,4,4,2,TRUE,FALSE,FALSE,2,other
286227029,2,1,1,TRUE,TRUE,FALSE,0,already_paired
286227226,5,2,3,FALSE,FALSE,FALSE,0,still_orphaned
286227228,2,2,1,TRUE,FALSE,FALSE,1,other
286227391,4,3,2,TRUE,FALSE,FALSE,1,other
286227405,2,3,1,TRUE,FALSE,FALSE,2,other
286227424,3,2,2,FALSE,TRUE,FALSE,1,completed
286227489,2,1,1,TRUE,TRUE,FALSE,0,already_paired
286227648,2,1,1,TRUE,TRUE,FALSE,0,already_paired
286227798,4,6,2,TRUE,FALSE,FALSE,4,other
286227934,4,4,2,TRUE,FALSE,FALSE,2,other
286227949,2,2,1,TRUE,FALSE,FALSE,1,other
286228040,2,3,1,TRUE,FALSE,FALSE,2,other
286228214,2,3,1,TRUE,FALSE,FALSE,2,other
286228242,1,0,1,FALSE,FALSE,TRUE,0,still_orphaned
286228386,1,2,1,FALSE,FALSE,TRUE,2,still_orphaned
286228543,3,2,2,FALSE,TRUE,FALSE,1,completed
286228708,2,2,1,TRUE,FALSE,FALSE,1,other
286228800,1,2,1,FALSE,FALSE,TRUE,2,still_orphaned
286228936,3,2,2,FALSE,TRUE,FALSE,1,completed
286228950,1,1,1,FALSE,TRUE,TRUE,1,completed
286228997,5,4,3,FALSE,FALSE,FALSE,2,still_orphaned
286229319,2,2,1,TRUE,FALSE,FALSE,1,other
286229400,2,2,1,TRUE,FALSE,FALSE,1,other
286229626,2,2,1,TRUE,FALSE,FALSE,1,other
286229763,1,2,1,FALSE,FALSE,TRUE,2,still_orphaned
286229828,5,6,3,FALSE,FALSE,FALSE,4,still_orphaned
286229872,3,3,2,FALSE,FALSE,FALSE,2,still_orphaned
286230041,2,1,1,TRUE,TRUE,FALSE,0,already_paired
286230397,4,3,2,TRUE,FALSE,FALSE,1,other
286230422,3,4,2,FALSE,FALSE,FALSE,3,still_orphaned
286230539,2,2,1,TRUE,FALSE,FALSE,1,other
286230905,2,1,1,TRUE,TRUE,FALSE,0,already_paired
286231073,3,3,2,FALSE,FALSE,FALSE,2,still_orphaned
286231390,3,2,2,FALSE,TRUE,FALSE,1,completed
286231396,2,2,1,TRUE,FALSE,FALSE,1,other
286231411,2,3,1,TRUE,FALSE,FALSE,2,other
286231631,3,4,2,FALSE,FALSE,FALSE,3,still_orphaned
286231685,2,1,1,TRUE,TRUE,FALSE,0,already_paired
286231738,2,2,1,TRUE,FALSE,FALSE,1,other
286231799,4,4,2,TRUE,FALSE,FALSE,2,other
286231960,1,2,1,FALSE,FALSE,TRUE,2,still_orphaned
286232203,1,2,1,FALSE,FALSE,TRUE,2,still_orphaned
286232263,2,1,1,TRUE,TRUE,FALSE,0,already_paired
286232385,4,5,2,TRUE,FALSE,FALSE,3,other
286232586,1,2,1,FALSE,FALSE,TRUE,2,still_orphaned
286232594,2,2,1,TRUE,FALSE,FALSE,1,other
286233102,2,1,1,TRUE,TRUE,FALSE,0,already_paired
286233221,4,4,2,TRUE,FALSE,FALSE,2,other
286233408,1,0,1,FALSE,FALSE,TRUE,0,still_orphaned
286233525,6,5,3,TRUE,FALSE,FALSE,2,other
286233638,4,2,2,TRUE,TRUE,FALSE,0,already_paired
286233658,5,5,3,FALSE,FALSE,FALSE,3,still_orphaned
286233790,5,3,3,FALSE,TRUE,FALSE,1,completed
286233821,4,4,2,TRUE,FALSE,FALSE,2,other
286233910,1,2,1,FALSE,FALSE,TRUE,2,still_orphaned
286233964,2,4,1,TRUE,FALSE,FALSE,3,other
286234655,1,0,1,FALSE,FALSE,TRUE,0,still_orphaned
286234932,1,0,1,FALSE,FALSE,TRUE,0,still_orphaned
286234983,1,2,1,FALSE,FALSE,TRUE,2,still_orphaned
286235206,1,4,1,FALSE,FALSE,TRUE,4,still_orphaned
286235449,5,5,3,FALSE,FALSE,FALSE,3,still_orphaned
286240008,1,3,1,FALSE,FALSE,TRUE,3,still_orphaned
286241176,3,2,2,FALSE,TRUE,FALSE,1,completed
286241368,3,1,2,FALSE,FALSE,FALSE,0,still_orphaned
286241556,3,3,2,FALSE,FALSE,FALSE,2,still_orphaned
286241858,3,2,2,FALSE,TRUE,FALSE,1,completed
286241882,3,2,2,FALSE,TRUE,FALSE,1,completed
286242039,3,3,2,FALSE,FALSE,FALSE,2,still_orphaned
286242193,6,3,3,TRUE,TRUE,FALSE,0,already_paired
286242539,1,2,1,FALSE,FALSE,TRUE,2,still_orphaned
286242782,1,0,1,FALSE,FALSE,TRUE,0,still_orphaned
286242785,1,0,1,FALSE,FALSE,TRUE,0,still_orphaned
286243000,2,1,1,TRUE,TRUE,FALSE,0,already_paired
286243104,5,4,3,FALSE,FALSE,FALSE,2,still_orphaned
286243144,5,3,3,FALSE,TRUE,FALSE,1,completed
286243213,2,1,1,TRUE,TRUE,FALSE,0,already_paired
286243383,5,3,3,FALSE,TRUE,FALSE,1,completed
286243389,4,3,2,TRUE,FALSE,FALSE,1,other
286243572,2,1,1,TRUE,TRUE,FALSE,0,already_paired
286243627,3,2,2,FALSE,TRUE,FALSE,1,completed
286243685,4,2,2,TRUE,TRUE,FALSE,0,already_paired
286243713,5,5,3,FALSE,FALSE,FALSE,3,still_orphaned
286243767,3,3,2,FALSE,FALSE,FALSE,2,still_orphaned
286243780,1,0,1,FALSE,FALSE,TRUE,0,still_orphaned
286243890,2,1,1,TRUE,TRUE,FALSE,0,already_paired
286244197,6,4,3,TRUE,FALSE,FALSE,1,other
286244268,5,3,3,FALSE,TRUE,FALSE,1,completed
286244296,3,3,2,FALSE,FALSE,FALSE,2,still_orphaned
286244436,2,2,1,TRUE,FALSE,FALSE,1,other
286244812,3,1,2,FALSE,FALSE,FALSE,0,still_orphaned
286244819,3,3,2,FALSE,FALSE,FALSE,2,still_orphaned
286244874,2,1,1,TRUE,TRUE,FALSE,0,already_paired
286244977,7,6,4,FALSE,FALSE,FALSE,3,still_orphaned
286245012,3,2,2,FALSE,TRUE,FALSE,1,completed
286245018,3,2,2,FALSE,TRUE,FALSE,1,completed
286245063,2,1,1,TRUE,TRUE,FALSE,0,already_paired
286245500,3,1,2,FALSE,FALSE,FALSE,0,still_orphaned
286245681,1,2,1,FALSE,FALSE,TRUE,2,still_orphaned
286245735,4,5,2,TRUE,FALSE,FALSE,3,other
286245882,3,4,2,FALSE,FALSE,FALSE,3,still_orphaned
286246020,3,1,2,FALSE,FALSE,FALSE,0,still_orphaned
286246386,3,2,2,FALSE,TRUE,FALSE,1,completed
286246408,1,0,1,FALSE,FALSE,TRUE,0,still_orphaned
286246517,4,3,2,TRUE,FALSE,FALSE,1,other
286246731,1,2,1,FALSE,FALSE,TRUE,2,still_orphaned
286246775,3,2,2,FALSE,TRUE,FALSE,1,completed
286246794,2,2,1,TRUE,FALSE,FALSE,1,other
286246813,3,2,2,FALSE,TRUE,FALSE,1,completed
286247045,2,1,1,TRUE,TRUE,FALSE,0,already_paired
286247180,2,2,1,TRUE,FALSE,FALSE,1,other
286247368,1,0,1,FALSE,FALSE,TRUE,0,still_orphaned
286247439,1,0,1,FALSE,FALSE,TRUE,0,still_orphaned
286247579,1,0,1,FALSE,FALSE,TRUE,0,still_orphaned
286247621,4,3,2,TRUE,FALSE,FALSE,1,other
286247925,3,1,2,FALSE,FALSE,FALSE,0,still_orphaned
286247931,2,3,1,TRUE,FALSE,FALSE,2,other
286248500,4,3,2,TRUE,FALSE,FALSE,1,other
286248501,3,2,2,FALSE,TRUE,FALSE,1,completed
286248650,6,4,3,TRUE,FALSE,FALSE,1,other
286248871,5,3,3,FALSE,TRUE,FALSE,1,completed
286248977,4,3,2,TRUE,FALSE,FALSE,1,other
286249372,3,2,2,FALSE,TRUE,FALSE,1,completed
286249579,4,4,2,TRUE,FALSE,FALSE,2,other
286249719,2,1,1,TRUE,TRUE,FALSE,0,already_paired
286249870,2,1,1,TRUE,TRUE,FALSE,0,already_paired
286249913,3,3,2,FALSE,FALSE,FALSE,2,still_orphaned
286249984,3,1,2,FALSE,FALSE,FALSE,0,still_orphaned
286250156,4,3,2,TRUE,FALSE,FALSE,1,other
286250163,2,4,1,TRUE,FALSE,FALSE,3,other
286250205,2,2,1,TRUE,FALSE,FALSE,1,other
286250243,5,4,3,FALSE,FALSE,FALSE,2,still_orphaned
286250254,6,5,3,TRUE,FALSE,FALSE,2,other
286250440,3,2,2,FALSE,TRUE,FALSE,1,completed
286250510,2,3,1,TRUE,FALSE,FALSE,2,other
286250617,6,4,3,TRUE,FALSE,FALSE,1,other
286250994,1,0,1,FALSE,FALSE,TRUE,0,still_orphaned
286251033,4,5,2,TRUE,FALSE,FALSE,3,other
286251166,4,5,2,TRUE,FALSE,FALSE,3,other
286251280,3,2,2,FALSE,TRUE,FALSE,1,completed
286251322,1,2,1,FALSE,FALSE,TRUE,2,still_orphaned
286251879,2,2,1,TRUE,FALSE,FALSE,1,other
286252029,1,2,1,FALSE,FALSE,TRUE,2,still_orphaned
286252046,3,4,2,FALSE,FALSE,FALSE,3,still_orphaned
286252322,1,2,1,FALSE,FALSE,TRUE,2,still_orphaned
286252782,4,5,2,TRUE,FALSE,FALSE,3,other
286252873,3,1,2,FALSE,FALSE,FALSE,0,still_orphaned
286253287,1,2,1,FALSE,FALSE,TRUE,2,still_orphaned
286253319,3,5,2,FALSE,FALSE,FALSE,4,still_orphaned
286253386,3,4,2,FALSE,FALSE,FALSE,3,still_orphaned
286254031,5,5,3,FALSE,FALSE,FALSE,3,still_orphaned
286254210,4,4,2,TRUE,FALSE,FALSE,2,other
286254286,1,0,1,FALSE,FALSE,TRUE,0,still_orphaned
286254983,2,3,1,TRUE,FALSE,FALSE,2,other
286255079,2,2,1,TRUE,FALSE,FALSE,1,other
286255213,2,2,1,TRUE,FALSE,FALSE,1,other
286255572,5,5,3,FALSE,FALSE,FALSE,3,still_orphaned
286255628,3,2,2,FALSE,TRUE,FALSE,1,completed
286255747,3,3,2,FALSE,FALSE,FALSE,2,still_orphaned
286255782,3,2,2,FALSE,TRUE,FALSE,1,completed
286255959,1,0,1,FALSE,FALSE,TRUE,0,still_orphaned
286256033,3,2,2,FALSE,TRUE,FALSE,1,completed
286256185,5,6,3,FALSE,FALSE,FALSE,4,still_orphaned
286256679,2,3,1,TRUE,FALSE,FALSE,2,other
286256814,3,6,2,FALSE,FALSE,FALSE,5,still_orphaned
286256819,4,4,2,TRUE,FALSE,FALSE,2,other
286256834,3,3,2,FALSE,FALSE,FALSE,2,still_orphaned
286256880,5,3,3,FALSE,TRUE,FALSE,1,completed
286257040,2,2,1,TRUE,FALSE,FALSE,1,other
286257208,1,3,1,FALSE,FALSE,TRUE,3,still_orphaned
286257539,1,2,1,FALSE,FALSE,TRUE,2,still_orphaned
286257573,3,1,2,FALSE,FALSE,FALSE,0,still_orphaned
286257593,3,3,2,FALSE,FALSE,FALSE,2,still_orphaned
286257898,3,1,2,FALSE,FALSE,FALSE,0,still_orphaned
286257926,4,3,2,TRUE,FALSE,FALSE,1,other
286258095,1,0,1,FALSE,FALSE,TRUE,0,still_orphaned
286258114,3,4,2,FALSE,FALSE,FALSE,3,still_orphaned
286258595,3,3,2,FALSE,FALSE,FALSE,2,still_orphaned
286258732,3,2,2,FALSE,TRUE,FALSE,1,completed
286258830,1,0,1,FALSE,FALSE,TRUE,0,still_orphaned
286258945,4,2,2,TRUE,TRUE,FALSE,0,already_paired
286258949,2,3,1,TRUE,FALSE,FALSE,2,other
286259185,3,3,2,FALSE,FALSE,FALSE,2,still_orphaned
286259197,5,3,3,FALSE,TRUE,FALSE,1,completed
286259337,4,4,2,TRUE,FALSE,FALSE,2,other
286259367,5,3,3,FALSE,TRUE,FALSE,1,completed
286259381,1,2,1,FALSE,FALSE,TRUE,2,still_orphaned
286259425,2,1,1,TRUE,TRUE,FALSE,0,already_paired
286259720,3,2,2,FALSE,TRUE,FALSE,1,completed
286259815,2,3,1,TRUE,FALSE,FALSE,2,other
286259986,3,4,2,FALSE,FALSE,FALSE,3,still_orphaned
286260073,5,5,3,FALSE,FALSE,FALSE,3,still_orphaned
286260277,4,4,2,TRUE,FALSE,FALSE,2,other
286260429,4,4,2,TRUE,FALSE,FALSE,2,other
286261200,1,2,1,FALSE,FALSE,TRUE,2,still_orphaned
286261319,3,2,2,FALSE,TRUE,FALSE,1,completed
286261324,1,2,1,FALSE,FALSE,TRUE,2,still_orphaned
286261569,3,3,2,FALSE,FALSE,FALSE,2,still_orphaned
286261670,4,4,2,TRUE,FALSE,FALSE,2,other
286261692,3,4,2,FALSE,FALSE,FALSE,3,still_orphaned
286261858,3,4,2,FALSE,FALSE,FALSE,3,still_orphaned
286261881,3,2,2,FALSE,TRUE,FALSE,1,completed
286262183,3,1,2,FALSE,FALSE,FALSE,0,still_orphaned
286262484,6,4,3,TRUE,FALSE,FALSE,1,other
286262562,1,0,1,FALSE,FALSE,TRUE,0,still_orphaned
286262686,3,4,2,FALSE,FALSE,FALSE,3,still_orphaned
286262876,2,2,1,TRUE,FALSE,FALSE,1,other
286262960,1,2,1,FALSE,FALSE,TRUE,2,still_orphaned
286263195,2,4,1,TRUE,FALSE,FALSE,3,other
286263274,5,5,3,FALSE,FALSE,FALSE,3,still_orphaned
286263631,3,2,2,FALSE,TRUE,FALSE,1,completed
286263831,2,3,1,TRUE,FALSE,FALSE,2,other
286264080,1,0,1,FALSE,FALSE,TRUE,0,still_orphaned
286264130,1,2,1,FALSE,FALSE,TRUE,2,still_orphaned
286264204,7,5,4,FALSE,FALSE,FALSE,2,still_orphaned
286264351,1,0,1,FALSE,FALSE,TRUE,0,still_orphaned
286264448,4,5,2,TRUE,FALSE,FALSE,3,other
286264486,3,5,2,FALSE,FALSE,FALSE,4,still_orphaned
286264540,2,3,1,TRUE,FALSE,FALSE,2,other
286264614,2,2,1,TRUE,FALSE,FALSE,1,other
286264962,1,0,1,FALSE,FALSE,TRUE,0,still_orphaned
286265046,4,5,2,TRUE,FALSE,FALSE,3,other
286265092,4,6,2,TRUE,FALSE,FALSE,4,other
286265114,1,0,1,FALSE,FALSE,TRUE,0,still_orphaned
286265505,3,2,2,FALSE,TRUE,FALSE,1,completed
286265639,6,6,3,TRUE,FALSE,FALSE,3,other
286266005,3,3,2,FALSE,FALSE,FALSE,2,still_orphaned
286266014,3,2,2,FALSE,TRUE,FALSE,1,completed
286266030,2,3,1,TRUE,FALSE,FALSE,2,other
286266032,5,3,3,FALSE,TRUE,FALSE,1,completed
286266035,1,0,1,FALSE,FALSE,TRUE,0,still_orphaned
286266602,1,1,1,FALSE,TRUE,TRUE,1,completed
286266711,1,2,1,FALSE,FALSE,TRUE,2,still_orphaned
286266734,3,2,2,FALSE,TRUE,FALSE,1,completed
286266921,4,3,2,TRUE,FALSE,FALSE,1,other
286267067,3,2,2,FALSE,TRUE,FALSE,1,completed
286267085,3,3,2,FALSE,FALSE,FALSE,2,still_orphaned
286267263,2,1,1,TRUE,TRUE,FALSE,0,already_paired
286267295,2,4,1,TRUE,FALSE,FALSE,3,other
286267309,1,2,1,FALSE,FALSE,TRUE,2,still_orphaned
286267414,3,3,2,FALSE,FALSE,FALSE,2,still_orphaned
286267804,1,0,1,FALSE,FALSE,TRUE,0,still_orphaned
286267942,3,2,2,FALSE,TRUE,FALSE,1,completed
286268156,2,1,1,TRUE,TRUE,FALSE,0,already_paired
286268247,1,2,1,FALSE,FALSE,TRUE,2,still_orphaned
286268464,4,5,2,TRUE,FALSE,FALSE,3,other
286268509,7,5,4,FALSE,FALSE,FALSE,2,still_orphaned
286268564,1,3,1,FALSE,FALSE,TRUE,3,still_orphaned
286268792,4,3,2,TRUE,FALSE,FALSE,1,other
286268829,2,3,1,TRUE,FALSE,FALSE,2,other
286268877,1,0,1,FALSE,FALSE,TRUE,0,still_orphaned
286268998,2,2,1,TRUE,FALSE,FALSE,1,other
286269015,2,1,1,TRUE,TRUE,FALSE,0,already_paired
286269299,2,1,1,TRUE,TRUE,FALSE,0,already_paired
286269415,4,3,2,TRUE,FALSE,FALSE,1,other
286269527,4,5,2,TRUE,FALSE,FALSE,3,other
286269633,3,1,2,FALSE,FALSE,FALSE,0,still_orphaned
286269785,4,4,2,TRUE,FALSE,FALSE,2,other
286269876,2,2,1,TRUE,FALSE,FALSE,1,other
286270021,3,1,2,FALSE,FALSE,FALSE,0,still_orphaned
286270308,2,2,1,TRUE,FALSE,FALSE,1,other
286270648,1,0,1,FALSE,FALSE,TRUE,0,still_orphaned
286270969,1,0,1,FALSE,FALSE,TRUE,0,still_orphaned
286271067,1,0,1,FALSE,FALSE,TRUE,0,still_orphaned
286271143,5,4,3,FALSE,FALSE,FALSE,2,still_orphaned
286271254,4,4,2,TRUE,FALSE,FALSE,2,other
286271466,2,2,1,TRUE,FALSE,FALSE,1,other
286271489,3,3,2,FALSE,FALSE,FALSE,2,still_orphaned
286271495,6,6,3,TRUE,FALSE,FALSE,3,other
286271563,4,5,2,TRUE,FALSE,FALSE,3,other
286271770,3,3,2,FALSE,FALSE,FALSE,2,still_orphaned
286271776,3,3,2,FALSE,FALSE,FALSE,2,still_orphaned
286271944,1,0,1,FALSE,FALSE,TRUE,0,still_orphaned
286272016,4,4,2,TRUE,FALSE,FALSE,2,other
286272058,1,2,1,FALSE,FALSE,TRUE,2,still_orphaned
286272351,3,4,2,FALSE,FALSE,FALSE,3,still_orphaned
286272406,1,0,1,FALSE,FALSE,TRUE,0,still_orphaned
286272567,3,3,2,FALSE,FALSE,FALSE,2,still_orphaned
286272680,2,3,1,TRUE,FALSE,FALSE,2,other
286273200,2,3,1,TRUE,FALSE,FALSE,2,other
286273227,1,3,1,FALSE,FALSE,TRUE,3,still_orphaned
286276363,4,3,2,TRUE,FALSE,FALSE,1,other
286276848,4,5,2,TRUE,FALSE,FALSE,3,other
286276922,6,4,3,TRUE,FALSE,FALSE,1,other
286277196,4,3,2,TRUE,FALSE,FALSE,1,other
286277246,1,0,1,FALSE,FALSE,TRUE,0,still_orphaned
286277431,1,2,1,FALSE,FALSE,TRUE,2,still_orphaned
286277492,3,2,2,FALSE,TRUE,FALSE,1,completed
286277825,2,2,1,TRUE,FALSE,FALSE,1,other
286277839,3,4,2,FALSE,FALSE,FALSE,3,still_orphaned
286278140,1,2,1,FALSE,FALSE,TRUE,2,still_orphaned
286278251,4,4,2,TRUE,FALSE,FALSE,2,other
286278322,2,2,1,TRUE,FALSE,FALSE,1,other
286278326,4,4,2,TRUE,FALSE,FALSE,2,other
286278406,1,2,1,FALSE,FALSE,TRUE,2,still_orphaned
286278528,3,3,2,FALSE,FALSE,FALSE,2,still_orphaned
286278791,4,3,2,TRUE,FALSE,FALSE,1,other
286278810,3,1,2,FALSE,FALSE,FALSE,0,still_orphaned
286278972,3,3,2,FALSE,FALSE,FALSE,2,still_orphaned
286279090,2,2,1,TRUE,FALSE,FALSE,1,other
286279147,5,4,3,FALSE,FALSE,FALSE,2,still_orphaned
286279234,5,6,3,FALSE,FALSE,FALSE,4,still_orphaned
286279382,2,1,1,TRUE,TRUE,FALSE,0,already_paired
286279431,6,7,3,TRUE,FALSE,FALSE,4,other
286279622,7,5,4,FALSE,FALSE,FALSE,2,still_orphaned
286279963,3,4,2,FALSE,FALSE,FALSE,3,still_orphaned
286279983,4,5,2,TRUE,FALSE,FALSE,3,other
286280102,3,3,2,FALSE,FALSE,FALSE,2,still_orphaned
286280130,3,2,2,FALSE,TRUE,FALSE,1,completed
286280167,7,4,4,FALSE,TRUE,FALSE,1,completed
286280224,2,3,1,TRUE,FALSE,FALSE,2,other
286280259,1,0,1,FALSE,FALSE,TRUE,0,still_orphaned
286280491,4,3,2,TRUE,FALSE,FALSE,1,other
286280782,4,5,2,TRUE,FALSE,FALSE,3,other
286280894,3,4,2,FALSE,FALSE,FALSE,3,still_orphaned
286280930,4,3,2,TRUE,FALSE,FALSE,1,other
286281027,3,5,2,FALSE,FALSE,FALSE,4,still_orphaned
286281372,4,6,2,TRUE,FALSE,FALSE,4,other
286281484,8,5,4,TRUE,FALSE,FALSE,1,other
286281555,1,3,1,FALSE,FALSE,TRUE,3,still_orphaned
286281783,4,3,2,TRUE,FALSE,FALSE,1,other
286281894,5,5,3,FALSE,FALSE,FALSE,3,still_orphaned
286282233,2,1,1,TRUE,TRUE,FALSE,0,already_paired
286282344,2,2,1,TRUE,FALSE,FALSE,1,other
286282348,1,0,1,FALSE,FALSE,TRUE,0,still_orphaned
286282490,7,7,4,FALSE,FALSE,FALSE,4,still_orphaned
286282722,1,2,1,FALSE,FALSE,TRUE,2,still_orphaned
286282872,4,5,2,TRUE,FALSE,FALSE,3,other
286283088,3,2,2,FALSE,TRUE,FALSE,1,completed
286283357,2,1,1,TRUE,TRUE,FALSE,0,already_paired
286283694,6,4,3,TRUE,FALSE,FALSE,1,other
286283874,3,4,2,FALSE,FALSE,FALSE,3,still_orphaned
286283904,1,0,1,FALSE,FALSE,TRUE,0,still_orphaned
286283909,5,6,3,FALSE,FALSE,FALSE,4,still_orphaned
286284002,6,7,3,TRUE,FALSE,FALSE,4,other
286284066,2,2,1,TRUE,FALSE,FALSE,1,other
286284068,3,2,2,FALSE,TRUE,FALSE,1,completed
286284245,6,6,3,TRUE,FALSE,FALSE,3,other
286284390,4,2,2,TRUE,TRUE,FALSE,0,already_paired
286284458,3,5,2,FALSE,FALSE,FALSE,4,still_orphaned
286284585,7,4,4,FALSE,TRUE,FALSE,1,completed
286284635,5,4,3,FALSE,FALSE,FALSE,2,still_orphaned
286284651,3,2,2,FALSE,TRUE,FALSE,1,completed
286284824,3,3,2,FALSE,FALSE,FALSE,2,still_orphaned
286284864,1,2,1,FALSE,FALSE,TRUE,2,still_orphaned
286284979,3,2,2,FALSE,TRUE,FALSE,1,completed
286285196,1,2,1,FALSE,FALSE,TRUE,2,still_orphaned
286285655,1,0,1,FALSE,FALSE,TRUE,0,still_orphaned
286285914,2,2,1,TRUE,FALSE,FALSE,1,other
286286182,2,1,1,TRUE,TRUE,FALSE,0,already_paired
286286327,3,2,2,FALSE,TRUE,FALSE,1,completed
286286523,2,3,1,TRUE,FALSE,FALSE,2,other
286286770,4,5,2,TRUE,FALSE,FALSE,3,other
286286817,1,0,1,FALSE,FALSE,TRUE,0,still_orphaned
286286960,3,3,2,FALSE,FALSE,FALSE,2,still_orphaned
286287130,2,3,1,TRUE,FALSE,FALSE,2,other
286287314,4,3,2,TRUE,FALSE,FALSE,1,other
286287415,9,7,5,FALSE,FALSE,FALSE,3,still_orphaned
286287677,3,3,2,FALSE,FALSE,FALSE,2,still_orphaned
286288327,2,2,1,TRUE,FALSE,FALSE,1,other
286288520,5,5,3,FALSE,FALSE,FALSE,3,still_orphaned
286288727,3,6,2,FALSE,FALSE,FALSE,5,still_orphaned
286289303,2,1,1,TRUE,TRUE,FALSE,0,already_paired
286289427,1,0,1,FALSE,FALSE,TRUE,0,still_orphaned
286289435,1,0,1,FALSE,FALSE,TRUE,0,still_orphaned
286289488,2,2,1,TRUE,FALSE,FALSE,1,other
286289495,2,1,1,TRUE,TRUE,FALSE,0,already_paired
286289887,5,4,3,FALSE,FALSE,FALSE,2,still_orphaned
286290032,2,2,1,TRUE,FALSE,FALSE,1,other
286290159,1,1,1,FALSE,TRUE,TRUE,1,completed
286290244,1,2,1,FALSE,FALSE,TRUE,2,still_orphaned
286290390,2,2,1,TRUE,FALSE,FALSE,1,other
286290472,4,3,2,TRUE,FALSE,FALSE,1,other
286290502,8,6,4,TRUE,FALSE,FALSE,2,other
286290634,3,1,2,FALSE,FALSE,FALSE,0,still_orphaned
286291251,4,4,2,TRUE,FALSE,FALSE,2,other
286291586,1,0,1,FALSE,FALSE,TRUE,0,still_orphaned
286291657,4,4,2,TRUE,FALSE,FALSE,2,other
286291771,2,3,1,TRUE,FALSE,FALSE,2,other
286291964,3,5,2,FALSE,FALSE,FALSE,4,still_orphaned
286291997,3,5,2,FALSE,FALSE,FALSE,4,still_orphaned
286292059,1,2,1,FALSE,FALSE,TRUE,2,still_orphaned
286292142,1,3,1,FALSE,FALSE,TRUE,3,still_orphaned
286292330,3,1,2,FALSE,FALSE,FALSE,0,still_orphaned
286292428,2,2,1,TRUE,FALSE,FALSE,1,other
286292614,4,5,2,TRUE,FALSE,FALSE,3,other
286292690,6,5,3,TRUE,FALSE,FALSE,2,other
286292933,4,2,2,TRUE,TRUE,FALSE,0,already_paired
286292946,2,1,1,TRUE,TRUE,FALSE,0,already_paired
286292965,6,5,3,TRUE,FALSE,FALSE,2,other
286293426,1,0,1,FALSE,FALSE,TRUE,0,still_orphaned
286293454,3,2,2,FALSE,TRUE,FALSE,1,completed
286293485,1,0,1,FALSE,FALSE,TRUE,0,still_orphaned
286293609,4,2,2,TRUE,TRUE,FALSE,0,already_paired
286293768,1,2,1,FALSE,FALSE,TRUE,2,still_orphaned
286293850,3,3,2,FALSE,FALSE,FALSE,2,still_orphaned
286294016,4,5,2,TRUE,FALSE,FALSE,3,other
286294026,2,3,1,TRUE,FALSE,FALSE,2,other
286294191,1,0,1,FALSE,FALSE,TRUE,0,still_orphaned
286294312,3,4,2,FALSE,FALSE,FALSE,3,still_orphaned
286294886,4,6,2,TRUE,FALSE,FALSE,4,other
286294909,4,3,2,TRUE,FALSE,FALSE,1,other
286295150,2,2,1,TRUE,FALSE,FALSE,1,other
286295309,3,5,2,FALSE,FALSE,FALSE,4,still_orphaned
286295341,5,5,3,FALSE,FALSE,FALSE,3,still_orphaned
286295485,4,5,2,TRUE,FALSE,FALSE,3,other
286295984,2,2,1,TRUE,FALSE,FALSE,1,other
286296012,3,2,2,FALSE,TRUE,FALSE,1,completed
286296243,1,2,1,FALSE,FALSE,TRUE,2,still_orphaned
286296306,2,1,1,TRUE,TRUE,FALSE,0,already_paired
286296699,4,4,2,TRUE,FALSE,FALSE,2,other
286296733,2,3,1,TRUE,FALSE,FALSE,2,other
286296746,1,0,1,FALSE,FALSE,TRUE,0,still_orphaned
286296779,7,8,4,FALSE,FALSE,FALSE,5,still_orphaned
286296823,2,1,1,TRUE,TRUE,FALSE,0,already_paired
286296989,3,1,2,FALSE,FALSE,FALSE,0,still_orphaned
286297238,1,0,1,FALSE,FALSE,TRUE,0,still_orphaned
286297591,2,2,1,TRUE,FALSE,FALSE,1,other
286297641,1,2,1,FALSE,FALSE,TRUE,2,still_orphaned
286297827,3,3,2,FALSE,FALSE,FALSE,2,still_orphaned
286297993,3,2,2,FALSE,TRUE,FALSE,1,completed
286298192,1,3,1,FALSE,FALSE,TRUE,3,still_orphaned
286298298,5,6,3,FALSE,FALSE,FALSE,4,still_orphaned
286298344,2,2,1,TRUE,FALSE,FALSE,1,other
286298346,2,2,1,TRUE,FALSE,FALSE,1,other
286298494,2,2,1,TRUE,FALSE,FALSE,1,other
286298763,1,2,1,FALSE,FALSE,TRUE,2,still_orphaned
286298807,4,6,2,TRUE,FALSE,FALSE,4,other
286298835,3,4,2,FALSE,FALSE,FALSE,3,still_orphaned
286298854,2,1,1,TRUE,TRUE,FALSE,0,already_paired
286298950,3,2,2,FALSE,TRUE,FALSE,1,completed
286299178,2,1,1,TRUE,TRUE,FALSE,0,already_paired
286299310,4,3,2,TRUE,FALSE,FALSE,1,other
286299431,4,4,2,TRUE,FALSE,FALSE,2,other
286299470,3,2,2,FALSE,TRUE,FALSE,1,completed
286299562,4,5,2,TRUE,FALSE,FALSE,3,other
286299570,2,2,1,TRUE,FALSE,FALSE,1,other
286299698,2,4,1,TRUE,FALSE,FALSE,3,other
286299775,3,2,2,FALSE,TRUE,FALSE,1,completed
286299822,2,2,1,TRUE,FALSE,FALSE,1,other
286299869,3,4,2,FALSE,FALSE,FALSE,3,still_orphaned
286300024,2,2,1,TRUE,FALSE,FALSE,1,other
286300035,1,2,1,FALSE,FALSE,TRUE,2,still_orphaned
286300087,5,3,3,FALSE,TRUE,FALSE,1,completed
286300178,2,1,1,TRUE,TRUE,FALSE,0,already_paired
286300754,1,5,1,FALSE,FALSE,TRUE,5,still_orphaned
286300856,4,3,2,TRUE,FALSE,FALSE,1,other
286301044,1,0,1,FALSE,FALSE,TRUE,0,still_orphaned
286301089,2,2,1,TRUE,FALSE,FALSE,1,other
286301094,3,4,2,FALSE,FALSE,FALSE,3,still_orphaned
286301162,2,4,1,TRUE,FALSE,FALSE,3,other
286301347,3,4,2,FALSE,FALSE,FALSE,3,still_orphaned
286301383,1,2,1,FALSE,FALSE,TRUE,2,still_orphaned
286301630,1,0,1,FALSE,FALSE,TRUE,0,still_orphaned
286301746,2,3,1,TRUE,FALSE,FALSE,2,other
286301762,3,3,2,FALSE,FALSE,FALSE,2,still_orphaned
286301806,1,3,1,FALSE,FALSE,TRUE,3,still_orphaned
286302002,3,3,2,FALSE,FALSE,FALSE,2,still_orphaned
286302075,1,0,1,FALSE,FALSE,TRUE,0,still_orphaned
286302094,2,2,1,TRUE,FALSE,FALSE,1,other
286302186,3,2,2,FALSE,TRUE,FALSE,1,completed
286302515,3,2,2,FALSE,TRUE,FALSE,1,completed
286302647,2,4,1,TRUE,FALSE,FALSE,3,other
286302691,1,2,1,FALSE,FALSE,TRUE,2,still_orphaned
286302919,1,2,1,FALSE,FALSE,TRUE,2,still_orphaned
286303253,1,0,1,FALSE,FALSE,TRUE,0,still_orphaned
286303493,1,0,1,FALSE,FALSE,TRUE,0,still_orphaned
286303641,4,3,2,TRUE,FALSE,FALSE,1,other
286303730,1,2,1,FALSE,FALSE,TRUE,2,still_orphaned
286303853,4,5,2,TRUE,FALSE,FALSE,3,other
286303862,2,2,1,TRUE,FALSE,FALSE,1,other
286303875,4,3,2,TRUE,FALSE,FALSE,1,other
286303945,5,3,3,FALSE,TRUE,FALSE,1,completed
286304189,3,2,2,FALSE,TRUE,FALSE,1,completed
286304204,1,3,1,FALSE,FALSE,TRUE,3,still_orphaned
286304275,2,4,1,TRUE,FALSE,FALSE,3,other
286307803,2,2,1,TRUE,FALSE,FALSE,1,other
286309269,3,1,2,FALSE,FALSE,FALSE,0,still_orphaned
286309364,1,3,1,FALSE,FALSE,TRUE,3,still_orphaned
286309493,5,3,3,FALSE,TRUE,FALSE,1,completed
286309663,4,4,2,TRUE,FALSE,FALSE,2,other
286309900,4,4,2,TRUE,FALSE,FALSE,2,other
286310051,3,2,2,FALSE,TRUE,FALSE,1,completed
286310173,6,5,3,TRUE,FALSE,FALSE,2,other
286310516,5,5,3,FALSE,FALSE,FALSE,3,still_orphaned
286310568,5,4,3,FALSE,FALSE,FALSE,2,still_orphaned
286310741,1,0,1,FALSE,FALSE,TRUE,0,still_orphaned
286310924,4,4,2,TRUE,FALSE,FALSE,2,other
286310993,2,2,1,TRUE,FALSE,FALSE,1,other
286311015,2,2,1,TRUE,FALSE,FALSE,1,other
286311016,1,0,1,FALSE,FALSE,TRUE,0,still_orphaned
286311089,2,2,1,TRUE,FALSE,FALSE,1,other
286311197,1,2,1,FALSE,FALSE,TRUE,2,still_orphaned
286311389,2,2,1,TRUE,FALSE,FALSE,1,other
286311485,5,5,3,FALSE,FALSE,FALSE,3,still_orphaned
286311500,1,1,1,FALSE,TRUE,TRUE,1,completed
286311532,2,2,1,TRUE,FALSE,FALSE,1,other
286311611,1,0,1,FALSE,FALSE,TRUE,0,still_orphaned
286311640,3,5,2,FALSE,FALSE,FALSE,4,still_orphaned
286311716,3,2,2,FALSE,TRUE,FALSE,1,completed
286311804,6,4,3,TRUE,FALSE,FALSE,1,other
286311858,4,4,2,TRUE,FALSE,FALSE,2,other
286311990,3,3,2,FALSE,FALSE,FALSE,2,still_orphaned
286312330,6,5,3,TRUE,FALSE,FALSE,2,other
286312469,5,4,3,FALSE,FALSE,FALSE,2,still_orphaned
286312670,4,3,2,TRUE,FALSE,FALSE,1,other
286312816,1,2,1,FALSE,FALSE,TRUE,2,still_orphaned
286313241,4,3,2,TRUE,FALSE,FALSE,1,other
286313336,2,4,1,TRUE,FALSE,FALSE,3,other
286313402,1,2,1,FALSE,FALSE,TRUE,2,still_orphaned
286313441,3,2,2,FALSE,TRUE,FALSE,1,completed
286313525,4,5,2,TRUE,FALSE,FALSE,3,other
286313937,3,2,2,FALSE,TRUE,FALSE,1,completed
286314061,7,7,4,FALSE,FALSE,FALSE,4,still_orphaned
286314304,2,2,1,TRUE,FALSE,FALSE,1,other
286314390,2,3,1,TRUE,FALSE,FALSE,2,other
286314467,5,4,3,FALSE,FALSE,FALSE,2,still_orphaned
286314493,3,2,2,FALSE,TRUE,FALSE,1,completed
286314566,1,3,1,FALSE,FALSE,TRUE,3,still_orphaned
286314719,1,0,1,FALSE,FALSE,TRUE,0,still_orphaned
286314763,4,5,2,TRUE,FALSE,FALSE,3,other
286315170,4,3,2,TRUE,FALSE,FALSE,1,other
286315660,3,2,2,FALSE,TRUE,FALSE,1,completed
286315853,2,1,1,TRUE,TRUE,FALSE,0,already_paired
286316258,7,7,4,FALSE,FALSE,FALSE,4,still_orphaned
286316294,2,2,1,TRUE,FALSE,FALSE,1,other
286316298,5,6,3,FALSE,FALSE,FALSE,4,still_orphaned
286316344,5,4,3,FALSE,FALSE,FALSE,2,still_orphaned
286316374,5,3,3,FALSE,TRUE,FALSE,1,completed
286316384,2,3,1,TRUE,FALSE,FALSE,2,other
286316396,2,2,1,TRUE,FALSE,FALSE,1,other
286316582,4,5,2,TRUE,FALSE,FALSE,3,other
286316896,3,4,2,FALSE,FALSE,FALSE,3,still_orphaned
286316969,2,2,1,TRUE,FALSE,FALSE,1,other
286316978,1,0,1,FALSE,FALSE,TRUE,0,still_orphaned
286317197,1,2,1,FALSE,FALSE,TRUE,2,still_orphaned
286317268,6,5,3,TRUE,FALSE,FALSE,2,other
286317308,4,6,2,TRUE,FALSE,FALSE,4,other
286317410,4,4,2,TRUE,FALSE,FALSE,2,other
286317459,4,5,2,TRUE,FALSE,FALSE,3,other
286317531,5,4,3,FALSE,FALSE,FALSE,2,still_orphaned
286317642,3,3,2,FALSE,FALSE,FALSE,2,still_orphaned
286317719,2,2,1,TRUE,FALSE,FALSE,1,other
286317848,1,0,1,FALSE,FALSE,TRUE,0,still_orphaned
286318398,1,2,1,FALSE,FALSE,TRUE,2,still_orphaned
286318879,4,3,2,TRUE,FALSE,FALSE,1,other
286318884,1,2,1,FALSE,FALSE,TRUE,2,still_orphaned
286319546,1,3,1,FALSE,FALSE,TRUE,3,still_orphaned
286319940,6,6,3,TRUE,FALSE,FALSE,3,other
286319987,2,5,1,TRUE,FALSE,FALSE,4,other
286320049,2,3,1,TRUE,FALSE,FALSE,2,other
286320093,2,1,1,TRUE,TRUE,FALSE,0,already_paired
286320277,5,4,3,FALSE,FALSE,FALSE,2,still_orphaned
286320296,1,0,1,FALSE,FALSE,TRUE,0,still_orphaned
286320534,3,5,2,FALSE,FALSE,FALSE,4,still_orphaned
286320577,4,4,2,TRUE,FALSE,FALSE,2,other
286320674,3,3,2,FALSE,FALSE,FALSE,2,still_orphaned
286320690,2,3,1,TRUE,FALSE,FALSE,2,other
286320813,3,3,2,FALSE,FALSE,FALSE,2,still_orphaned
286321021,3,1,2,FALSE,FALSE,FALSE,0,still_orphaned
286321323,1,0,1,FALSE,FALSE,TRUE,0,still_orphaned
286321549,2,2,1,TRUE,FALSE,FALSE,1,other
286321576,2,1,1,TRUE,TRUE,FALSE,0,already_paired
286321814,3,4,2,FALSE,FALSE,FALSE,3,still_orphaned
286321851,3,5,2,FALSE,FALSE,FALSE,4,still_orphaned
286322032,5,5,3,FALSE,FALSE,FALSE,3,still_orphaned
286322215,2,1,1,TRUE,TRUE,FALSE,0,already_paired
286322467,2,1,1,TRUE,TRUE,FALSE,0,already_paired
286322673,2,2,1,TRUE,FALSE,FALSE,1,other
286322765,2,2,1,TRUE,FALSE,FALSE,1,other
286322896,2,1,1,TRUE,TRUE,FALSE,0,already_paired
286323210,3,4,2,FALSE,FALSE,FALSE,3,still_orphaned
286323241,4,5,2,TRUE,FALSE,FALSE,3,other
286323359,1,1,1,FALSE,TRUE,TRUE,1,completed
286323412,7,6,4,FALSE,FALSE,FALSE,3,still_orphaned
286323816,6,7,3,TRUE,FALSE,FALSE,4,other
286324025,7,5,4,FALSE,FALSE,FALSE,2,still_orphaned
286324286,3,3,2,FALSE,FALSE,FALSE,2,still_orphaned
286324523,3,5,2,FALSE,FALSE,FALSE,4,still_orphaned
286324525,7,5,4,FALSE,FALSE,FALSE,2,still_orphaned
286324775,4,6,2,TRUE,FALSE,FALSE,4,other
286324958,4,4,2,TRUE,FALSE,FALSE,2,other
286325184,3,5,2,FALSE,FALSE,FALSE,4,still_orphaned
286325218,3,6,2,FALSE,FALSE,FALSE,5,still_orphaned
286325233,2,4,1,TRUE,FALSE,FALSE,3,other
286325276,4,5,2,TRUE,FALSE,FALSE,3,other
286325337,2,1,1,TRUE,TRUE,FALSE,0,already_paired
286325384,3,5,2,FALSE,FALSE,FALSE,4,still_orphaned
286325608,2,2,1,TRUE,FALSE,FALSE,1,other
286326062,2,2,1,TRUE,FALSE,FALSE,1,other
286326124,1,2,1,FALSE,FALSE,TRUE,2,still_orphaned
286326250,3,4,2,FALSE,FALSE,FALSE,3,still_orphaned
286326451,2,2,1,TRUE,FALSE,FALSE,1,other
286326579,2,2,1,TRUE,FALSE,FALSE,1,other
286326651,5,4,3,FALSE,FALSE,FALSE,2,still_orphaned
286326691,1,0,1,FALSE,FALSE,TRUE,0,still_orphaned
286326710,6,7,3,TRUE,FALSE,FALSE,4,other
286326764,1,0,1,FALSE,FALSE,TRUE,0,still_orphaned
286326789,2,2,1,TRUE,FALSE,FALSE,1,other
286327048,4,5,2,TRUE,FALSE,FALSE,3,other
286327277,7,7,4,FALSE,FALSE,FALSE,4,still_orphaned
286327508,3,5,2,FALSE,FALSE,FALSE,4,still_orphaned
286327672,4,3,2,TRUE,FALSE,FALSE,1,other
286327884,1,3,1,FALSE,FALSE,TRUE,3,still_orphaned
286327923,3,5,2,FALSE,FALSE,FALSE,4,still_orphaned
286328073,1,2,1,FALSE,FALSE,TRUE,2,still_orphaned
286328123,2,2,1,TRUE,FALSE,FALSE,1,other
286328360,3,2,2,FALSE,TRUE,FALSE,1,completed
286328459,5,5,3,FALSE,FALSE,FALSE,3,still_orphaned
286328553,2,2,1,TRUE,FALSE,FALSE,1,other
286328890,4,3,2,TRUE,FALSE,FALSE,1,other
286328914,3,3,2,FALSE,FALSE,FALSE,2,still_orphaned
286329095,1,2,1,FALSE,FALSE,TRUE,2,still_orphaned
286329213,2,2,1,TRUE,FALSE,FALSE,1,other
286329388,2,2,1,TRUE,FALSE,FALSE,1,other
286329917,4,6,2,TRUE,FALSE,FALSE,4,other
286330192,5,3,3,FALSE,TRUE,FALSE,1,completed
286330197,3,3,2,FALSE,FALSE,FALSE,2,still_orphaned
286330319,2,2,1,TRUE,FALSE,FALSE,1,other
286330466,2,3,1,TRUE,FALSE,FALSE,2,other
286330609,7,6,4,FALSE,FALSE,FALSE,3,still_orphaned
286330802,3,2,2,FALSE,TRUE,FALSE,1,completed
286330985,5,3,3,FALSE,TRUE,FALSE,1,completed
286331115,1,0,1,FALSE,FALSE,TRUE,0,still_orphaned
286331214,7,6,4,FALSE,FALSE,FALSE,3,still_orphaned
286331277,2,2,1,TRUE,FALSE,FALSE,1,other
286331368,2,1,1,TRUE,TRUE,FALSE,0,already_paired
286331577,1,2,1,FALSE,FALSE,TRUE,2,still_orphaned
286331737,2,3,1,TRUE,FALSE,FALSE,2,other
286331836,1,0,1,FALSE,FALSE,TRUE,0,still_orphaned
286331873,2,2,1,TRUE,FALSE,FALSE,1,other
286332100,4,3,2,TRUE,FALSE,FALSE,1,other
286332265,8,7,4,TRUE,FALSE,FALSE,3,other
286332347,1,3,1,FALSE,FALSE,TRUE,3,still_orphaned
286332459,1,0,1,FALSE,FALSE,TRUE,0,still_orphaned
286332561,2,2,1,TRUE,FALSE,FALSE,1,other
286332801,3,1,2,FALSE,FALSE,FALSE,0,still_orphaned
286332856,5,6,3,FALSE,FALSE,FALSE,4,still_orphaned
286332857,1,2,1,FALSE,FALSE,TRUE,2,still_orphaned
286332953,2,2,1,TRUE,FALSE,FALSE,1,other
286333037,2,1,1,TRUE,TRUE,FALSE,0,already_paired
286333219,3,5,2,FALSE,FALSE,FALSE,4,still_orphaned
286333238,2,2,1,TRUE,FALSE,FALSE,1,other
286333403,1,2,1,FALSE,FALSE,TRUE,2,still_orphaned
286333407,4,4,2,TRUE,FALSE,FALSE,2,other
286333408,1,0,1,FALSE,FALSE,TRUE,0,still_orphaned
286333545,1,0,1,FALSE,FALSE,TRUE,0,still_orphaned
286333596,3,1,2,FALSE,FALSE,FALSE,0,still_orphaned
286333725,2,2,1,TRUE,FALSE,FALSE,1,other
286333794,3,2,2,FALSE,TRUE,FALSE,1,completed
286333801,1,1,1,FALSE,TRUE,TRUE,1,completed
286333938,2,3,1,TRUE,FALSE,FALSE,2,other
286334622,5,3,3,FALSE,TRUE,FALSE,1,completed
286334657,1,2,1,FALSE,FALSE,TRUE,2,still_orphaned
286334734,1,2,1,FALSE,FALSE,TRUE,2,still_orphaned
286335331,2,1,1,TRUE,TRUE,FALSE,0,already_paired
286335350,1,2,1,FALSE,FALSE,TRUE,2,still_orphaned
286335470,2,3,1,TRUE,FALSE,FALSE,2,other
286335672,4,4,2,TRUE,FALSE,FALSE,2,other
286335841,2,3,1,TRUE,FALSE,FALSE,2,other
286335965,3,2,2,FALSE,TRUE,FALSE,1,completed
286336088,4,5,2,TRUE,FALSE,FALSE,3,other
286336269,3,3,2,FALSE,FALSE,FALSE,2,still_orphaned
286336323,1,1,1,FALSE,TRUE,TRUE,1,completed
286336700,2,2,1,TRUE,FALSE,FALSE,1,other
286336760,3,4,2,FALSE,FALSE,FALSE,3,still_orphaned
286336896,2,2,1,TRUE,FALSE,FALSE,1,other
286336908,2,2,1,TRUE,FALSE,FALSE,1,other
286337003,2,2,1,TRUE,FALSE,FALSE,1,other
286337174,2,3,1,TRUE,FALSE,FALSE,2,other
286337284,1,0,1,FALSE,FALSE,TRUE,0,still_orphaned
286337334,4,3,2,TRUE,FALSE,FALSE,1,other
286337372,1,2,1,FALSE,FALSE,TRUE,2,still_orphaned
286337507,4,4,2,TRUE,FALSE,FALSE,2,other
286337870,3,3,2,FALSE,FALSE,FALSE,2,still_orphaned
286338009,2,3,1,TRUE,FALSE,FALSE,2,other
286338163,2,3,1,TRUE,FALSE,FALSE,2,other
286338524,1,2,1,FALSE,FALSE,TRUE,2,still_orphaned
286338651,1,2,1,FALSE,FALSE,TRUE,2,still_orphaned
286338745,2,3,1,TRUE,FALSE,FALSE,2,other
286338766,2,2,1,TRUE,FALSE,FALSE,1,other
286339120,2,2,1,TRUE,FALSE,FALSE,1,other
286343583,2,2,1,TRUE,FALSE,FALSE,1,other
286343706,2,3,1,TRUE,FALSE,FALSE,2,other
286343786,2,3,1,TRUE,FALSE,FALSE,2,other
286343848,5,2,3,FALSE,FALSE,FALSE,0,still_orphaned
286344307,3,2,2,FALSE,TRUE,FALSE,1,completed
286344501,2,3,1,TRUE,FALSE,FALSE,2,other
286344916,3,4,2,FALSE,FALSE,FALSE,3,still_orphaned
286344963,1,3,1,FALSE,FALSE,TRUE,3,still_orphaned
286345101,2,2,1,TRUE,FALSE,FALSE,1,other
286345339,3,2,2,FALSE,TRUE,FALSE,1,completed
286345392,3,2,2,FALSE,TRUE,FALSE,1,completed
286345519,2,3,1,TRUE,FALSE,FALSE,2,other
286345643,1,2,1,FALSE,FALSE,TRUE,2,still_orphaned
286345646,4,3,2,TRUE,FALSE,FALSE,1,other
286345762,3,3,2,FALSE,FALSE,FALSE,2,still_orphaned
286345807,3,2,2,FALSE,TRUE,FALSE,1,completed
286345847,3,2,2,FALSE,TRUE,FALSE,1,completed
286346114,1,2,1,FALSE,FALSE,TRUE,2,still_orphaned
286346153,2,2,1,TRUE,FALSE,FALSE,1,other
286346314,2,1,1,TRUE,TRUE,FALSE,0,already_paired
286346429,3,2,2,FALSE,TRUE,FALSE,1,completed
286346642,4,2,2,TRUE,TRUE,FALSE,0,already_paired
286346793,1,3,1,FALSE,FALSE,TRUE,3,still_orphaned
286346794,5,5,3,FALSE,FALSE,FALSE,3,still_orphaned
286346816,6,5,3,TRUE,FALSE,FALSE,2,other
286346927,2,2,1,TRUE,FALSE,FALSE,1,other
286347010,6,5,3,TRUE,FALSE,FALSE,2,other
286347155,5,4,3,FALSE,FALSE,FALSE,2,still_orphaned
286347488,5,5,3,FALSE,FALSE,FALSE,3,still_orphaned
286347537,3,2,2,FALSE,TRUE,FALSE,1,completed
286347577,3,4,2,FALSE,FALSE,FALSE,3,still_orphaned
286347761,2,2,1,TRUE,FALSE,FALSE,1,other
286348004,5,3,3,FALSE,TRUE,FALSE,1,completed
286348139,1,2,1,FALSE,FALSE,TRUE,2,still_orphaned
286348210,3,4,2,FALSE,FALSE,FALSE,3,still_orphaned
286348359,1,0,1,FALSE,FALSE,TRUE,0,still_orphaned
286348366,7,5,4,FALSE,FALSE,FALSE,2,still_orphaned
286348478,4,5,2,TRUE,FALSE,FALSE,3,other
286348535,1,2,1,FALSE,FALSE,TRUE,2,still_orphaned
286348611,3,3,2,FALSE,FALSE,FALSE,2,still_orphaned
286348696,4,3,2,TRUE,FALSE,FALSE,1,other
286348907,1,2,1,FALSE,FALSE,TRUE,2,still_orphaned
286349066,6,7,3,TRUE,FALSE,FALSE,4,other
286349153,4,3,2,TRUE,FALSE,FALSE,1,other
286349289,1,2,1,FALSE,FALSE,TRUE,2,still_orphaned
286349452,2,2,1,TRUE,FALSE,FALSE,1,other
286349590,7,6,4,FALSE,FALSE,FALSE,3,still_orphaned
286349829,2,1,1,TRUE,TRUE,FALSE,0,already_paired
286350091,1,0,1,FALSE,FALSE,TRUE,0,still_orphaned
286350263,2,3,1,TRUE,FALSE,FALSE,2,other
286350436,1,2,1,FALSE,FALSE,TRUE,2,still_orphaned
286351024,3,3,2,FALSE,FALSE,FALSE,2,still_orphaned
286351154,4,5,2,TRUE,FALSE,FALSE,3,other
286351238,5,2,3,FALSE,FALSE,FALSE,0,still_orphaned
286351397,1,0,1,FALSE,FALSE,TRUE,0,still_orphaned
286351423,1,2,1,FALSE,FALSE,TRUE,2,still_orphaned
286351561,1,0,1,FALSE,FALSE,TRUE,0,still_orphaned
286351643,4,5,2,TRUE,FALSE,FALSE,3,other
286351804,5,6,3,FALSE,FALSE,FALSE,4,still_orphaned
286352030,5,4,3,FALSE,FALSE,FALSE,2,still_orphaned
286352038,2,3,1,TRUE,FALSE,FALSE,2,other
286352209,1,2,1,FALSE,FALSE,TRUE,2,still_orphaned
286352382,3,2,2,FALSE,TRUE,FALSE,1,completed
286352543,3,3,2,FALSE,FALSE,FALSE,2,still_orphaned
286352634,1,2,1,FALSE,FALSE,TRUE,2,still_orphaned
286352876,4,2,2,TRUE,TRUE,FALSE,0,already_paired
286353019,3,5,2,FALSE,FALSE,FALSE,4,still_orphaned
286353052,1,2,1,FALSE,FALSE,TRUE,2,still_orphaned
286353092,1,0,1,FALSE,FALSE,TRUE,0,still_orphaned
286353145,4,5,2,TRUE,FALSE,FALSE,3,other
286353241,6,5,3,TRUE,FALSE,FALSE,2,other
286353460,3,2,2,FALSE,TRUE,FALSE,1,completed
286353591,3,5,2,FALSE,FALSE,FALSE,4,still_orphaned
286353610,2,1,1,TRUE,TRUE,FALSE,0,already_paired
286353698,4,4,2,TRUE,FALSE,FALSE,2,other
286353750,1,0,1,FALSE,FALSE,TRUE,0,still_orphaned
286353765,5,3,3,FALSE,TRUE,FALSE,1,completed
286353874,1,0,1,FALSE,FALSE,TRUE,0,still_orphaned
286354064,2,1,1,TRUE,TRUE,FALSE,0,already_paired
286354184,1,0,1,FALSE,FALSE,TRUE,0,still_orphaned
286354349,2,2,1,TRUE,FALSE,FALSE,1,other
286354493,1,2,1,FALSE,FALSE,TRUE,2,still_orphaned
286354572,3,4,2,FALSE,FALSE,FALSE,3,still_orphaned
286354842,3,5,2,FALSE,FALSE,FALSE,4,still_orphaned
286355224,4,5,2,TRUE,FALSE,FALSE,3,other
286355603,2,1,1,TRUE,TRUE,FALSE,0,already_paired
286355788,1,0,1,FALSE,FALSE,TRUE,0,still_orphaned
286355894,2,3,1,TRUE,FALSE,FALSE,2,other
286356425,1,2,1,FALSE,FALSE,TRUE,2,still_orphaned
286356728,3,4,2,FALSE,FALSE,FALSE,3,still_orphaned
286356777,3,6,2,FALSE,FALSE,FALSE,5,still_orphaned
286356878,5,5,3,FALSE,FALSE,FALSE,3,still_orphaned
286357275,1,2,1,FALSE,FALSE,TRUE,2,still_orphaned
286357519,1,3,1,FALSE,FALSE,TRUE,3,still_orphaned
286357622,2,2,1,TRUE,FALSE,FALSE,1,other
286357652,1,0,1,FALSE,FALSE,TRUE,0,still_orphaned
286357888,3,3,2,FALSE,FALSE,FALSE,2,still_orphaned
286357948,4,4,2,TRUE,FALSE,FALSE,2,other
286358189,3,3,2,FALSE,FALSE,FALSE,2,still_orphaned
286358278,4,2,2,TRUE,TRUE,FALSE,0,already_paired
286358387,2,2,1,TRUE,FALSE,FALSE,1,other
286358432,5,4,3,FALSE,FALSE,FALSE,2,still_orphaned
286358596,3,2,2,FALSE,TRUE,FALSE,1,completed
286358919,2,1,1,TRUE,TRUE,FALSE,0,already_paired
286359310,4,4,2,TRUE,FALSE,FALSE,2,other
286359311,1,2,1,FALSE,FALSE,TRUE,2,still_orphaned
286359384,5,5,3,FALSE,FALSE,FALSE,3,still_orphaned
286359422,3,5,2,FALSE,FALSE,FALSE,4,still_orphaned
286359493,2,3,1,TRUE,FALSE,FALSE,2,other
286359677,6,6,3,TRUE,FALSE,FALSE,3,other
286360046,2,3,1,TRUE,FALSE,FALSE,2,other
286360099,2,2,1,TRUE,FALSE,FALSE,1,other
286360443,3,2,2,FALSE,TRUE,FALSE,1,completed
286360539,5,5,3,FALSE,FALSE,FALSE,3,still_orphaned
286361221,5,6,3,FALSE,FALSE,FALSE,4,still_orphaned
286361289,5,4,3,FALSE,FALSE,FALSE,2,still_orphaned
286361334,1,2,1,FALSE,FALSE,TRUE,2,still_orphaned
286361387,3,5,2,FALSE,FALSE,FALSE,4,still_orphaned
286361506,2,4,1,TRUE,FALSE,FALSE,3,other
286361544,7,3,4,FALSE,FALSE,FALSE,0,still_orphaned
286361705,3,4,2,FALSE,FALSE,FALSE,3,still_orphaned
286361788,4,3,2,TRUE,FALSE,FALSE,1,other
286361789,1,2,1,FALSE,FALSE,TRUE,2,still_orphaned
286362145,3,5,2,FALSE,FALSE,FALSE,4,still_orphaned
286362243,2,3,1,TRUE,FALSE,FALSE,2,other
286362270,6,4,3,TRUE,FALSE,FALSE,1,other
286362283,4,3,2,TRUE,FALSE,FALSE,1,other
286362300,1,3,1,FALSE,FALSE,TRUE,3,still_orphaned
286362432,5,3,3,FALSE,TRUE,FALSE,1,completed
286362638,4,2,2,TRUE,TRUE,FALSE,0,already_paired
286362639,1,2,1,FALSE,FALSE,TRUE,2,still_orphaned
286362691,1,0,1,FALSE,FALSE,TRUE,0,still_orphaned
286363115,5,5,3,FALSE,FALSE,FALSE,3,still_orphaned
286363514,3,5,2,FALSE,FALSE,FALSE,4,still_orphaned
286363616,12,9,6,TRUE,FALSE,FALSE,3,other
286363740,2,1,1,TRUE,TRUE,FALSE,0,already_paired
286364017,2,2,1,TRUE,FALSE,FALSE,1,other
286364079,2,3,1,TRUE,FALSE,FALSE,2,other
286364149,5,4,3,FALSE,FALSE,FALSE,2,still_orphaned
286364240,1,2,1,FALSE,FALSE,TRUE,2,still_orphaned
286364445,3,4,2,FALSE,FALSE,FALSE,3,still_orphaned
286364519,3,4,2,FALSE,FALSE,FALSE,3,still_orphaned
286364885,2,1,1,TRUE,TRUE,FALSE,0,already_paired
286364968,2,2,1,TRUE,FALSE,FALSE,1,other
286365174,4,5,2,TRUE,FALSE,FALSE,3,other
286365282,7,6,4,FALSE,FALSE,FALSE,3,still_orphaned
286365422,3,3,2,FALSE,FALSE,FALSE,2,still_orphaned
286365820,2,3,1,TRUE,FALSE,FALSE,2,other
286365875,4,2,2,TRUE,TRUE,FALSE,0,already_paired
286365955,3,2,2,FALSE,TRUE,FALSE,1,completed
286366333,6,6,3,TRUE,FALSE,FALSE,3,other
286366431,2,4,1,TRUE,FALSE,FALSE,3,other
286366609,2,2,1,TRUE,FALSE,FALSE,1,other
286366737,5,4,3,FALSE,FALSE,FALSE,2,still_orphaned
286366957,2,1,1,TRUE,TRUE,FALSE,0,already_paired
286367060,4,3,2,TRUE,FALSE,FALSE,1,other
286367142,1,2,1,FALSE,FALSE,TRUE,2,still_orphaned
286367233,1,0,1,FALSE,FALSE,TRUE,0,still_orphaned
286367418,4,3,2,TRUE,FALSE,FALSE,1,other
286367435,2,2,1,TRUE,FALSE,FALSE,1,other
286367601,3,2,2,FALSE,TRUE,FALSE,1,completed
286367872,2,1,1,TRUE,TRUE,FALSE,0,already_paired
286367937,4,4,2,TRUE,FALSE,FALSE,2,other
286367941,2,3,1,TRUE,FALSE,FALSE,2,other
286367963,3,2,2,FALSE,TRUE,FALSE,1,completed
286368124,2,1,1,TRUE,TRUE,FALSE,0,already_paired
286368287,3,3,2,FALSE,FALSE,FALSE,2,still_orphaned
286368465,2,2,1,TRUE,FALSE,FALSE,1,other
286368492,5,4,3,FALSE,FALSE,FALSE,2,still_orphaned
286368501,2,3,1,TRUE,FALSE,FALSE,2,other
286368744,3,4,2,FALSE,FALSE,FALSE,3,still_orphaned
286368946,3,3,2,FALSE,FALSE,FALSE,2,still_orphaned
286368971,2,1,1,TRUE,TRUE,FALSE,0,already_paired
286369083,1,1,1,FALSE,TRUE,TRUE,1,completed
286369121,5,3,3,FALSE,TRUE,FALSE,1,completed
286369135,3,2,2,FALSE,TRUE,FALSE,1,completed
286369313,4,3,2,TRUE,FALSE,FALSE,1,other
286369327,1,0,1,FALSE,FALSE,TRUE,0,still_orphaned
286369351,5,3,3,FALSE,TRUE,FALSE,1,completed
286369486,1,0,1,FALSE,FALSE,TRUE,0,still_orphaned
286369502,2,2,1,TRUE,FALSE,FALSE,1,other
286369547,2,2,1,TRUE,FALSE,FALSE,1,other
286369595,4,3,2,TRUE,FALSE,FALSE,1,other
286369650,5,4,3,FALSE,FALSE,FALSE,2,still_orphaned
286369907,2,2,1,TRUE,FALSE,FALSE,1,other
286369998,3,4,2,FALSE,FALSE,FALSE,3,still_orphaned
286370138,1,2,1,FALSE,FALSE,TRUE,2,still_orphaned
286370483,1,2,1,FALSE,FALSE,TRUE,2,still_orphaned
286370592,6,6,3,TRUE,FALSE,FALSE,3,other
286370600,2,4,1,TRUE,FALSE,FALSE,3,other
286370646,2,2,1,TRUE,FALSE,FALSE,1,other
286370798,2,2,1,TRUE,FALSE,FALSE,1,other
286371377,3,3,2,FALSE,FALSE,FALSE,2,still_orphaned
286371386,2,3,1,TRUE,FALSE,FALSE,2,other
286371689,5,3,3,FALSE,TRUE,FALSE,1,completed
286371807,1,0,1,FALSE,FALSE,TRUE,0,still_orphaned
286372084,1,1,1,FALSE,TRUE,TRUE,1,completed
286372116,1,2,1,FALSE,FALSE,TRUE,2,still_orphaned
286372268,1,2,1,FALSE,FALSE,TRUE,2,still_orphaned
286372288,3,1,2,FALSE,FALSE,FALSE,0,still_orphaned
286372295,1,4,1,FALSE,FALSE,TRUE,4,still_orphaned
286372404,2,1,1,TRUE,TRUE,FALSE,0,already_paired
286372653,1,2,1,FALSE,FALSE,TRUE,2,still_orphaned
286372664,1,2,1,FALSE,FALSE,TRUE,2,still_orphaned
286372912,2,1,1,TRUE,TRUE,FALSE,0,already_paired
286373005,6,4,3,TRUE,FALSE,FALSE,1,other
286373285,3,2,2,FALSE,TRUE,FALSE,1,completed
286373437,5,3,3,FALSE,TRUE,FALSE,1,completed
286373474,1,2,1,FALSE,FALSE,TRUE,2,still_orphaned
286373657,3,1,2,FALSE,FALSE,FALSE,0,still_orphaned
286373713,3,3,2,FALSE,FALSE,FALSE,2,still_orphaned
286373827,4,3,2,TRUE,FALSE,FALSE,1,other
286373838,2,2,1,TRUE,FALSE,FALSE,1,other
286373945,1,2,1,FALSE,FALSE,TRUE,2,still_orphaned
286374078,2,2,1,TRUE,FALSE,FALSE,1,other
286374124,2,2,1,TRUE,FALSE,FALSE,1,other
286374283,1,2,1,FALSE,FALSE,TRUE,2,still_orphaned
286374518,3,4,2,FALSE,FALSE,FALSE,3,still_orphaned
286375200,1,0,1,FALSE,FALSE,TRUE,0,still_orphaned
286375351,2,2,1,TRUE,FALSE,FALSE,1,other
286390977,2,2,1,TRUE,FALSE,FALSE,1,other
286391953,5,4,3,FALSE,FALSE,FALSE,2,still_orphaned
286392354,3,2,2,FALSE,TRUE,FALSE,1,completed
286392923,1,1,1,FALSE,TRUE,TRUE,1,completed
286393254,1,0,1,FALSE,FALSE,TRUE,0,still_orphaned
286393284,10,7,5,TRUE,FALSE,FALSE,2,other
286393393,3,5,2,FALSE,FALSE,FALSE,4,still_orphaned
286393673,5,5,3,FALSE,FALSE,FALSE,3,still_orphaned
286393868,3,1,2,FALSE,FALSE,FALSE,0,still_orphaned
286394005,5,3,3,FALSE,TRUE,FALSE,1,completed
286394236,5,5,3,FALSE,FALSE,FALSE,3,still_orphaned
286394282,1,2,1,FALSE,FALSE,TRUE,2,still_orphaned
286394286,4,3,2,TRUE,FALSE,FALSE,1,other
286394476,3,4,2,FALSE,FALSE,FALSE,3,still_orphaned
286394541,7,6,4,FALSE,FALSE,FALSE,3,still_orphaned
286394548,2,2,1,TRUE,FALSE,FALSE,1,other
286394552,3,1,2,FALSE,FALSE,FALSE,0,still_orphaned
286394650,3,3,2,FALSE,FALSE,FALSE,2,still_orphaned
286394670,1,0,1,FALSE,FALSE,TRUE,0,still_orphaned
286394726,1,1,1,FALSE,TRUE,TRUE,1,completed
286394741,2,1,1,TRUE,TRUE,FALSE,0,already_paired
286395074,3,6,2,FALSE,FALSE,FALSE,5,still_orphaned
286395149,1,2,1,FALSE,FALSE,TRUE,2,still_orphaned
286395166,1,0,1,FALSE,FALSE,TRUE,0,still_orphaned
286395273,1,0,1,FALSE,FALSE,TRUE,0,still_orphaned
286395318,4,3,2,TRUE,FALSE,FALSE,1,other
286395668,2,1,1,TRUE,TRUE,FALSE,0,already_paired
286395704,1,0,1,FALSE,FALSE,TRUE,0,still_orphaned
286395840,4,3,2,TRUE,FALSE,FALSE,1,other
286396001,1,0,1,FALSE,FALSE,TRUE,0,still_orphaned
286396236,3,4,2,FALSE,FALSE,FALSE,3,still_orphaned
286396253,3,3,2,FALSE,FALSE,FALSE,2,still_orphaned
286396401,3,1,2,FALSE,FALSE,FALSE,0,still_orphaned
286396441,1,0,1,FALSE,FALSE,TRUE,0,still_orphaned
286396513,2,2,1,TRUE,FALSE,FALSE,1,other
286396530,2,1,1,TRUE,TRUE,FALSE,0,already_paired
286396674,4,2,2,TRUE,TRUE,FALSE,0,already_paired
286396745,3,2,2,FALSE,TRUE,FALSE,1,completed
286396913,3,2,2,FALSE,TRUE,FALSE,1,completed
286396916,2,4,1,TRUE,FALSE,FALSE,3,other
286397155,3,1,2,FALSE,FALSE,FALSE,0,still_orphaned
286397278,2,1,1,TRUE,TRUE,FALSE,0,already_paired
286397365,3,3,2,FALSE,FALSE,FALSE,2,still_orphaned
286397366,4,4,2,TRUE,FALSE,FALSE,2,other
286397668,2,2,1,TRUE,FALSE,FALSE,1,other
286397755,2,1,1,TRUE,TRUE,FALSE,0,already_paired
286397773,4,6,2,TRUE,FALSE,FALSE,4,other
286398037,2,1,1,TRUE,TRUE,FALSE,0,already_paired
286398103,2,2,1,TRUE,FALSE,FALSE,1,other
286398217,1,2,1,FALSE,FALSE,TRUE,2,still_orphaned
286398310,1,0,1,FALSE,FALSE,TRUE,0,still_orphaned
286398328,5,3,3,FALSE,TRUE,FALSE,1,completed
286398704,3,5,2,FALSE,FALSE,FALSE,4,still_orphaned
286398724,1,0,1,FALSE,FALSE,TRUE,0,still_orphaned
286399289,3,2,2,FALSE,TRUE,FALSE,1,completed
286399303,2,1,1,TRUE,TRUE,FALSE,0,already_paired
286399362,3,3,2,FALSE,FALSE,FALSE,2,still_orphaned
286399612,1,0,1,FALSE,FALSE,TRUE,0,still_orphaned
286399707,3,3,2,FALSE,FALSE,FALSE,2,still_orphaned
286399785,3,3,2,FALSE,FALSE,FALSE,2,still_orphaned
286399832,3,5,2,FALSE,FALSE,FALSE,4,still_orphaned
286399872,3,2,2,FALSE,TRUE,FALSE,1,completed
286400095,6,6,3,TRUE,FALSE,FALSE,3,other
286400130,6,5,3,TRUE,FALSE,FALSE,2,other
286400152,2,2,1,TRUE,FALSE,FALSE,1,other
286400376,4,4,2,TRUE,FALSE,FALSE,2,other
286400437,5,6,3,FALSE,FALSE,FALSE,4,still_orphaned
286400446,3,2,2,FALSE,TRUE,FALSE,1,completed
286400610,3,3,2,FALSE,FALSE,FALSE,2,still_orphaned
286400723,3,4,2,FALSE,FALSE,FALSE,3,still_orphaned
286400825,2,2,1,TRUE,FALSE,FALSE,1,other
286401027,1,2,1,FALSE,FALSE,TRUE,2,still_orphaned
286401290,4,3,2,TRUE,FALSE,FALSE,1,other
286401347,5,5,3,FALSE,FALSE,FALSE,3,still_orphaned
286401387,4,5,2,TRUE,FALSE,FALSE,3,other
286401730,2,1,1,TRUE,TRUE,FALSE,0,already_paired
286401795,1,2,1,FALSE,FALSE,TRUE,2,still_orphaned
286401920,1,2,1,FALSE,FALSE,TRUE,2,still_orphaned
286402112,3,4,2,FALSE,FALSE,FALSE,3,still_orphaned
286402243,3,4,2,FALSE,FALSE,FALSE,3,still_orphaned
286402535,6,5,3,TRUE,FALSE,FALSE,2,other
286402692,4,4,2,TRUE,FALSE,FALSE,2,other
286403060,3,5,2,FALSE,FALSE,FALSE,4,still_orphaned
286403297,1,3,1,FALSE,FALSE,TRUE,3,still_orphaned
286403524,1,2,1,FALSE,FALSE,TRUE,2,still_orphaned
286403600,6,4,3,TRUE,FALSE,FALSE,1,other
286403612,1,1,1,FALSE,TRUE,TRUE,1,completed
286403659,1,2,1,FALSE,FALSE,TRUE,2,still_orphaned
286403837,2,2,1,TRUE,FALSE,FALSE,1,other
286404121,2,3,1,TRUE,FALSE,FALSE,2,other
286404292,2,2,1,TRUE,FALSE,FALSE,1,other
286404491,1,0,1,FALSE,FALSE,TRUE,0,still_orphaned
286404717,4,5,2,TRUE,FALSE,FALSE,3,other
286405074,2,2,1,TRUE,FALSE,FALSE,1,other
286405708,2,2,1,TRUE,FALSE,FALSE,1,other
286405712,1,1,1,FALSE,TRUE,TRUE,1,completed
286405716,5,5,3,FALSE,FALSE,FALSE,3,still_orphaned
286405941,2,2,1,TRUE,FALSE,FALSE,1,other
286406057,4,6,2,TRUE,FALSE,FALSE,4,other
286406161,1,0,1,FALSE,FALSE,TRUE,0,still_orphaned
286406385,4,4,2,TRUE,FALSE,FALSE,2,other
286406513,1,0,1,FALSE,FALSE,TRUE,0,still_orphaned
286406531,4,3,2,TRUE,FALSE,FALSE,1,other
286406649,4,4,2,TRUE,FALSE,FALSE,2,other
286406683,3,6,2,FALSE,FALSE,FALSE,5,still_orphaned
286406737,3,3,2,FALSE,FALSE,FALSE,2,still_orphaned
286406755,6,7,3,TRUE,FALSE,FALSE,4,other
286406821,3,2,2,FALSE,TRUE,FALSE,1,completed
286406834,2,1,1,TRUE,TRUE,FALSE,0,already_paired
286406885,1,2,1,FALSE,FALSE,TRUE,2,still_orphaned
286407159,4,2,2,TRUE,TRUE,FALSE,0,already_paired
286407426,2,4,1,TRUE,FALSE,FALSE,3,other
286407674,4,3,2,TRUE,FALSE,FALSE,1,other
286407735,4,4,2,TRUE,FALSE,FALSE,2,other
286407835,2,2,1,TRUE,FALSE,FALSE,1,other
286408006,1,0,1,FALSE,FALSE,TRUE,0,still_orphaned
286408007,1,2,1,FALSE,FALSE,TRUE,2,still_orphaned
286408297,2,2,1,TRUE,FALSE,FALSE,1,other
286408346,1,0,1,FALSE,FALSE,TRUE,0,still_orphaned
286408901,1,2,1,FALSE,FALSE,TRUE,2,still_orphaned
286409078,4,2,2,TRUE,TRUE,FALSE,0,already_paired
286409185,1,2,1,FALSE,FALSE,TRUE,2,still_orphaned
286409363,3,2,2,FALSE,TRUE,FALSE,1,completed
286409431,3,1,2,FALSE,FALSE,FALSE,0,still_orphaned
286409441,5,6,3,FALSE,FALSE,FALSE,4,still_orphaned
286409601,2,2,1,TRUE,FALSE,FALSE,1,other
286409761,4,4,2,TRUE,FALSE,FALSE,2,other
286409769,1,0,1,FALSE,FALSE,TRUE,0,still_orphaned
286410069,5,6,3,FALSE,FALSE,FALSE,4,still_orphaned
286410166,4,3,2,TRUE,FALSE,FALSE,1,other
286410167,2,2,1,TRUE,FALSE,FALSE,1,other
286410518,2,1,1,TRUE,TRUE,FALSE,0,already_paired
286410534,5,3,3,FALSE,TRUE,FALSE,1,completed
286410594,3,3,2,FALSE,FALSE,FALSE,2,still_orphaned
286410629,2,2,1,TRUE,FALSE,FALSE,1,other
286410676,3,4,2,FALSE,FALSE,FALSE,3,still_orphaned
286410835,1,2,1,FALSE,FALSE,TRUE,2,still_orphaned
286411091,1,2,1,FALSE,FALSE,TRUE,2,still_orphaned
286411280,5,7,3,FALSE,FALSE,FALSE,5,still_orphaned
286411492,2,3,1,TRUE,FALSE,FALSE,2,other
286411617,3,2,2,FALSE,TRUE,FALSE,1,completed
286411661,1,0,1,FALSE,FALSE,TRUE,0,still_orphaned
286411695,5,5,3,FALSE,FALSE,FALSE,3,still_orphaned
286411887,4,3,2,TRUE,FALSE,FALSE,1,other
286412028,3,3,2,FALSE,FALSE,FALSE,2,still_orphaned
286412258,4,3,2,TRUE,FALSE,FALSE,1,other
286412420,2,2,1,TRUE,FALSE,FALSE,1,other
286412699,1,2,1,FALSE,FALSE,TRUE,2,still_orphaned
286412818,1,2,1,FALSE,FALSE,TRUE,2,still_orphaned
286412823,5,5,3,FALSE,FALSE,FALSE,3,still_orphaned
286412961,4,4,2,TRUE,FALSE,FALSE,2,other
286413204,3,1,2,FALSE,FALSE,FALSE,0,still_orphaned
286413650,2,2,1,TRUE,FALSE,FALSE,1,other
286414139,1,2,1,FALSE,FALSE,TRUE,2,still_orphaned
286414314,2,2,1,TRUE,FALSE,FALSE,1,other
286414382,2,3,1,TRUE,FALSE,FALSE,2,other
286414405,5,4,3,FALSE,FALSE,FALSE,2,still_orphaned
286414514,6,4,3,TRUE,FALSE,FALSE,1,other
286414520,2,2,1,TRUE,FALSE,FALSE,1,other
286414610,2,3,1,TRUE,FALSE,FALSE,2,other
286414727,2,2,1,TRUE,FALSE,FALSE,1,other
286414830,1,3,1,FALSE,FALSE,TRUE,3,still_orphaned
286415257,2,1,1,TRUE,TRUE,FALSE,0,already_paired
286415379,2,2,1,TRUE,FALSE,FALSE,1,other
286415636,2,3,1,TRUE,FALSE,FALSE,2,other
286415710,3,2,2,FALSE,TRUE,FALSE,1,completed
286415743,2,2,1,TRUE,FALSE,FALSE,1,other
286415911,4,4,2,TRUE,FALSE,FALSE,2,other
286415966,3,3,2,FALSE,FALSE,FALSE,2,still_orphaned
286416032,1,2,1,FALSE,FALSE,TRUE,2,still_orphaned
286416103,2,2,1,TRUE,FALSE,FALSE,1,other
286416149,1,2,1,FALSE,FALSE,TRUE,2,still_orphaned
286416402,6,6,3,TRUE,FALSE,FALSE,3,other
286416555,3,1,2,FALSE,FALSE,FALSE,0,still_orphaned
286416654,3,2,2,FALSE,TRUE,FALSE,1,completed
286416742,2,1,1,TRUE,TRUE,FALSE,0,already_paired
286416809,6,4,3,TRUE,FALSE,FALSE,1,other
286416858,5,3,3,FALSE,TRUE,FALSE,1,completed
286416862,6,6,3,TRUE,FALSE,FALSE,3,other
286416994,1,0,1,FALSE,FALSE,TRUE,0,still_orphaned
286417112,1,4,1,FALSE,FALSE,TRUE,4,still_orphaned
286417197,2,1,1,TRUE,TRUE,FALSE,0,already_paired
286417247,3,4,2,FALSE,FALSE,FALSE,3,still_orphaned
286417321,2,2,1,TRUE,FALSE,FALSE,1,other
286417325,4,5,2,TRUE,FALSE,FALSE,3,other
286417574,3,5,2,FALSE,FALSE,FALSE,4,still_orphaned
286417599,3,1,2,FALSE,FALSE,FALSE,0,still_orphaned
286417873,2,3,1,TRUE,FALSE,FALSE,2,other
286418273,4,4,2,TRUE,FALSE,FALSE,2,other
286418342,2,1,1,TRUE,TRUE,FALSE,0,already_paired
286418405,4,3,2,TRUE,FALSE,FALSE,1,other
286418430,1,4,1,FALSE,FALSE,TRUE,4,still_orphaned
286418542,1,2,1,FALSE,FALSE,TRUE,2,still_orphaned
286418936,4,4,2,TRUE,FALSE,FALSE,2,other
286419194,2,2,1,TRUE,FALSE,FALSE,1,other
286419353,4,4,2,TRUE,FALSE,FALSE,2,other
286419524,5,5,3,FALSE,FALSE,FALSE,3,still_orphaned
286419552,1,0,1,FALSE,FALSE,TRUE,0,still_orphaned
286419789,2,3,1,TRUE,FALSE,FALSE,2,other
286419858,3,3,2,FALSE,FALSE,FALSE,2,still_orphaned
286419991,1,3,1,FALSE,FALSE,TRUE,3,still_orphaned
286420340,2,3,1,TRUE,FALSE,FALSE,2,other
286420413,1,0,1,FALSE,FALSE,TRUE,0,still_orphaned
286420835,1,3,1,FALSE,FALSE,TRUE,3,still_orphaned
286420849,2,1,1,TRUE,TRUE,FALSE,0,already_paired
286420958,2,2,1,TRUE,FALSE,FALSE,1,other
286421223,2,1,1,TRUE,TRUE,FALSE,0,already_paired
286421370,2,2,1,TRUE,FALSE,FALSE,1,other
286421463,3,3,2,FALSE,FALSE,FALSE,2,still_orphaned
286421471,4,4,2,TRUE,FALSE,FALSE,2,other
286421777,3,3,2,FALSE,FALSE,FALSE,2,still_orphaned
286421819,3,5,2,FALSE,FALSE,FALSE,4,still_orphaned
286422479,2,2,1,TRUE,FALSE,FALSE,1,other
286422940,2,1,1,TRUE,TRUE,FALSE,0,already_paired
286422988,2,2,1,TRUE,FALSE,FALSE,1,other
286427738,1,3,1,FALSE,FALSE,TRUE,3,still_orphaned
286428604,1,2,1,FALSE,FALSE,TRUE,2,still_orphaned
286429080,2,2,1,TRUE,FALSE,FALSE,1,other
286429223,4,4,2,TRUE,FALSE,FALSE,2,other
286429692,3,3,2,FALSE,FALSE,FALSE,2,still_orphaned
286430012,2,2,1,TRUE,FALSE,FALSE,1,other
286430150,2,1,1,TRUE,TRUE,FALSE,0,already_paired
286430502,2,3,1,TRUE,FALSE,FALSE,2,other
286430697,2,3,1,TRUE,FALSE,FALSE,2,other
286430723,1,2,1,FALSE,FALSE,TRUE,2,still_orphaned
286430785,1,0,1,FALSE,FALSE,TRUE,0,still_orphaned
286430818,3,2,2,FALSE,TRUE,FALSE,1,completed
286430960,5,4,3,FALSE,FALSE,FALSE,2,still_orphaned
286431250,2,2,1,TRUE,FALSE,FALSE,1,other
286431282,2,2,1,TRUE,FALSE,FALSE,1,other
286431297,4,5,2,TRUE,FALSE,FALSE,3,other
286431349,1,2,1,FALSE,FALSE,TRUE,2,still_orphaned
286431416,3,5,2,FALSE,FALSE,FALSE,4,still_orphaned
286431460,1,0,1,FALSE,FALSE,TRUE,0,still_orphaned
286431554,2,3,1,TRUE,FALSE,FALSE,2,other
286431728,6,5,3,TRUE,FALSE,FALSE,2,other
286431848,3,3,2,FALSE,FALSE,FALSE,2,still_orphaned
286431944,2,1,1,TRUE,TRUE,FALSE,0,already_paired
286432107,6,5,3,TRUE,FALSE,FALSE,2,other
286432211,3,3,2,FALSE,FALSE,FALSE,2,still_orphaned
286432489,2,3,1,TRUE,FALSE,FALSE,2,other
286432547,2,2,1,TRUE,FALSE,FALSE,1,other
286432632,2,3,1,TRUE,FALSE,FALSE,2,other
286432752,1,0,1,FALSE,FALSE,TRUE,0,still_orphaned
286432823,3,2,2,FALSE,TRUE,FALSE,1,completed
286432847,3,3,2,FALSE,FALSE,FALSE,2,still_orphaned
286432864,3,2,2,FALSE,TRUE,FALSE,1,completed
286433037,3,3,2,FALSE,FALSE,FALSE,2,still_orphaned
286433048,5,3,3,FALSE,TRUE,FALSE,1,completed
286433090,2,2,1,TRUE,FALSE,FALSE,1,other
286433208,2,2,1,TRUE,FALSE,FALSE,1,other
286433353,2,2,1,TRUE,FALSE,FALSE,1,other
286433449,3,4,2,FALSE,FALSE,FALSE,3,still_orphaned
286433576,2,3,1,TRUE,FALSE,FALSE,2,other
286433719,4,5,2,TRUE,FALSE,FALSE,3,other
286434119,3,2,2,FALSE,TRUE,FALSE,1,completed
286434197,1,2,1,FALSE,FALSE,TRUE,2,still_orphaned
286434248,2,3,1,TRUE,FALSE,FALSE,2,other
286434362,2,2,1,TRUE,FALSE,FALSE,1,other
286434515,1,0,1,FALSE,FALSE,TRUE,0,still_orphaned
286434552,2,2,1,TRUE,FALSE,FALSE,1,other
286434633,1,0,1,FALSE,FALSE,TRUE,0,still_orphaned
286435121,1,2,1,FALSE,FALSE,TRUE,2,still_orphaned
286435163,1,0,1,FALSE,FALSE,TRUE,0,still_orphaned
286435291,5,4,3,FALSE,FALSE,FALSE,2,still_orphaned
286435566,1,0,1,FALSE,FALSE,TRUE,0,still_orphaned
286436167,4,4,2,TRUE,FALSE,FALSE,2,other
286436275,3,1,2,FALSE,FALSE,FALSE,0,still_orphaned
286436355,5,5,3,FALSE,FALSE,FALSE,3,still_orphaned
286436411,3,3,2,FALSE,FALSE,FALSE,2,still_orphaned
286436422,1,3,1,FALSE,FALSE,TRUE,3,still_orphaned
286436526,3,6,2,FALSE,FALSE,FALSE,5,still_orphaned
286436664,2,4,1,TRUE,FALSE,FALSE,3,other
286436695,3,1,2,FALSE,FALSE,FALSE,0,still_orphaned
286436741,3,3,2,FALSE,FALSE,FALSE,2,still_orphaned
286436747,2,1,1,TRUE,TRUE,FALSE,0,already_paired
286436960,5,3,3,FALSE,TRUE,FALSE,1,completed
286437001,3,3,2,FALSE,FALSE,FALSE,2,still_orphaned
286437243,2,2,1,TRUE,FALSE,FALSE,1,other
286437274,2,2,1,TRUE,FALSE,FALSE,1,other
286437384,4,5,2,TRUE,FALSE,FALSE,3,other
286437547,1,0,1,FALSE,FALSE,TRUE,0,still_orphaned
286437578,3,3,2,FALSE,FALSE,FALSE,2,still_orphaned
286437762,5,5,3,FALSE,FALSE,FALSE,3,still_orphaned
286437948,3,3,2,FALSE,FALSE,FALSE,2,still_orphaned
286438076,7,6,4,FALSE,FALSE,FALSE,3,still_orphaned
286438228,1,2,1,FALSE,FALSE,TRUE,2,still_orphaned
286438531,3,3,2,FALSE,FALSE,FALSE,2,still_orphaned
286438692,2,3,1,TRUE,FALSE,FALSE,2,other
286438732,2,2,1,TRUE,FALSE,FALSE,1,other
286438944,3,4,2,FALSE,FALSE,FALSE,3,still_orphaned
286439021,3,3,2,FALSE,FALSE,FALSE,2,still_orphaned
286439187,3,2,2,FALSE,TRUE,FALSE,1,completed
286439221,2,2,1,TRUE,FALSE,FALSE,1,other
286439499,3,2,2,FALSE,TRUE,FALSE,1,completed
286439706,3,5,2,FALSE,FALSE,FALSE,4,still_orphaned
286440213,2,3,1,TRUE,FALSE,FALSE,2,other
286440518,3,4,2,FALSE,FALSE,FALSE,3,still_orphaned
286440554,3,2,2,FALSE,TRUE,FALSE,1,completed
286440746,2,2,1,TRUE,FALSE,FALSE,1,other
286440932,3,3,2,FALSE,FALSE,FALSE,2,still_orphaned
286441212,5,3,3,FALSE,TRUE,FALSE,1,completed
286441386,2,1,1,TRUE,TRUE,FALSE,0,already_paired
286441532,4,5,2,TRUE,FALSE,FALSE,3,other
286441630,2,2,1,TRUE,FALSE,FALSE,1,other
286441716,1,2,1,FALSE,FALSE,TRUE,2,still_orphaned
286441966,2,2,1,TRUE,FALSE,FALSE,1,other
286442346,2,3,1,TRUE,FALSE,FALSE,2,other
286442557,2,2,1,TRUE,FALSE,FALSE,1,other
286442561,4,5,2,TRUE,FALSE,FALSE,3,other
286442852,1,2,1,FALSE,FALSE,TRUE,2,still_orphaned
286443319,2,2,1,TRUE,FALSE,FALSE,1,other
286443367,2,1,1,TRUE,TRUE,FALSE,0,already_paired
286443527,2,2,1,TRUE,FALSE,FALSE,1,other
286443575,4,3,2,TRUE,FALSE,FALSE,1,other
286443674,2,1,1,TRUE,TRUE,FALSE,0,already_paired
286443761,1,0,1,FALSE,FALSE,TRUE,0,still_orphaned
286443952,2,2,1,TRUE,FALSE,FALSE,1,other
286444060,2,2,1,TRUE,FALSE,FALSE,1,other
286444263,3,3,2,FALSE,FALSE,FALSE,2,still_orphaned
286444543,1,0,1,FALSE,FALSE,TRUE,0,still_orphaned
286444760,3,3,2,FALSE,FALSE,FALSE,2,still_orphaned
286444835,3,3,2,FALSE,FALSE,FALSE,2,still_orphaned
286444878,1,0,1,FALSE,FALSE,TRUE,0,still_orphaned
286444949,4,4,2,TRUE,FALSE,FALSE,2,other
286445021,1,2,1,FALSE,FALSE,TRUE,2,still_orphaned
286445307,1,2,1,FALSE,FALSE,TRUE,2,still_orphaned
286445415,4,2,2,TRUE,TRUE,FALSE,0,already_paired
286445443,2,2,1,TRUE,FALSE,FALSE,1,other
286445716,3,5,2,FALSE,FALSE,FALSE,4,still_orphaned
286445924,4,2,2,TRUE,TRUE,FALSE,0,already_paired
286446034,1,3,1,FALSE,FALSE,TRUE,3,still_orphaned
286446161,5,5,3,FALSE,FALSE,FALSE,3,still_orphaned
286446195,2,2,1,TRUE,FALSE,FALSE,1,other
286446217,2,1,1,TRUE,TRUE,FALSE,0,already_paired
286446231,1,0,1,FALSE,FALSE,TRUE,0,still_orphaned
286446419,4,3,2,TRUE,FALSE,FALSE,1,other
286446731,3,5,2,FALSE,FALSE,FALSE,4,still_orphaned
286446825,4,3,2,TRUE,FALSE,FALSE,1,other
286446873,4,3,2,TRUE,FALSE,FALSE,1,other
286447091,1,0,1,FALSE,FALSE,TRUE,0,still_orphaned
286447258,3,4,2,FALSE,FALSE,FALSE,3,still_orphaned
286447402,2,2,1,TRUE,FALSE,FALSE,1,other
286447461,4,4,2,TRUE,FALSE,FALSE,2,other
286447501,2,2,1,TRUE,FALSE,FALSE,1,other
286447794,7,8,4,FALSE,FALSE,FALSE,5,still_orphaned
286448312,3,5,2,FALSE,FALSE,FALSE,4,still_orphaned
286448971,3,3,2,FALSE,FALSE,FALSE,2,still_orphaned
286449158,2,1,1,TRUE,TRUE,FALSE,0,already_paired
286449377,3,4,2,FALSE,FALSE,FALSE,3,still_orphaned
286449575,3,1,2,FALSE,FALSE,FALSE,0,still_orphaned
286449632,7,4,4,FALSE,TRUE,FALSE,1,completed
286449665,2,1,1,TRUE,TRUE,FALSE,0,already_paired
286449674,1,0,1,FALSE,FALSE,TRUE,0,still_orphaned
286449875,2,3,1,TRUE,FALSE,FALSE,2,other
286450000,2,1,1,TRUE,TRUE,FALSE,0,already_paired
286450019,5,5,3,FALSE,FALSE,FALSE,3,still_orphaned
286450079,2,2,1,TRUE,FALSE,FALSE,1,other
286450080,2,3,1,TRUE,FALSE,FALSE,2,other
286450098,3,1,2,FALSE,FALSE,FALSE,0,still_orphaned
286450209,4,4,2,TRUE,FALSE,FALSE,2,other
286450285,1,3,1,FALSE,FALSE,TRUE,3,still_orphaned
286450355,4,3,2,TRUE,FALSE,FALSE,1,other
286450790,3,2,2,FALSE,TRUE,FALSE,1,completed
286450923,3,2,2,FALSE,TRUE,FALSE,1,completed
286451211,1,3,1,FALSE,FALSE,TRUE,3,still_orphaned
286451416,1,3,1,FALSE,FALSE,TRUE,3,still_orphaned
286451562,2,1,1,TRUE,TRUE,FALSE,0,already_paired
286451789,4,4,2,TRUE,FALSE,FALSE,2,other
286451855,5,5,3,FALSE,FALSE,FALSE,3,still_orphaned
286451910,2,2,1,TRUE,FALSE,FALSE,1,other
286452001,1,2,1,FALSE,FALSE,TRUE,2,still_orphaned
286452300,1,3,1,FALSE,FALSE,TRUE,3,still_orphaned
286452382,3,2,2,FALSE,TRUE,FALSE,1,completed
286452514,2,3,1,TRUE,FALSE,FALSE,2,other
286452570,3,3,2,FALSE,FALSE,FALSE,2,still_orphaned
286452866,3,3,2,FALSE,FALSE,FALSE,2,still_orphaned
286452934,1,0,1,FALSE,FALSE,TRUE,0,still_orphaned
286453121,4,3,2,TRUE,FALSE,FALSE,1,other
286453127,3,1,2,FALSE,FALSE,FALSE,0,still_orphaned
286453157,4,3,2,TRUE,FALSE,FALSE,1,other
286453206,3,3,2,FALSE,FALSE,FALSE,2,still_orphaned
286453628,2,3,1,TRUE,FALSE,FALSE,2,other
286453710,4,4,2,TRUE,FALSE,FALSE,2,other
286453868,4,4,2,TRUE,FALSE,FALSE,2,other
286454037,2,2,1,TRUE,FALSE,FALSE,1,other
286454113,2,3,1,TRUE,FALSE,FALSE,2,other
286454159,2,2,1,TRUE,FALSE,FALSE,1,other
286454189,2,3,1,TRUE,FALSE,FALSE,2,other
286454228,4,3,2,TRUE,FALSE,FALSE,1,other
286454428,3,2,2,FALSE,TRUE,FALSE,1,completed
286454569,3,5,2,FALSE,FALSE,FALSE,4,still_orphaned
286454593,1,0,1,FALSE,FALSE,TRUE,0,still_orphaned
286454638,2,2,1,TRUE,FALSE,FALSE,1,other
286454994,3,2,2,FALSE,TRUE,FALSE,1,completed
286455158,3,5,2,FALSE,FALSE,FALSE,4,still_orphaned
286455203,1,0,1,FALSE,FALSE,TRUE,0,still_orphaned
286455220,5,6,3,FALSE,FALSE,FALSE,4,still_orphaned
286455591,1,0,1,FALSE,FALSE,TRUE,0,still_orphaned
286455641,4,3,2,TRUE,FALSE,FALSE,1,other
286455866,5,6,3,FALSE,FALSE,FALSE,4,still_orphaned
286456025,3,3,2,FALSE,FALSE,FALSE,2,still_orphaned
286456147,2,1,1,TRUE,TRUE,FALSE,0,already_paired
286456210,3,1,2,FALSE,FALSE,FALSE,0,still_orphaned
286456244,6,5,3,TRUE,FALSE,FALSE,2,other
286456467,1,0,1,FALSE,FALSE,TRUE,0,still_orphaned
286456490,2,2,1,TRUE,FALSE,FALSE,1,other
286456522,1,2,1,FALSE,FALSE,TRUE,2,still_orphaned
286456787,3,1,2,FALSE,FALSE,FALSE,0,still_orphaned
286456885,4,3,2,TRUE,FALSE,FALSE,1,other
286457253,3,3,2,FALSE,FALSE,FALSE,2,still_orphaned
286457500,3,5,2,FALSE,FALSE,FALSE,4,still_orphaned
286457712,2,3,1,TRUE,FALSE,FALSE,2,other
286457721,2,1,1,TRUE,TRUE,FALSE,0,already_paired
286457944,2,2,1,TRUE,FALSE,FALSE,1,other
286458025,1,2,1,FALSE,FALSE,TRUE,2,still_orphaned
286458089,4,3,2,TRUE,FALSE,FALSE,1,other
286458114,1,2,1,FALSE,FALSE,TRUE,2,still_orphaned
286458215,1,2,1,FALSE,FALSE,TRUE,2,still_orphaned
286458369,1,3,1,FALSE,FALSE,TRUE,3,still_orphaned
286458556,2,2,1,TRUE,FALSE,FALSE,1,other
286458678,3,3,2,FALSE,FALSE,FALSE,2,still_orphaned
286458759,5,6,3,FALSE,FALSE,FALSE,4,still_orphaned
286458873,3,2,2,FALSE,TRUE,FALSE,1,completed
286459023,2,4,1,TRUE,FALSE,FALSE,3,other
286459225,3,3,2,FALSE,FALSE,FALSE,2,still_orphaned
286459368,2,1,1,TRUE,TRUE,FALSE,0,already_paired
286459855,2,2,1,TRUE,FALSE,FALSE,1,other
286459947,1,0,1,FALSE,FALSE,TRUE,0,still_orphaned
286460481,2,3,1,TRUE,FALSE,FALSE,2,other
286463485,1,0,1,FALSE,FALSE,TRUE,0,still_orphaned
286464568,4,3,2,TRUE,FALSE,FALSE,1,other
286464935,3,3,2,FALSE,FALSE,FALSE,2,still_orphaned
286464953,2,2,1,TRUE,FALSE,FALSE,1,other
286465250,2,2,1,TRUE,FALSE,FALSE,1,other
286465325,2,1,1,TRUE,TRUE,FALSE,0,already_paired
286465435,2,1,1,TRUE,TRUE,FALSE,0,already_paired
286465759,2,3,1,TRUE,FALSE,FALSE,2,other
286465907,3,3,2,FALSE,FALSE,FALSE,2,still_orphaned
286465984,2,2,1,TRUE,FALSE,FALSE,1,other
286466277,4,3,2,TRUE,FALSE,FALSE,1,other
286466303,4,4,2,TRUE,FALSE,FALSE,2,other
286466383,3,2,2,FALSE,TRUE,FALSE,1,completed
286466631,3,2,2,FALSE,TRUE,FALSE,1,completed
286466634,1,2,1,FALSE,FALSE,TRUE,2,still_orphaned
286466682,1,3,1,FALSE,FALSE,TRUE,3,still_orphaned
286466685,9,8,5,FALSE,FALSE,FALSE,4,still_orphaned
286466980,2,3,1,TRUE,FALSE,FALSE,2,other
286466988,6,4,3,TRUE,FALSE,FALSE,1,other
286466990,7,4,4,FALSE,TRUE,FALSE,1,completed
286467018,2,2,1,TRUE,FALSE,FALSE,1,other
286467063,3,2,2,FALSE,TRUE,FALSE,1,completed
286467279,3,5,2,FALSE,FALSE,FALSE,4,still_orphaned
286467381,3,5,2,FALSE,FALSE,FALSE,4,still_orphaned
286467624,4,5,2,TRUE,FALSE,FALSE,3,other
286467704,4,4,2,TRUE,FALSE,FALSE,2,other
286467952,1,3,1,FALSE,FALSE,TRUE,3,still_orphaned
286468101,4,4,2,TRUE,FALSE,FALSE,2,other
286468264,1,2,1,FALSE,FALSE,TRUE,2,still_orphaned
286468305,8,6,4,TRUE,FALSE,FALSE,2,other
286468384,2,4,1,TRUE,FALSE,FALSE,3,other
286468424,3,2,2,FALSE,TRUE,FALSE,1,completed
286468527,2,2,1,TRUE,FALSE,FALSE,1,other
286468598,2,2,1,TRUE,FALSE,FALSE,1,other
286468766,4,6,2,TRUE,FALSE,FALSE,4,other
286468776,2,3,1,TRUE,FALSE,FALSE,2,other
286468853,6,4,3,TRUE,FALSE,FALSE,1,other
286468883,2,2,1,TRUE,FALSE,FALSE,1,other
286469015,2,1,1,TRUE,TRUE,FALSE,0,already_paired
286469069,4,5,2,TRUE,FALSE,FALSE,3,other
286469184,5,7,3,FALSE,FALSE,FALSE,5,still_orphaned
286469281,2,2,1,TRUE,FALSE,FALSE,1,other
286469856,7,4,4,FALSE,TRUE,FALSE,1,completed
286469899,3,5,2,FALSE,FALSE,FALSE,4,still_orphaned
286469971,4,3,2,TRUE,FALSE,FALSE,1,other
286470357,3,2,2,FALSE,TRUE,FALSE,1,completed
286470376,4,5,2,TRUE,FALSE,FALSE,3,other
286471168,2,1,1,TRUE,TRUE,FALSE,0,already_paired
286471489,2,3,1,TRUE,FALSE,FALSE,2,other
286471877,1,2,1,FALSE,FALSE,TRUE,2,still_orphaned
286471989,2,2,1,TRUE,FALSE,FALSE,1,other
286472005,2,1,1,TRUE,TRUE,FALSE,0,already_paired
286472158,2,3,1,TRUE,FALSE,FALSE,2,other
286472257,4,5,2,TRUE,FALSE,FALSE,3,other
286472364,4,5,2,TRUE,FALSE,FALSE,3,other
286472396,4,2,2,TRUE,TRUE,FALSE,0,already_paired
286472593,1,2,1,FALSE,FALSE,TRUE,2,still_orphaned
286472683,2,2,1,TRUE,FALSE,FALSE,1,other
286472746,3,3,2,FALSE,FALSE,FALSE,2,still_orphaned
286472763,4,3,2,TRUE,FALSE,FALSE,1,other
286473264,6,5,3,TRUE,FALSE,FALSE,2,other
286473361,2,1,1,TRUE,TRUE,FALSE,0,already_paired
286473618,2,1,1,TRUE,TRUE,FALSE,0,already_paired
286473659,1,3,1,FALSE,FALSE,TRUE,3,still_orphaned
286473874,1,2,1,FALSE,FALSE,TRUE,2,still_orphaned
286473941,1,2,1,FALSE,FALSE,TRUE,2,still_orphaned
286474073,1,0,1,FALSE,FALSE,TRUE,0,still_orphaned
286474150,2,1,1,TRUE,TRUE,FALSE,0,already_paired
286474363,2,2,1,TRUE,FALSE,FALSE,1,other
286474425,4,5,2,TRUE,FALSE,FALSE,3,other
286474433,5,5,3,FALSE,FALSE,FALSE,3,still_orphaned
286474651,2,2,1,TRUE,FALSE,FALSE,1,other
286474919,4,2,2,TRUE,TRUE,FALSE,0,already_paired
286474999,1,3,1,FALSE,FALSE,TRUE,3,still_orphaned
286475063,1,0,1,FALSE,FALSE,TRUE,0,still_orphaned
286475409,2,2,1,TRUE,FALSE,FALSE,1,other
286475583,2,1,1,TRUE,TRUE,FALSE,0,already_paired
286475619,3,5,2,FALSE,FALSE,FALSE,4,still_orphaned
286475955,2,1,1,TRUE,TRUE,FALSE,0,already_paired
286475956,1,3,1,FALSE,FALSE,TRUE,3,still_orphaned
286476197,1,2,1,FALSE,FALSE,TRUE,2,still_orphaned
286476684,2,1,1,TRUE,TRUE,FALSE,0,already_paired
286476689,2,2,1,TRUE,FALSE,FALSE,1,other
286476815,3,3,2,FALSE,FALSE,FALSE,2,still_orphaned
286476900,3,3,2,FALSE,FALSE,FALSE,2,still_orphaned
286477115,2,2,1,TRUE,FALSE,FALSE,1,other
286477158,1,2,1,FALSE,FALSE,TRUE,2,still_orphaned
286477179,2,2,1,TRUE,FALSE,FALSE,1,other
286477310,2,2,1,TRUE,FALSE,FALSE,1,other
286477754,2,3,1,TRUE,FALSE,FALSE,2,other
286477946,4,4,2,TRUE,FALSE,FALSE,2,other
286478175,2,2,1,TRUE,FALSE,FALSE,1,other
286478387,3,2,2,FALSE,TRUE,FALSE,1,completed
286478443,2,3,1,TRUE,FALSE,FALSE,2,other
286478476,4,2,2,TRUE,TRUE,FALSE,0,already_paired
286478518,4,6,2,TRUE,FALSE,FALSE,4,other
286478566,2,2,1,TRUE,FALSE,FALSE,1,other
286478804,3,6,2,FALSE,FALSE,FALSE,5,still_orphaned
286479059,2,2,1,TRUE,FALSE,FALSE,1,other
286479245,1,0,1,FALSE,FALSE,TRUE,0,still_orphaned
286479331,1,0,1,FALSE,FALSE,TRUE,0,still_orphaned
286479466,5,4,3,FALSE,FALSE,FALSE,2,still_orphaned
286479544,2,2,1,TRUE,FALSE,FALSE,1,other
286479576,1,2,1,FALSE,FALSE,TRUE,2,still_orphaned
286479594,2,2,1,TRUE,FALSE,FALSE,1,other
286479664,2,2,1,TRUE,FALSE,FALSE,1,other
286479707,1,2,1,FALSE,FALSE,TRUE,2,still_orphaned
286480335,1,1,1,FALSE,TRUE,TRUE,1,completed
286480464,3,1,2,FALSE,FALSE,FALSE,0,still_orphaned
286480645,2,2,1,TRUE,FALSE,FALSE,1,other
286480894,1,2,1,FALSE,FALSE,TRUE,2,still_orphaned
286480914,4,5,2,TRUE,FALSE,FALSE,3,other
286481291,2,3,1,TRUE,FALSE,FALSE,2,other
286481354,2,3,1,TRUE,FALSE,FALSE,2,other
286481870,2,2,1,TRUE,FALSE,FALSE,1,other
286482059,5,6,3,FALSE,FALSE,FALSE,4,still_orphaned
286482226,3,3,2,FALSE,FALSE,FALSE,2,still_orphaned
286482364,5,5,3,FALSE,FALSE,FALSE,3,still_orphaned
286482474,1,1,1,FALSE,TRUE,TRUE,1,completed
286482545,3,2,2,FALSE,TRUE,FALSE,1,completed
286482607,2,2,1,TRUE,FALSE,FALSE,1,other
286482800,3,4,2,FALSE,FALSE,FALSE,3,still_orphaned
286482804,3,2,2,FALSE,TRUE,FALSE,1,completed
286482944,5,4,3,FALSE,FALSE,FALSE,2,still_orphaned
286483086,6,5,3,TRUE,FALSE,FALSE,2,other
286483343,3,5,2,FALSE,FALSE,FALSE,4,still_orphaned
286483458,3,1,2,FALSE,FALSE,FALSE,0,still_orphaned
286483535,2,2,1,TRUE,FALSE,FALSE,1,other
286483741,7,6,4,FALSE,FALSE,FALSE,3,still_orphaned
286483928,4,3,2,TRUE,FALSE,FALSE,1,other
286483935,2,2,1,TRUE,FALSE,FALSE,1,other
286484314,2,3,1,TRUE,FALSE,FALSE,2,other
286484527,5,3,3,FALSE,TRUE,FALSE,1,completed
286484862,3,2,2,FALSE,TRUE,FALSE,1,completed
286484926,5,4,3,FALSE,FALSE,FALSE,2,still_orphaned
286485066,8,5,4,TRUE,FALSE,FALSE,1,other
286485129,2,4,1,TRUE,FALSE,FALSE,3,other
286485456,1,0,1,FALSE,FALSE,TRUE,0,still_orphaned
286485543,3,2,2,FALSE,TRUE,FALSE,1,completed
286485649,3,3,2,FALSE,FALSE,FALSE,2,still_orphaned
286485733,5,5,3,FALSE,FALSE,FALSE,3,still_orphaned
286485827,4,3,2,TRUE,FALSE,FALSE,1,other
286485982,3,5,2,FALSE,FALSE,FALSE,4,still_orphaned
286486027,5,5,3,FALSE,FALSE,FALSE,3,still_orphaned
286486287,4,3,2,TRUE,FALSE,FALSE,1,other
286486420,1,2,1,FALSE,FALSE,TRUE,2,still_orphaned
286486505,2,2,1,TRUE,FALSE,FALSE,1,other
286486664,3,3,2,FALSE,FALSE,FALSE,2,still_orphaned
286487032,3,3,2,FALSE,FALSE,FALSE,2,still_orphaned
286487033,2,1,1,TRUE,TRUE,FALSE,0,already_paired
286487142,5,2,3,FALSE,FALSE,FALSE,0,still_orphaned
286487420,1,2,1,FALSE,FALSE,TRUE,2,still_orphaned
286487518,4,2,2,TRUE,TRUE,FALSE,0,already_paired
286487550,4,3,2,TRUE,FALSE,FALSE,1,other
286487598,2,2,1,TRUE,FALSE,FALSE,1,other
286487678,1,2,1,FALSE,FALSE,TRUE,2,still_orphaned
286487915,1,3,1,FALSE,FALSE,TRUE,3,still_orphaned
286488015,5,5,3,FALSE,FALSE,FALSE,3,still_orphaned
286488105,2,2,1,TRUE,FALSE,FALSE,1,other
286488140,2,1,1,TRUE,TRUE,FALSE,0,already_paired
286488325,2,2,1,TRUE,FALSE,FALSE,1,other
286488550,3,2,2,FALSE,TRUE,FALSE,1,completed
286488731,4,5,2,TRUE,FALSE,FALSE,3,other
286488741,2,1,1,TRUE,TRUE,FALSE,0,already_paired
286488772,3,3,2,FALSE,FALSE,FALSE,2,still_orphaned
286489115,3,2,2,FALSE,TRUE,FALSE,1,completed
286489285,5,3,3,FALSE,TRUE,FALSE,1,completed
286489341,1,0,1,FALSE,FALSE,TRUE,0,still_orphaned
286489392,3,5,2,FALSE,FALSE,FALSE,4,still_orphaned
286489578,2,2,1,TRUE,FALSE,FALSE,1,other
286489648,5,5,3,FALSE,FALSE,FALSE,3,still_orphaned
286489652,1,2,1,FALSE,FALSE,TRUE,2,still_orphaned
286489687,2,3,1,TRUE,FALSE,FALSE,2,other
286489762,1,3,1,FALSE,FALSE,TRUE,3,still_orphaned
286489920,2,1,1,TRUE,TRUE,FALSE,0,already_paired
286489938,2,2,1,TRUE,FALSE,FALSE,1,other
286490111,1,3,1,FALSE,FALSE,TRUE,3,still_orphaned
286490113,3,1,2,FALSE,FALSE,FALSE,0,still_orphaned
286490325,2,3,1,TRUE,FALSE,FALSE,2,other
286490360,1,2,1,FALSE,FALSE,TRUE,2,still_orphaned
286490454,2,2,1,TRUE,FALSE,FALSE,1,other
286490544,1,0,1,FALSE,FALSE,TRUE,0,still_orphaned
286490723,3,2,2,FALSE,TRUE,FALSE,1,completed
286490816,1,2,1,FALSE,FALSE,TRUE,2,still_orphaned
286490972,1,2,1,FALSE,FALSE,TRUE,2,still_orphaned
286491035,2,2,1,TRUE,FALSE,FALSE,1,other
286491516,1,2,1,FALSE,FALSE,TRUE,2,still_orphaned
286491578,2,2,1,TRUE,FALSE,FALSE,1,other
286491823,5,6,3,FALSE,FALSE,FALSE,4,still_orphaned
286491875,1,2,1,FALSE,FALSE,TRUE,2,still_orphaned
286492350,1,2,1,FALSE,FALSE,TRUE,2,still_orphaned
286492432,1,1,1,FALSE,TRUE,TRUE,1,completed
286492643,4,5,2,TRUE,FALSE,FALSE,3,other
286492728,4,4,2,TRUE,FALSE,FALSE,2,other
286492837,3,2,2,FALSE,TRUE,FALSE,1,completed
286493176,3,1,2,FALSE,FALSE,FALSE,0,still_orphaned
286493370,2,4,1,TRUE,FALSE,FALSE,3,other
286494007,4,5,2,TRUE,FALSE,FALSE,3,other
286494080,3,5,2,FALSE,FALSE,FALSE,4,still_orphaned
286494108,2,3,1,TRUE,FALSE,FALSE,2,other
286494159,1,2,1,FALSE,FALSE,TRUE,2,still_orphaned
286494529,3,4,2,FALSE,FALSE,FALSE,3,still_orphaned
286494531,1,0,1,FALSE,FALSE,TRUE,0,still_orphaned
286494587,3,3,2,FALSE,FALSE,FALSE,2,still_orphaned
286494679,1,3,1,FALSE,FALSE,TRUE,3,still_orphaned
286494735,2,2,1,TRUE,FALSE,FALSE,1,other
286494822,1,2,1,FALSE,FALSE,TRUE,2,still_orphaned
286494954,1,1,1,FALSE,TRUE,TRUE,1,completed
286495177,3,3,2,FALSE,FALSE,FALSE,2,still_orphaned
286496356,4,4,2,TRUE,FALSE,FALSE,2,other
286501340,2,1,1,TRUE,TRUE,FALSE,0,already_paired
286501465,2,2,1,TRUE,FALSE,FALSE,1,other
286501477,1,2,1,FALSE,FALSE,TRUE,2,still_orphaned
286501483,1,3,1,FALSE,FALSE,TRUE,3,still_orphaned
286501885,5,2,3,FALSE,FALSE,FALSE,0,still_orphaned
286501888,4,4,2,TRUE,FALSE,FALSE,2,other
286502057,2,2,1,TRUE,FALSE,FALSE,1,other
286502163,1,2,1,FALSE,FALSE,TRUE,2,still_orphaned
286502881,1,0,1,FALSE,FALSE,TRUE,0,still_orphaned
286502960,1,0,1,FALSE,FALSE,TRUE,0,still_orphaned
286503119,1,0,1,FALSE,FALSE,TRUE,0,still_orphaned
286503189,1,0,1,FALSE,FALSE,TRUE,0,still_orphaned
286503249,1,3,1,FALSE,FALSE,TRUE,3,still_orphaned
286503281,4,4,2,TRUE,FALSE,FALSE,2,other
286503297,4,3,2,TRUE,FALSE,FALSE,1,other
286503325,6,6,3,TRUE,FALSE,FALSE,3,other
286503369,3,3,2,FALSE,FALSE,FALSE,2,still_orphaned
286503690,3,3,2,FALSE,FALSE,FALSE,2,still_orphaned
286503743,5,3,3,FALSE,TRUE,FALSE,1,completed
286503762,4,4,2,TRUE,FALSE,FALSE,2,other
286503952,1,2,1,FALSE,FALSE,TRUE,2,still_orphaned
286504084,2,2,1,TRUE,FALSE,FALSE,1,other
286504235,2,2,1,TRUE,FALSE,FALSE,1,other
286504248,2,2,1,TRUE,FALSE,FALSE,1,other
286504433,7,7,4,FALSE,FALSE,FALSE,4,still_orphaned
286504568,6,4,3,TRUE,FALSE,FALSE,1,other
286504977,1,1,1,FALSE,TRUE,TRUE,1,completed
286505044,3,1,2,FALSE,FALSE,FALSE,0,still_orphaned
286505188,2,2,1,TRUE,FALSE,FALSE,1,other
286505217,2,1,1,TRUE,TRUE,FALSE,0,already_paired
286505318,5,4,3,FALSE,FALSE,FALSE,2,still_orphaned
286505504,4,2,2,TRUE,TRUE,FALSE,0,already_paired
286505605,1,2,1,FALSE,FALSE,TRUE,2,still_orphaned
286505636,2,1,1,TRUE,TRUE,FALSE,0,already_paired
286505829,3,2,2,FALSE,TRUE,FALSE,1,completed
286505946,4,5,2,TRUE,FALSE,FALSE,3,other
286505967,1,0,1,FALSE,FALSE,TRUE,0,still_orphaned
286506636,1,2,1,FALSE,FALSE,TRUE,2,still_orphaned
286506727,6,4,3,TRUE,FALSE,FALSE,1,other
286506977,4,3,2,TRUE,FALSE,FALSE,1,other
286507033,3,4,2,FALSE,FALSE,FALSE,3,still_orphaned
286507199,2,1,1,TRUE,TRUE,FALSE,0,already_paired
286507210,2,2,1,TRUE,FALSE,FALSE,1,other
286507222,2,1,1,TRUE,TRUE,FALSE,0,already_paired
286507331,1,0,1,FALSE,FALSE,TRUE,0,still_orphaned
286507771,1,0,1,FALSE,FALSE,TRUE,0,still_orphaned
286508128,3,1,2,FALSE,FALSE,FALSE,0,still_orphaned
286508413,4,4,2,TRUE,FALSE,FALSE,2,other
286508589,2,2,1,TRUE,FALSE,FALSE,1,other
286508683,3,1,2,FALSE,FALSE,FALSE,0,still_orphaned
286508715,2,2,1,TRUE,FALSE,FALSE,1,other
286509046,2,3,1,TRUE,FALSE,FALSE,2,other
286509065,1,2,1,FALSE,FALSE,TRUE,2,still_orphaned
286509151,3,4,2,FALSE,FALSE,FALSE,3,still_orphaned
286509302,3,3,2,FALSE,FALSE,FALSE,2,still_orphaned
286509333,4,4,2,TRUE,FALSE,FALSE,2,other
286509462,4,3,2,TRUE,FALSE,FALSE,1,other
286509524,3,2,2,FALSE,TRUE,FALSE,1,completed
286509578,3,4,2,FALSE,FALSE,FALSE,3,still_orphaned
286509613,2,3,1,TRUE,FALSE,FALSE,2,other
286509728,2,3,1,TRUE,FALSE,FALSE,2,other
286509773,4,3,2,TRUE,FALSE,FALSE,1,other
286509799,4,4,2,TRUE,FALSE,FALSE,2,other
286510104,3,2,2,FALSE,TRUE,FALSE,1,completed
286510245,2,2,1,TRUE,FALSE,FALSE,1,other
286510393,2,3,1,TRUE,FALSE,FALSE,2,other
286510694,5,4,3,FALSE,FALSE,FALSE,2,still_orphaned
286510909,4,3,2,TRUE,FALSE,FALSE,1,other
286510956,1,0,1,FALSE,FALSE,TRUE,0,still_orphaned
286511191,4,5,2,TRUE,FALSE,FALSE,3,other
286511218,2,3,1,TRUE,FALSE,FALSE,2,other
286511505,3,3,2,FALSE,FALSE,FALSE,2,still_orphaned
286511537,3,1,2,FALSE,FALSE,FALSE,0,still_orphaned
286511704,3,4,2,FALSE,FALSE,FALSE,3,still_orphaned
286512021,3,5,2,FALSE,FALSE,FALSE,4,still_orphaned
286512042,1,3,1,FALSE,FALSE,TRUE,3,still_orphaned
286512456,2,2,1,TRUE,FALSE,FALSE,1,other
286512511,3,5,2,FALSE,FALSE,FALSE,4,still_orphaned
286512565,4,3,2,TRUE,FALSE,FALSE,1,other
286512938,3,3,2,FALSE,FALSE,FALSE,2,still_orphaned
286513107,4,3,2,TRUE,FALSE,FALSE,1,other
286513113,2,2,1,TRUE,FALSE,FALSE,1,other
286513504,1,2,1,FALSE,FALSE,TRUE,2,still_orphaned
286513508,2,2,1,TRUE,FALSE,FALSE,1,other
286514011,1,2,1,FALSE,FALSE,TRUE,2,still_orphaned
286514192,4,3,2,TRUE,FALSE,FALSE,1,other
286514326,4,2,2,TRUE,TRUE,FALSE,0,already_paired
286514436,4,5,2,TRUE,FALSE,FALSE,3,other
286514602,6,6,3,TRUE,FALSE,FALSE,3,other
286515025,1,3,1,FALSE,FALSE,TRUE,3,still_orphaned
286515050,5,7,3,FALSE,FALSE,FALSE,5,still_orphaned
286515226,1,1,1,FALSE,TRUE,TRUE,1,completed
286515279,3,1,2,FALSE,FALSE,FALSE,0,still_orphaned
286515544,2,2,1,TRUE,FALSE,FALSE,1,other
286515937,4,3,2,TRUE,FALSE,FALSE,1,other
286516016,1,0,1,FALSE,FALSE,TRUE,0,still_orphaned
286516313,4,3,2,TRUE,FALSE,FALSE,1,other
286516383,3,2,2,FALSE,TRUE,FALSE,1,completed
286516648,3,4,2,FALSE,FALSE,FALSE,3,still_orphaned
286516934,1,0,1,FALSE,FALSE,TRUE,0,still_orphaned
286517112,4,5,2,TRUE,FALSE,FALSE,3,other
286517314,2,3,1,TRUE,FALSE,FALSE,2,other
286517407,4,6,2,TRUE,FALSE,FALSE,4,other
286517442,4,4,2,TRUE,FALSE,FALSE,2,other
286517461,3,5,2,FALSE,FALSE,FALSE,4,still_orphaned
286517670,1,0,1,FALSE,FALSE,TRUE,0,still_orphaned
286517705,3,3,2,FALSE,FALSE,FALSE,2,still_orphaned
286517854,3,2,2,FALSE,TRUE,FALSE,1,completed
286518091,1,2,1,FALSE,FALSE,TRUE,2,still_orphaned
286518316,1,0,1,FALSE,FALSE,TRUE,0,still_orphaned
286518878,3,4,2,FALSE,FALSE,FALSE,3,still_orphaned
286519043,1,0,1,FALSE,FALSE,TRUE,0,still_orphaned
286519109,2,2,1,TRUE,FALSE,FALSE,1,other
286519115,2,2,1,TRUE,FALSE,FALSE,1,other
286519182,5,5,3,FALSE,FALSE,FALSE,3,still_orphaned
286519284,3,4,2,FALSE,FALSE,FALSE,3,still_orphaned
286519313,2,3,1,TRUE,FALSE,FALSE,2,other
286519511,2,2,1,TRUE,FALSE,FALSE,1,other
286519689,2,1,1,TRUE,TRUE,FALSE,0,already_paired
286519903,3,2,2,FALSE,TRUE,FALSE,1,completed
286519946,2,3,1,TRUE,FALSE,FALSE,2,other
286519998,2,3,1,TRUE,FALSE,FALSE,2,other
286520285,3,3,2,FALSE,FALSE,FALSE,2,still_orphaned
286520352,3,2,2,FALSE,TRUE,FALSE,1,completed
286520404,2,2,1,TRUE,FALSE,FALSE,1,other
286520466,3,3,2,FALSE,FALSE,FALSE,2,still_orphaned
286521189,4,3,2,TRUE,FALSE,FALSE,1,other
286521262,4,3,2,TRUE,FALSE,FALSE,1,other
286521503,4,3,2,TRUE,FALSE,FALSE,1,other
286521517,4,5,2,TRUE,FALSE,FALSE,3,other
286521787,2,1,1,TRUE,TRUE,FALSE,0,already_paired
286521876,2,3,1,TRUE,FALSE,FALSE,2,other
286522011,4,3,2,TRUE,FALSE,FALSE,1,other
286522300,2,1,1,TRUE,TRUE,FALSE,0,already_paired
286522360,7,6,4,FALSE,FALSE,FALSE,3,still_orphaned
286522391,1,2,1,FALSE,FALSE,TRUE,2,still_orphaned
286522737,1,0,1,FALSE,FALSE,TRUE,0,still_orphaned
286522807,3,4,2,FALSE,FALSE,FALSE,3,still_orphaned
286523060,4,4,2,TRUE,FALSE,FALSE,2,other
286523119,2,3,1,TRUE,FALSE,FALSE,2,other
286523353,5,4,3,FALSE,FALSE,FALSE,2,still_orphaned
286523374,2,2,1,TRUE,FALSE,FALSE,1,other
286523612,2,3,1,TRUE,FALSE,FALSE,2,other
286523617,5,2,3,FALSE,FALSE,FALSE,0,still_orphaned
286523682,3,2,2,FALSE,TRUE,FALSE,1,completed
286524228,1,2,1,FALSE,FALSE,TRUE,2,still_orphaned
286524239,2,3,1,TRUE,FALSE,FALSE,2,other
286524301,8,7,4,TRUE,FALSE,FALSE,3,other
286524375,4,3,2,TRUE,FALSE,FALSE,1,other
286524497,2,2,1,TRUE,FALSE,FALSE,1,other
286524506,2,1,1,TRUE,TRUE,FALSE,0,already_paired
286524644,2,2,1,TRUE,FALSE,FALSE,1,other
286524972,4,4,2,TRUE,FALSE,FALSE,2,other
286524997,2,2,1,TRUE,FALSE,FALSE,1,other
286525006,5,3,3,FALSE,TRUE,FALSE,1,completed
286525106,2,3,1,TRUE,FALSE,FALSE,2,other
286525264,2,2,1,TRUE,FALSE,FALSE,1,other
286525278,5,4,3,FALSE,FALSE,FALSE,2,still_orphaned
286525412,5,6,3,FALSE,FALSE,FALSE,4,still_orphaned
286525423,4,3,2,TRUE,FALSE,FALSE,1,other
286525659,2,1,1,TRUE,TRUE,FALSE,0,already_paired
286525666,2,1,1,TRUE,TRUE,FALSE,0,already_paired
286525682,3,2,2,FALSE,TRUE,FALSE,1,completed
286526173,2,2,1,TRUE,FALSE,FALSE,1,other
286526260,4,5,2,TRUE,FALSE,FALSE,3,other
286526403,1,1,1,FALSE,TRUE,TRUE,1,completed
286526540,2,2,1,TRUE,FALSE,FALSE,1,other
286526545,2,2,1,TRUE,FALSE,FALSE,1,other
286526558,1,3,1,FALSE,FALSE,TRUE,3,still_orphaned
286526611,2,2,1,TRUE,FALSE,FALSE,1,other
286526818,5,6,3,FALSE,FALSE,FALSE,4,still_orphaned
286526966,5,4,3,FALSE,FALSE,FALSE,2,still_orphaned
286527005,6,4,3,TRUE,FALSE,FALSE,1,other
286527244,1,0,1,FALSE,FALSE,TRUE,0,still_orphaned
286527363,4,3,2,TRUE,FALSE,FALSE,1,other
286527375,2,2,1,TRUE,FALSE,FALSE,1,other
286527400,2,2,1,TRUE,FALSE,FALSE,1,other
286527557,3,2,2,FALSE,TRUE,FALSE,1,completed
286527604,2,2,1,TRUE,FALSE,FALSE,1,other
286527696,3,2,2,FALSE,TRUE,FALSE,1,completed
286527826,2,2,1,TRUE,FALSE,FALSE,1,other
286527836,2,4,1,TRUE,FALSE,FALSE,3,other
286527953,2,1,1,TRUE,TRUE,FALSE,0,already_paired
286528191,2,2,1,TRUE,FALSE,FALSE,1,other
286528363,3,3,2,FALSE,FALSE,FALSE,2,still_orphaned
286528470,3,2,2,FALSE,TRUE,FALSE,1,completed
286528668,2,1,1,TRUE,TRUE,FALSE,0,already_paired
286529139,4,4,2,TRUE,FALSE,FALSE,2,other
286529321,3,2,2,FALSE,TRUE,FALSE,1,completed
286529356,1,4,1,FALSE,FALSE,TRUE,4,still_orphaned
286529514,4,5,2,TRUE,FALSE,FALSE,3,other
286529570,6,6,3,TRUE,FALSE,FALSE,3,other
286529678,4,2,2,TRUE,TRUE,FALSE,0,already_paired
286530036,1,0,1,FALSE,FALSE,TRUE,0,still_orphaned
286530126,3,4,2,FALSE,FALSE,FALSE,3,still_orphaned
286530287,2,2,1,TRUE,FALSE,FALSE,1,other
286530298,4,4,2,TRUE,FALSE,FALSE,2,other
286530446,1,2,1,FALSE,FALSE,TRUE,2,still_orphaned
286530534,2,2,1,TRUE,FALSE,FALSE,1,other
286530792,1,0,1,FALSE,FALSE,TRUE,0,still_orphaned
286530851,2,3,1,TRUE,FALSE,FALSE,2,other
286530991,3,6,2,FALSE,FALSE,FALSE,5,still_orphaned
286531119,1,3,1,FALSE,FALSE,TRUE,3,still_orphaned
286531413,3,3,2,FALSE,FALSE,FALSE,2,still_orphaned
286531565,1,3,1,FALSE,FALSE,TRUE,3,still_orphaned
286531674,2,1,1,TRUE,TRUE,FALSE,0,already_paired
286531742,1,1,1,FALSE,TRUE,TRUE,1,completed
286531780,2,1,1,TRUE,TRUE,FALSE,0,already_paired
286531785,4,4,2,TRUE,FALSE,FALSE,2,other
286531804,3,5,2,FALSE,FALSE,FALSE,4,still_orphaned
286531837,1,0,1,FALSE,FALSE,TRUE,0,still_orphaned
286532092,3,2,2,FALSE,TRUE,FALSE,1,completed
286532143,1,2,1,FALSE,FALSE,TRUE,2,still_orphaned
286532212,1,2,1,FALSE,FALSE,TRUE,2,still_orphaned
286532879,1,5,1,FALSE,FALSE,TRUE,5,still_orphaned
286533322,2,1,1,TRUE,TRUE,FALSE,0,already_paired
286557552,3,3,2,FALSE,FALSE,FALSE,2,still_orphaned
286557723,1,1,1,FALSE,TRUE,TRUE,1,completed
286558019,5,3,3,FALSE,TRUE,FALSE,1,completed
286558465,3,2,2,FALSE,TRUE,FALSE,1,completed
286558787,1,0,1,FALSE,FALSE,TRUE,0,still_orphaned
286559015,2,3,1,TRUE,FALSE,FALSE,2,other
286559064,3,4,2,FALSE,FALSE,FALSE,3,still_orphaned
286559225,3,3,2,FALSE,FALSE,FALSE,2,still_orphaned
286559298,3,1,2,FALSE,FALSE,FALSE,0,still_orphaned
286559383,5,5,3,FALSE,FALSE,FALSE,3,still_orphaned
286559393,4,5,2,TRUE,FALSE,FALSE,3,other
286559549,4,4,2,TRUE,FALSE,FALSE,2,other
286559637,4,4,2,TRUE,FALSE,FALSE,2,other
286559766,2,1,1,TRUE,TRUE,FALSE,0,already_paired
286560013,1,0,1,FALSE,FALSE,TRUE,0,still_orphaned
286560024,5,4,3,FALSE,FALSE,FALSE,2,still_orphaned
286560207,2,1,1,TRUE,TRUE,FALSE,0,already_paired
286560223,2,2,1,TRUE,FALSE,FALSE,1,other
286560344,3,2,2,FALSE,TRUE,FALSE,1,completed
286560384,5,4,3,FALSE,FALSE,FALSE,2,still_orphaned
286560473,4,4,2,TRUE,FALSE,FALSE,2,other
286560535,2,2,1,TRUE,FALSE,FALSE,1,other
286560670,2,1,1,TRUE,TRUE,FALSE,0,already_paired
286560783,5,5,3,FALSE,FALSE,FALSE,3,still_orphaned
286560816,2,2,1,TRUE,FALSE,FALSE,1,other
286560892,3,5,2,FALSE,FALSE,FALSE,4,still_orphaned
286561158,4,5,2,TRUE,FALSE,FALSE,3,other
286561168,3,2,2,FALSE,TRUE,FALSE,1,completed
286561253,2,2,1,TRUE,FALSE,FALSE,1,other
286561262,3,2,2,FALSE,TRUE,FALSE,1,completed
286561299,4,3,2,TRUE,FALSE,FALSE,1,other
286561358,2,3,1,TRUE,FALSE,FALSE,2,other
286561627,3,2,2,FALSE,TRUE,FALSE,1,completed
286562036,4,4,2,TRUE,FALSE,FALSE,2,other
286562104,2,2,1,TRUE,FALSE,FALSE,1,other
286562187,3,5,2,FALSE,FALSE,FALSE,4,still_orphaned
286562314,3,2,2,FALSE,TRUE,FALSE,1,completed
286562609,4,6,2,TRUE,FALSE,FALSE,4,other
286562749,8,6,4,TRUE,FALSE,FALSE,2,other
286562958,1,2,1,FALSE,FALSE,TRUE,2,still_orphaned
286562966,1,2,1,FALSE,FALSE,TRUE,2,still_orphaned
286562976,3,1,2,FALSE,FALSE,FALSE,0,still_orphaned
286563081,4,4,2,TRUE,FALSE,FALSE,2,other
286563242,5,6,3,FALSE,FALSE,FALSE,4,still_orphaned
286563541,2,2,1,TRUE,FALSE,FALSE,1,other
286563604,2,2,1,TRUE,FALSE,FALSE,1,other
286563653,2,3,1,TRUE,FALSE,FALSE,2,other
286563736,5,4,3,FALSE,FALSE,FALSE,2,still_orphaned
286563959,2,2,1,TRUE,FALSE,FALSE,1,other
286564079,1,3,1,FALSE,FALSE,TRUE,3,still_orphaned
286564263,4,3,2,TRUE,FALSE,FALSE,1,other
286564609,2,2,1,TRUE,FALSE,FALSE,1,other
286564723,3,2,2,FALSE,TRUE,FALSE,1,completed
286564724,3,5,2,FALSE,FALSE,FALSE,4,still_orphaned
286564937,4,4,2,TRUE,FALSE,FALSE,2,other
286564973,3,1,2,FALSE,FALSE,FALSE,0,still_orphaned
286565052,2,2,1,TRUE,FALSE,FALSE,1,other
286565180,3,1,2,FALSE,FALSE,FALSE,0,still_orphaned
286565296,5,3,3,FALSE,TRUE,FALSE,1,completed
286565312,1,2,1,FALSE,FALSE,TRUE,2,still_orphaned
286565429,2,1,1,TRUE,TRUE,FALSE,0,already_paired
286565545,3,2,2,FALSE,TRUE,FALSE,1,completed
286566049,2,3,1,TRUE,FALSE,FALSE,2,other
286566395,3,3,2,FALSE,FALSE,FALSE,2,still_orphaned
286566889,2,2,1,TRUE,FALSE,FALSE,1,other
286567098,2,3,1,TRUE,FALSE,FALSE,2,other
286567112,3,5,2,FALSE,FALSE,FALSE,4,still_orphaned
286567184,1,2,1,FALSE,FALSE,TRUE,2,still_orphaned
286567355,2,1,1,TRUE,TRUE,FALSE,0,already_paired
286567363,1,2,1,FALSE,FALSE,TRUE,2,still_orphaned
286567471,1,0,1,FALSE,FALSE,TRUE,0,still_orphaned
286567522,1,0,1,FALSE,FALSE,TRUE,0,still_orphaned
286567575,1,4,1,FALSE,FALSE,TRUE,4,still_orphaned
286567582,1,2,1,FALSE,FALSE,TRUE,2,still_orphaned
286567796,3,2,2,FALSE,TRUE,FALSE,1,completed
286567998,3,3,2,FALSE,FALSE,FALSE,2,still_orphaned
286568150,3,2,2,FALSE,TRUE,FALSE,1,completed
286568155,3,5,2,FALSE,FALSE,FALSE,4,still_orphaned
286568372,2,2,1,TRUE,FALSE,FALSE,1,other
286568580,4,5,2,TRUE,FALSE,FALSE,3,other
286568762,6,6,3,TRUE,FALSE,FALSE,3,other
286569035,2,1,1,TRUE,TRUE,FALSE,0,already_paired
286569112,4,3,2,TRUE,FALSE,FALSE,1,other
286569771,1,0,1,FALSE,FALSE,TRUE,0,still_orphaned
286569772,2,2,1,TRUE,FALSE,FALSE,1,other
286569832,3,2,2,FALSE,TRUE,FALSE,1,completed
286570085,1,2,1,FALSE,FALSE,TRUE,2,still_orphaned
286570140,1,2,1,FALSE,FALSE,TRUE,2,still_orphaned
286570801,3,5,2,FALSE,FALSE,FALSE,4,still_orphaned
286570821,1,3,1,FALSE,FALSE,TRUE,3,still_orphaned
286570825,3,5,2,FALSE,FALSE,FALSE,4,still_orphaned
286570861,3,5,2,FALSE,FALSE,FALSE,4,still_orphaned
286570893,2,2,1,TRUE,FALSE,FALSE,1,other
286571117,8,7,4,TRUE,FALSE,FALSE,3,other
286571358,1,2,1,FALSE,FALSE,TRUE,2,still_orphaned
286571717,1,2,1,FALSE,FALSE,TRUE,2,still_orphaned
286571719,2,2,1,TRUE,FALSE,FALSE,1,other
286571885,3,2,2,FALSE,TRUE,FALSE,1,completed
286571999,1,4,1,FALSE,FALSE,TRUE,4,still_orphaned
286572322,6,7,3,TRUE,FALSE,FALSE,4,other
286572652,7,3,4,FALSE,FALSE,FALSE,0,still_orphaned
286572672,3,4,2,FALSE,FALSE,FALSE,3,still_orphaned
286572848,4,3,2,TRUE,FALSE,FALSE,1,other
286573220,1,0,1,FALSE,FALSE,TRUE,0,still_orphaned
286573286,2,3,1,TRUE,FALSE,FALSE,2,other
286573423,5,3,3,FALSE,TRUE,FALSE,1,completed
286573536,3,1,2,FALSE,FALSE,FALSE,0,still_orphaned
286573576,4,4,2,TRUE,FALSE,FALSE,2,other
286574098,4,3,2,TRUE,FALSE,FALSE,1,other
286574156,3,2,2,FALSE,TRUE,FALSE,1,completed
286574287,1,0,1,FALSE,FALSE,TRUE,0,still_orphaned
286574295,1,0,1,FALSE,FALSE,TRUE,0,still_orphaned
286574462,4,4,2,TRUE,FALSE,FALSE,2,other
286574466,2,3,1,TRUE,FALSE,FALSE,2,other
286574920,2,1,1,TRUE,TRUE,FALSE,0,already_paired
286574984,4,2,2,TRUE,TRUE,FALSE,0,already_paired
286575159,7,8,4,FALSE,FALSE,FALSE,5,still_orphaned
286575377,1,0,1,FALSE,FALSE,TRUE,0,still_orphaned
286575692,3,2,2,FALSE,TRUE,FALSE,1,completed
286575832,3,3,2,FALSE,FALSE,FALSE,2,still_orphaned
286576135,5,4,3,FALSE,FALSE,FALSE,2,still_orphaned
286576193,3,5,2,FALSE,FALSE,FALSE,4,still_orphaned
286576294,5,2,3,FALSE,FALSE,FALSE,0,still_orphaned
286576521,2,4,1,TRUE,FALSE,FALSE,3,other
286576558,2,2,1,TRUE,FALSE,FALSE,1,other
286576770,1,2,1,FALSE,FALSE,TRUE,2,still_orphaned
286576821,7,6,4,FALSE,FALSE,FALSE,3,still_orphaned
286576823,4,4,2,TRUE,FALSE,FALSE,2,other
286576960,3,4,2,FALSE,FALSE,FALSE,3,still_orphaned
286577036,3,4,2,FALSE,FALSE,FALSE,3,still_orphaned
286577240,2,2,1,TRUE,FALSE,FALSE,1,other
286577577,1,4,1,FALSE,FALSE,TRUE,4,still_orphaned
286577640,4,3,2,TRUE,FALSE,FALSE,1,other
286577727,1,2,1,FALSE,FALSE,TRUE,2,still_orphaned
286577779,3,4,2,FALSE,FALSE,FALSE,3,still_orphaned
286577883,1,3,1,FALSE,FALSE,TRUE,3,still_orphaned
286578360,1,3,1,FALSE,FALSE,TRUE,3,still_orphaned
286578462,2,1,1,TRUE,TRUE,FALSE,0,already_paired
286578474,2,3,1,TRUE,FALSE,FALSE,2,other
286578723,6,5,3,TRUE,FALSE,FALSE,2,other
286579015,3,2,2,FALSE,TRUE,FALSE,1,completed
286579066,3,4,2,FALSE,FALSE,FALSE,3,still_orphaned
286579121,2,2,1,TRUE,FALSE,FALSE,1,other
286579217,4,5,2,TRUE,FALSE,FALSE,3,other
286579265,3,4,2,FALSE,FALSE,FALSE,3,still_orphaned
286579358,2,3,1,TRUE,FALSE,FALSE,2,other
286579548,6,6,3,TRUE,FALSE,FALSE,3,other
286579732,3,3,2,FALSE,FALSE,FALSE,2,still_orphaned
286579775,3,3,2,FALSE,FALSE,FALSE,2,still_orphaned
286579846,2,1,1,TRUE,TRUE,FALSE,0,already_paired
286579900,3,2,2,FALSE,TRUE,FALSE,1,completed
286580159,2,2,1,TRUE,FALSE,FALSE,1,other
286580224,2,1,1,TRUE,TRUE,FALSE,0,already_paired
286580232,2,2,1,TRUE,FALSE,FALSE,1,other
286580285,3,2,2,FALSE,TRUE,FALSE,1,completed
286580342,3,2,2,FALSE,TRUE,FALSE,1,completed
286580451,2,2,1,TRUE,FALSE,FALSE,1,other
286580559,2,2,1,TRUE,FALSE,FALSE,1,other
286580649,2,3,1,TRUE,FALSE,FALSE,2,other
286580834,1,3,1,FALSE,FALSE,TRUE,3,still_orphaned
286580911,7,5,4,FALSE,FALSE,FALSE,2,still_orphaned
286581006,3,2,2,FALSE,TRUE,FALSE,1,completed
286581228,4,4,2,TRUE,FALSE,FALSE,2,other
286581260,6,4,3,TRUE,FALSE,FALSE,1,other
286581266,2,3,1,TRUE,FALSE,FALSE,2,other
286581304,4,3,2,TRUE,FALSE,FALSE,1,other
286581328,3,2,2,FALSE,TRUE,FALSE,1,completed
286581505,4,6,2,TRUE,FALSE,FALSE,4,other
286581523,3,2,2,FALSE,TRUE,FALSE,1,completed
286581690,1,0,1,FALSE,FALSE,TRUE,0,still_orphaned
286581785,2,2,1,TRUE,FALSE,FALSE,1,other
286581916,1,2,1,FALSE,FALSE,TRUE,2,still_orphaned
286582155,5,7,3,FALSE,FALSE,FALSE,5,still_orphaned
286582213,2,2,1,TRUE,FALSE,FALSE,1,other
286582400,2,3,1,TRUE,FALSE,FALSE,2,other
286582440,4,2,2,TRUE,TRUE,FALSE,0,already_paired
286582609,2,1,1,TRUE,TRUE,FALSE,0,already_paired
286582615,2,1,1,TRUE,TRUE,FALSE,0,already_paired
286582822,3,4,2,FALSE,FALSE,FALSE,3,still_orphaned
286583320,4,2,2,TRUE,TRUE,FALSE,0,already_paired
286583338,4,3,2,TRUE,FALSE,FALSE,1,other
286583535,2,2,1,TRUE,FALSE,FALSE,1,other
286583539,4,2,2,TRUE,TRUE,FALSE,0,already_paired
286583558,3,3,2,FALSE,FALSE,FALSE,2,still_orphaned
286583666,2,1,1,TRUE,TRUE,FALSE,0,already_paired
286583886,1,2,1,FALSE,FALSE,TRUE,2,still_orphaned
286584035,1,2,1,FALSE,FALSE,TRUE,2,still_orphaned
286584299,1,2,1,FALSE,FALSE,TRUE,2,still_orphaned
286584355,3,4,2,FALSE,FALSE,FALSE,3,still_orphaned
286584413,1,2,1,FALSE,FALSE,TRUE,2,still_orphaned
286584644,1,3,1,FALSE,FALSE,TRUE,3,still_orphaned
286584730,1,2,1,FALSE,FALSE,TRUE,2,still_orphaned
286585093,3,3,2,FALSE,FALSE,FALSE,2,still_orphaned
286585135,4,4,2,TRUE,FALSE,FALSE,2,other
286585195,3,3,2,FALSE,FALSE,FALSE,2,still_orphaned
286585382,3,2,2,FALSE,TRUE,FALSE,1,completed
286585586,3,2,2,FALSE,TRUE,FALSE,1,completed
286585661,4,3,2,TRUE,FALSE,FALSE,1,other
286585756,3,4,2,FALSE,FALSE,FALSE,3,still_orphaned
286585782,4,4,2,TRUE,FALSE,FALSE,2,other
286591817,3,2,2,FALSE,TRUE,FALSE,1,completed
286593313,4,3,2,TRUE,FALSE,FALSE,1,other
286593732,2,1,1,TRUE,TRUE,FALSE,0,already_paired
286593774,5,4,3,FALSE,FALSE,FALSE,2,still_orphaned
286593975,4,3,2,TRUE,FALSE,FALSE,1,other
286594073,2,2,1,TRUE,FALSE,FALSE,1,other
286594224,2,3,1,TRUE,FALSE,FALSE,2,other
286594532,3,2,2,FALSE,TRUE,FALSE,1,completed
286594620,5,4,3,FALSE,FALSE,FALSE,2,still_orphaned
286594633,2,1,1,TRUE,TRUE,FALSE,0,already_paired
286594859,3,3,2,FALSE,FALSE,FALSE,2,still_orphaned
286594908,1,0,1,FALSE,FALSE,TRUE,0,still_orphaned
286595012,2,2,1,TRUE,FALSE,FALSE,1,other
286595297,1,0,1,FALSE,FALSE,TRUE,0,still_orphaned
286595328,2,2,1,TRUE,FALSE,FALSE,1,other
286595373,4,5,2,TRUE,FALSE,FALSE,3,other
286595515,3,4,2,FALSE,FALSE,FALSE,3,still_orphaned
286595526,3,3,2,FALSE,FALSE,FALSE,2,still_orphaned
286595536,3,5,2,FALSE,FALSE,FALSE,4,still_orphaned
286595644,6,6,3,TRUE,FALSE,FALSE,3,other
286595706,1,0,1,FALSE,FALSE,TRUE,0,still_orphaned
286595767,3,5,2,FALSE,FALSE,FALSE,4,still_orphaned
286595825,5,9,3,FALSE,FALSE,FALSE,7,still_orphaned
286595886,3,6,2,FALSE,FALSE,FALSE,5,still_orphaned
286596050,3,2,2,FALSE,TRUE,FALSE,1,completed
286596071,1,4,1,FALSE,FALSE,TRUE,4,still_orphaned
286596073,2,2,1,TRUE,FALSE,FALSE,1,other
286596602,5,4,3,FALSE,FALSE,FALSE,2,still_orphaned
286596684,3,2,2,FALSE,TRUE,FALSE,1,completed
286596771,2,2,1,TRUE,FALSE,FALSE,1,other
286596801,3,3,2,FALSE,FALSE,FALSE,2,still_orphaned
286596873,2,2,1,TRUE,FALSE,FALSE,1,other
286596946,2,2,1,TRUE,FALSE,FALSE,1,other
286597137,3,3,2,FALSE,FALSE,FALSE,2,still_orphaned
286597252,1,0,1,FALSE,FALSE,TRUE,0,still_orphaned
286597268,1,0,1,FALSE,FALSE,TRUE,0,still_orphaned
286597403,3,4,2,FALSE,FALSE,FALSE,3,still_orphaned
286597496,2,3,1,TRUE,FALSE,FALSE,2,other
286597555,1,0,1,FALSE,FALSE,TRUE,0,still_orphaned
286597655,1,2,1,FALSE,FALSE,TRUE,2,still_orphaned
286598043,1,2,1,FALSE,FALSE,TRUE,2,still_orphaned
286598102,3,3,2,FALSE,FALSE,FALSE,2,still_orphaned
286598113,2,1,1,TRUE,TRUE,FALSE,0,already_paired
286598362,1,0,1,FALSE,FALSE,TRUE,0,still_orphaned
286598413,1,0,1,FALSE,FALSE,TRUE,0,still_orphaned
286598593,4,5,2,TRUE,FALSE,FALSE,3,other
286598675,3,2,2,FALSE,TRUE,FALSE,1,completed
286598894,8,7,4,TRUE,FALSE,FALSE,3,other
286598919,2,2,1,TRUE,FALSE,FALSE,1,other
286598953,1,0,1,FALSE,FALSE,TRUE,0,still_orphaned
286599315,2,3,1,TRUE,FALSE,FALSE,2,other
286599378,6,4,3,TRUE,FALSE,FALSE,1,other
286599443,5,5,3,FALSE,FALSE,FALSE,3,still_orphaned
286599830,3,2,2,FALSE,TRUE,FALSE,1,completed
286599864,2,2,1,TRUE,FALSE,FALSE,1,other
286599949,3,2,2,FALSE,TRUE,FALSE,1,completed
286600285,3,3,2,FALSE,FALSE,FALSE,2,still_orphaned
286600288,6,6,3,TRUE,FALSE,FALSE,3,other
286600328,3,5,2,FALSE,FALSE,FALSE,4,still_orphaned
286600331,6,6,3,TRUE,FALSE,FALSE,3,other
286600370,2,2,1,TRUE,FALSE,FALSE,1,other
286600438,2,2,1,TRUE,FALSE,FALSE,1,other
286600546,2,1,1,TRUE,TRUE,FALSE,0,already_paired
286600613,3,2,2,FALSE,TRUE,FALSE,1,completed
286600646,3,4,2,FALSE,FALSE,FALSE,3,still_orphaned
286600891,4,3,2,TRUE,FALSE,FALSE,1,other
286600978,1,2,1,FALSE,FALSE,TRUE,2,still_orphaned
286601045,2,2,1,TRUE,FALSE,FALSE,1,other
286601299,2,1,1,TRUE,TRUE,FALSE,0,already_paired
286601326,2,2,1,TRUE,FALSE,FALSE,1,other
286601390,1,0,1,FALSE,FALSE,TRUE,0,still_orphaned
286601533,2,3,1,TRUE,FALSE,FALSE,2,other
286601609,4,4,2,TRUE,FALSE,FALSE,2,other
286601663,2,4,1,TRUE,FALSE,FALSE,3,other
286601680,2,3,1,TRUE,FALSE,FALSE,2,other
286601914,3,4,2,FALSE,FALSE,FALSE,3,still_orphaned
286602343,7,5,4,FALSE,FALSE,FALSE,2,still_orphaned
286602449,2,2,1,TRUE,FALSE,FALSE,1,other
286602593,1,2,1,FALSE,FALSE,TRUE,2,still_orphaned
286602995,2,1,1,TRUE,TRUE,FALSE,0,already_paired
286603088,3,5,2,FALSE,FALSE,FALSE,4,still_orphaned
286603109,4,5,2,TRUE,FALSE,FALSE,3,other
286603292,3,2,2,FALSE,TRUE,FALSE,1,completed
286603787,2,3,1,TRUE,FALSE,FALSE,2,other
286603911,4,5,2,TRUE,FALSE,FALSE,3,other
286604005,4,5,2,TRUE,FALSE,FALSE,3,other
286604284,5,7,3,FALSE,FALSE,FALSE,5,still_orphaned
286604357,4,5,2,TRUE,FALSE,FALSE,3,other
286604388,3,4,2,FALSE,FALSE,FALSE,3,still_orphaned
286604891,3,2,2,FALSE,TRUE,FALSE,1,completed
286604904,6,4,3,TRUE,FALSE,FALSE,1,other
286605109,3,4,2,FALSE,FALSE,FALSE,3,still_orphaned
286605314,5,4,3,FALSE,FALSE,FALSE,2,still_orphaned
286605908,2,1,1,TRUE,TRUE,FALSE,0,already_paired
286606029,1,4,1,FALSE,FALSE,TRUE,4,still_orphaned
286606093,3,3,2,FALSE,FALSE,FALSE,2,still_orphaned
286606117,4,6,2,TRUE,FALSE,FALSE,4,other
286606330,8,9,4,TRUE,FALSE,FALSE,5,other
286606358,1,2,1,FALSE,FALSE,TRUE,2,still_orphaned
286606748,4,3,2,TRUE,FALSE,FALSE,1,other
286606751,2,2,1,TRUE,FALSE,FALSE,1,other
286606921,3,2,2,FALSE,TRUE,FALSE,1,completed
286607302,4,4,2,TRUE,FALSE,FALSE,2,other
286607451,5,3,3,FALSE,TRUE,FALSE,1,completed
286607461,5,4,3,FALSE,FALSE,FALSE,2,still_orphaned
286607602,1,3,1,FALSE,FALSE,TRUE,3,still_orphaned
286607604,2,2,1,TRUE,FALSE,FALSE,1,other
286607690,3,3,2,FALSE,FALSE,FALSE,2,still_orphaned
286608080,1,0,1,FALSE,FALSE,TRUE,0,still_orphaned
286608119,2,2,1,TRUE,FALSE,FALSE,1,other
286608149,2,1,1,TRUE,TRUE,FALSE,0,already_paired
286608846,1,0,1,FALSE,FALSE,TRUE,0,still_orphaned
286608887,2,2,1,TRUE,FALSE,FALSE,1,other
286608898,6,6,3,TRUE,FALSE,FALSE,3,other
286609261,3,4,2,FALSE,FALSE,FALSE,3,still_orphaned
286609273,1,0,1,FALSE,FALSE,TRUE,0,still_orphaned
286609530,3,3,2,FALSE,FALSE,FALSE,2,still_orphaned
286609557,1,0,1,FALSE,FALSE,TRUE,0,still_orphaned
286609630,1,3,1,FALSE,FALSE,TRUE,3,still_orphaned
286609639,2,1,1,TRUE,TRUE,FALSE,0,already_paired
286609663,3,2,2,FALSE,TRUE,FALSE,1,completed
286609678,2,2,1,TRUE,FALSE,FALSE,1,other
286609702,1,2,1,FALSE,FALSE,TRUE,2,still_orphaned
286609813,4,4,2,TRUE,FALSE,FALSE,2,other
286609869,5,2,3,FALSE,FALSE,FALSE,0,still_orphaned
286609928,2,2,1,TRUE,FALSE,FALSE,1,other
286610188,4,3,2,TRUE,FALSE,FALSE,1,other
286610294,3,2,2,FALSE,TRUE,FALSE,1,completed
286610338,1,0,1,FALSE,FALSE,TRUE,0,still_orphaned
286610597,2,3,1,TRUE,FALSE,FALSE,2,other
286610608,1,2,1,FALSE,FALSE,TRUE,2,still_orphaned
286610825,1,2,1,FALSE,FALSE,TRUE,2,still_orphaned
286611143,3,2,2,FALSE,TRUE,FALSE,1,completed
286611276,4,3,2,TRUE,FALSE,FALSE,1,other
286611282,8,8,4,TRUE,FALSE,FALSE,4,other
286611365,5,5,3,FALSE,FALSE,FALSE,3,still_orphaned
286611552,2,1,1,TRUE,TRUE,FALSE,0,already_paired
286611960,3,2,2,FALSE,TRUE,FALSE,1,completed
286612021,3,1,2,FALSE,FALSE,FALSE,0,still_orphaned
286612271,4,3,2,TRUE,FALSE,FALSE,1,other
286612479,1,4,1,FALSE,FALSE,TRUE,4,still_orphaned
286612480,5,6,3,FALSE,FALSE,FALSE,4,still_orphaned
286612568,1,2,1,FALSE,FALSE,TRUE,2,still_orphaned
286612941,4,3,2,TRUE,FALSE,FALSE,1,other
286612966,3,3,2,FALSE,FALSE,FALSE,2,still_orphaned
286613559,3,2,2,FALSE,TRUE,FALSE,1,completed
286613619,2,3,1,TRUE,FALSE,FALSE,2,other
286613693,2,2,1,TRUE,FALSE,FALSE,1,other
286613903,5,4,3,FALSE,FALSE,FALSE,2,still_orphaned
286614011,3,2,2,FALSE,TRUE,FALSE,1,completed
286614162,5,5,3,FALSE,FALSE,FALSE,3,still_orphaned
286614454,1,0,1,FALSE,FALSE,TRUE,0,still_orphaned
286614502,4,5,2,TRUE,FALSE,FALSE,3,other
286614722,6,5,3,TRUE,FALSE,FALSE,2,other
286614913,5,5,3,FALSE,FALSE,FALSE,3,still_orphaned
286614992,5,5,3,FALSE,FALSE,FALSE,3,still_orphaned
286615138,3,4,2,FALSE,FALSE,FALSE,3,still_orphaned
286615252,3,6,2,FALSE,FALSE,FALSE,5,still_orphaned
286615340,2,2,1,TRUE,FALSE,FALSE,1,other
286615556,1,3,1,FALSE,FALSE,TRUE,3,still_orphaned
286615700,3,2,2,FALSE,TRUE,FALSE,1,completed
286615721,1,2,1,FALSE,FALSE,TRUE,2,still_orphaned
286615851,1,0,1,FALSE,FALSE,TRUE,0,still_orphaned
286615897,2,2,1,TRUE,FALSE,FALSE,1,other
286616022,2,2,1,TRUE,FALSE,FALSE,1,other
286616037,1,0,1,FALSE,FALSE,TRUE,0,still_orphaned
286616406,1,0,1,FALSE,FALSE,TRUE,0,still_orphaned
286616426,1,0,1,FALSE,FALSE,TRUE,0,still_orphaned
286616500,3,3,2,FALSE,FALSE,FALSE,2,still_orphaned
286616614,2,1,1,TRUE,TRUE,FALSE,0,already_paired
286616899,2,1,1,TRUE,TRUE,FALSE,0,already_paired
286617145,2,1,1,TRUE,TRUE,FALSE,0,already_paired
286617163,4,6,2,TRUE,FALSE,FALSE,4,other
286617298,2,3,1,TRUE,FALSE,FALSE,2,other
286617510,3,6,2,FALSE,FALSE,FALSE,5,still_orphaned
286617616,6,6,3,TRUE,FALSE,FALSE,3,other
286617644,3,2,2,FALSE,TRUE,FALSE,1,completed
286617645,2,2,1,TRUE,FALSE,FALSE,1,other
286617704,3,2,2,FALSE,TRUE,FALSE,1,completed
286617860,3,1,2,FALSE,FALSE,FALSE,0,still_orphaned
286617888,2,3,1,TRUE,FALSE,FALSE,2,other
286617894,2,2,1,TRUE,FALSE,FALSE,1,other
286617926,1,0,1,FALSE,FALSE,TRUE,0,still_orphaned
286618046,3,3,2,FALSE,FALSE,FALSE,2,still_orphaned
286618155,4,6,2,TRUE,FALSE,FALSE,4,other
286618418,4,5,2,TRUE,FALSE,FALSE,3,other
286618506,3,4,2,FALSE,FALSE,FALSE,3,still_orphaned
286618622,1,2,1,FALSE,FALSE,TRUE,2,still_orphaned
286618726,2,2,1,TRUE,FALSE,FALSE,1,other
286618999,1,0,1,FALSE,FALSE,TRUE,0,still_orphaned
286619072,1,0,1,FALSE,FALSE,TRUE,0,still_orphaned
286619399,3,5,2,FALSE,FALSE,FALSE,4,still_orphaned
286619550,4,4,2,TRUE,FALSE,FALSE,2,other
286619584,4,4,2,TRUE,FALSE,FALSE,2,other
286620338,2,2,1,TRUE,FALSE,FALSE,1,other
286620444,2,2,1,TRUE,FALSE,FALSE,1,other
286620706,2,3,1,TRUE,FALSE,FALSE,2,other
286620745,1,2,1,FALSE,FALSE,TRUE,2,still_orphaned
286620991,2,2,1,TRUE,FALSE,FALSE,1,other
286621110,1,3,1,FALSE,FALSE,TRUE,3,still_orphaned
286621215,5,3,3,FALSE,TRUE,FALSE,1,completed
286621438,6,5,3,TRUE,FALSE,FALSE,2,other
286621448,1,2,1,FALSE,FALSE,TRUE,2,still_orphaned
286621516,3,5,2,FALSE,FALSE,FALSE,4,still_orphaned
286621958,1,0,1,FALSE,FALSE,TRUE,0,still_orphaned
286621991,1,0,1,FALSE,FALSE,TRUE,0,still_orphaned
286622016,1,4,1,FALSE,FALSE,TRUE,4,still_orphaned
286622042,1,2,1,FALSE,FALSE,TRUE,2,still_orphaned
286622127,2,1,1,TRUE,TRUE,FALSE,0,already_paired
286622167,1,2,1,FALSE,FALSE,TRUE,2,still_orphaned
286622394,1,0,1,FALSE,FALSE,TRUE,0,still_orphaned
286622411,4,2,2,TRUE,TRUE,FALSE,0,already_paired
286622452,1,2,1,FALSE,FALSE,TRUE,2,still_orphaned
286622671,3,5,2,FALSE,FALSE,FALSE,4,still_orphaned
286622676,2,3,1,TRUE,FALSE,FALSE,2,other
286622707,1,2,1,FALSE,FALSE,TRUE,2,still_orphaned
286622786,3,2,2,FALSE,TRUE,FALSE,1,completed
286622852,1,2,1,FALSE,FALSE,TRUE,2,still_orphaned
286623365,2,2,1,TRUE,FALSE,FALSE,1,other
286629984,3,2,2,FALSE,TRUE,FALSE,1,completed
286630128,2,4,1,TRUE,FALSE,FALSE,3,other
286630302,2,3,1,TRUE,FALSE,FALSE,2,other
286630518,5,3,3,FALSE,TRUE,FALSE,1,completed
286630531,2,2,1,TRUE,FALSE,FALSE,1,other
286630750,4,2,2,TRUE,TRUE,FALSE,0,already_paired
286630893,3,2,2,FALSE,TRUE,FALSE,1,completed
286630922,2,2,1,TRUE,FALSE,FALSE,1,other
286631391,5,6,3,FALSE,FALSE,FALSE,4,still_orphaned
286631444,1,2,1,FALSE,FALSE,TRUE,2,still_orphaned
286631760,5,5,3,FALSE,FALSE,FALSE,3,still_orphaned
286631793,2,4,1,TRUE,FALSE,FALSE,3,other
286631972,2,1,1,TRUE,TRUE,FALSE,0,already_paired
286632034,1,3,1,FALSE,FALSE,TRUE,3,still_orphaned
286632065,3,2,2,FALSE,TRUE,FALSE,1,completed
286632140,1,3,1,FALSE,FALSE,TRUE,3,still_orphaned
286632196,2,2,1,TRUE,FALSE,FALSE,1,other
286632549,5,3,3,FALSE,TRUE,FALSE,1,completed
286632582,3,1,2,FALSE,FALSE,FALSE,0,still_orphaned
286632669,3,2,2,FALSE,TRUE,FALSE,1,completed
286632715,2,3,1,TRUE,FALSE,FALSE,2,other
286632740,3,4,2,FALSE,FALSE,FALSE,3,still_orphaned
286633066,7,8,4,FALSE,FALSE,FALSE,5,still_orphaned
286633116,6,6,3,TRUE,FALSE,FALSE,3,other
286633144,5,4,3,FALSE,FALSE,FALSE,2,still_orphaned
286633145,2,2,1,TRUE,FALSE,FALSE,1,other
286633296,5,4,3,FALSE,FALSE,FALSE,2,still_orphaned
286633454,6,4,3,TRUE,FALSE,FALSE,1,other
286633823,6,7,3,TRUE,FALSE,FALSE,4,other
286633957,1,0,1,FALSE,FALSE,TRUE,0,still_orphaned
286633988,6,5,3,TRUE,FALSE,FALSE,2,other
286634096,3,2,2,FALSE,TRUE,FALSE,1,completed
286634402,4,3,2,TRUE,FALSE,FALSE,1,other
286634405,5,3,3,FALSE,TRUE,FALSE,1,completed
286634470,3,2,2,FALSE,TRUE,FALSE,1,completed
286634668,2,3,1,TRUE,FALSE,FALSE,2,other
286634800,7,8,4,FALSE,FALSE,FALSE,5,still_orphaned
286634919,2,2,1,TRUE,FALSE,FALSE,1,other
286635042,1,0,1,FALSE,FALSE,TRUE,0,still_orphaned
286635052,5,5,3,FALSE,FALSE,FALSE,3,still_orphaned
286635534,1,0,1,FALSE,FALSE,TRUE,0,still_orphaned
286635599,4,2,2,TRUE,TRUE,FALSE,0,already_paired
286635918,2,2,1,TRUE,FALSE,FALSE,1,other
286636175,3,2,2,FALSE,TRUE,FALSE,1,completed
286636461,3,5,2,FALSE,FALSE,FALSE,4,still_orphaned
286636675,3,3,2,FALSE,FALSE,FALSE,2,still_orphaned
286636941,4,5,2,TRUE,FALSE,FALSE,3,other
286636943,4,4,2,TRUE,FALSE,FALSE,2,other
286637081,3,1,2,FALSE,FALSE,FALSE,0,still_orphaned
286637137,4,5,2,TRUE,FALSE,FALSE,3,other
286637272,2,1,1,TRUE,TRUE,FALSE,0,already_paired
286637375,2,3,1,TRUE,FALSE,FALSE,2,other
286637446,4,4,2,TRUE,FALSE,FALSE,2,other
286637476,3,5,2,FALSE,FALSE,FALSE,4,still_orphaned
286637554,1,2,1,FALSE,FALSE,TRUE,2,still_orphaned
286637642,5,2,3,FALSE,FALSE,FALSE,0,still_orphaned
286637651,3,2,2,FALSE,TRUE,FALSE,1,completed
286637744,3,3,2,FALSE,FALSE,FALSE,2,still_orphaned
286638202,2,2,1,TRUE,FALSE,FALSE,1,other
286638319,4,4,2,TRUE,FALSE,FALSE,2,other
286638547,1,0,1,FALSE,FALSE,TRUE,0,still_orphaned
286638786,3,3,2,FALSE,FALSE,FALSE,2,still_orphaned
286639086,3,4,2,FALSE,FALSE,FALSE,3,still_orphaned
286639296,3,2,2,FALSE,TRUE,FALSE,1,completed
286639363,7,5,4,FALSE,FALSE,FALSE,2,still_orphaned
286639401,4,5,2,TRUE,FALSE,FALSE,3,other
286639433,4,5,2,TRUE,FALSE,FALSE,3,other
286639583,4,3,2,TRUE,FALSE,FALSE,1,other
286639979,1,2,1,FALSE,FALSE,TRUE,2,still_orphaned
286640184,1,0,1,FALSE,FALSE,TRUE,0,still_orphaned
286640216,2,2,1,TRUE,FALSE,FALSE,1,other
286640375,2,2,1,TRUE,FALSE,FALSE,1,other
286640387,1,2,1,FALSE,FALSE,TRUE,2,still_orphaned
286640459,2,2,1,TRUE,FALSE,FALSE,1,other
286640595,1,2,1,FALSE,FALSE,TRUE,2,still_orphaned
286640980,2,2,1,TRUE,FALSE,FALSE,1,other
286641677,3,4,2,FALSE,FALSE,FALSE,3,still_orphaned
286641686,1,0,1,FALSE,FALSE,TRUE,0,still_orphaned
286642206,4,3,2,TRUE,FALSE,FALSE,1,other
286642291,4,4,2,TRUE,FALSE,FALSE,2,other
286642317,6,4,3,TRUE,FALSE,FALSE,1,other
286642333,3,4,2,FALSE,FALSE,FALSE,3,still_orphaned
286642574,2,2,1,TRUE,FALSE,FALSE,1,other
286642671,3,2,2,FALSE,TRUE,FALSE,1,completed
286642686,2,2,1,TRUE,FALSE,FALSE,1,other
286642720,1,0,1,FALSE,FALSE,TRUE,0,still_orphaned
286642726,3,2,2,FALSE,TRUE,FALSE,1,completed
286643002,3,2,2,FALSE,TRUE,FALSE,1,completed
286643664,2,4,1,TRUE,FALSE,FALSE,3,other
286643838,1,2,1,FALSE,FALSE,TRUE,2,still_orphaned
286643967,6,5,3,TRUE,FALSE,FALSE,2,other
286643978,1,0,1,FALSE,FALSE,TRUE,0,still_orphaned
286643984,1,2,1,FALSE,FALSE,TRUE,2,still_orphaned
286644278,2,2,1,TRUE,FALSE,FALSE,1,other
286644471,4,3,2,TRUE,FALSE,FALSE,1,other
286644618,4,2,2,TRUE,TRUE,FALSE,0,already_paired
286644729,2,2,1,TRUE,FALSE,FALSE,1,other
286644826,7,4,4,FALSE,TRUE,FALSE,1,completed
286645550,4,4,2,TRUE,FALSE,FALSE,2,other
286646104,2,1,1,TRUE,TRUE,FALSE,0,already_paired
286646254,4,3,2,TRUE,FALSE,FALSE,1,other
286646849,5,4,3,FALSE,FALSE,FALSE,2,still_orphaned
286646851,2,3,1,TRUE,FALSE,FALSE,2,other
286647340,4,4,2,TRUE,FALSE,FALSE,2,other
286647596,3,4,2,FALSE,FALSE,FALSE,3,still_orphaned
286647612,2,3,1,TRUE,FALSE,FALSE,2,other
286647820,3,3,2,FALSE,FALSE,FALSE,2,still_orphaned
286647893,4,3,2,TRUE,FALSE,FALSE,1,other
286647983,4,4,2,TRUE,FALSE,FALSE,2,other
286648029,2,2,1,TRUE,FALSE,FALSE,1,other
286648139,3,2,2,FALSE,TRUE,FALSE,1,completed
286648182,3,2,2,FALSE,TRUE,FALSE,1,completed
286648270,2,2,1,TRUE,FALSE,FALSE,1,other
286648314,3,3,2,FALSE,FALSE,FALSE,2,still_orphaned
286648510,3,1,2,FALSE,FALSE,FALSE,0,still_orphaned
286648530,1,3,1,FALSE,FALSE,TRUE,3,still_orphaned
286648650,3,5,2,FALSE,FALSE,FALSE,4,still_orphaned
286648773,2,2,1,TRUE,FALSE,FALSE,1,other
286648792,1,0,1,FALSE,FALSE,TRUE,0,still_orphaned
286648804,3,5,2,FALSE,FALSE,FALSE,4,still_orphaned
286649027,2,2,1,TRUE,FALSE,FALSE,1,other
286649245,2,3,1,TRUE,FALSE,FALSE,2,other
286649762,5,3,3,FALSE,TRUE,FALSE,1,completed
286649914,4,5,2,TRUE,FALSE,FALSE,3,other
286649967,3,3,2,FALSE,FALSE,FALSE,2,still_orphaned
286650164,3,2,2,FALSE,TRUE,FALSE,1,completed
286650426,4,4,2,TRUE,FALSE,FALSE,2,other
286650470,2,3,1,TRUE,FALSE,FALSE,2,other
286650472,2,2,1,TRUE,FALSE,FALSE,1,other
286650795,5,3,3,FALSE,TRUE,FALSE,1,completed
286651598,2,2,1,TRUE,FALSE,FALSE,1,other
286651611,3,4,2,FALSE,FALSE,FALSE,3,still_orphaned
286651613,5,5,3,FALSE,FALSE,FALSE,3,still_orphaned
286651695,4,4,2,TRUE,FALSE,FALSE,2,other
286651711,1,0,1,FALSE,FALSE,TRUE,0,still_orphaned
286652238,2,3,1,TRUE,FALSE,FALSE,2,other
286652477,3,5,2,FALSE,FALSE,FALSE,4,still_orphaned
286652683,3,2,2,FALSE,TRUE,FALSE,1,completed
286652711,1,2,1,FALSE,FALSE,TRUE,2,still_orphaned
286652793,2,2,1,TRUE,FALSE,FALSE,1,other
286652907,1,4,1,FALSE,FALSE,TRUE,4,still_orphaned
286653024,3,4,2,FALSE,FALSE,FALSE,3,still_orphaned
286653169,1,0,1,FALSE,FALSE,TRUE,0,still_orphaned
286653539,4,4,2,TRUE,FALSE,FALSE,2,other
286653700,5,3,3,FALSE,TRUE,FALSE,1,completed
286653702,3,2,2,FALSE,TRUE,FALSE,1,completed
286653749,3,5,2,FALSE,FALSE,FALSE,4,still_orphaned
286653822,1,3,1,FALSE,FALSE,TRUE,3,still_orphaned
286653829,1,0,1,FALSE,FALSE,TRUE,0,still_orphaned
286653834,2,2,1,TRUE,FALSE,FALSE,1,other
286654164,3,4,2,FALSE,FALSE,FALSE,3,still_orphaned
286654182,5,3,3,FALSE,TRUE,FALSE,1,completed
286654271,1,2,1,FALSE,FALSE,TRUE,2,still_orphaned
286654310,1,2,1,FALSE,FALSE,TRUE,2,still_orphaned
286654381,2,2,1,TRUE,FALSE,FALSE,1,other
286654419,2,3,1,TRUE,FALSE,FALSE,2,other
286654542,1,2,1,FALSE,FALSE,TRUE,2,still_orphaned
286654840,3,2,2,FALSE,TRUE,FALSE,1,completed
286655235,1,0,1,FALSE,FALSE,TRUE,0,still_orphaned
286655257,2,1,1,TRUE,TRUE,FALSE,0,already_paired
286655328,2,2,1,TRUE,FALSE,FALSE,1,other
286655367,6,7,3,TRUE,FALSE,FALSE,4,other
286655469,3,3,2,FALSE,FALSE,FALSE,2,still_orphaned
286655758,4,2,2,TRUE,TRUE,FALSE,0,already_paired
286656149,8,8,4,TRUE,FALSE,FALSE,4,other
286656185,2,2,1,TRUE,FALSE,FALSE,1,other
286656195,5,4,3,FALSE,FALSE,FALSE,2,still_orphaned
286656229,1,0,1,FALSE,FALSE,TRUE,0,still_orphaned
286656247,1,0,1,FALSE,FALSE,TRUE,0,still_orphaned
286656276,2,4,1,TRUE,FALSE,FALSE,3,other
286656331,1,0,1,FALSE,FALSE,TRUE,0,still_orphaned
286656406,2,3,1,TRUE,FALSE,FALSE,2,other
286656479,1,0,1,FALSE,FALSE,TRUE,0,still_orphaned
286656544,1,4,1,FALSE,FALSE,TRUE,4,still_orphaned
286656758,8,6,4,TRUE,FALSE,FALSE,2,other
286656787,6,7,3,TRUE,FALSE,FALSE,4,other
286657275,1,0,1,FALSE,FALSE,TRUE,0,still_orphaned
286657300,1,0,1,FALSE,FALSE,TRUE,0,still_orphaned
286657472,2,3,1,TRUE,FALSE,FALSE,2,other
286657490,1,2,1,FALSE,FALSE,TRUE,2,still_orphaned
286657947,1,0,1,FALSE,FALSE,TRUE,0,still_orphaned
286657973,2,2,1,TRUE,FALSE,FALSE,1,other
286658187,4,3,2,TRUE,FALSE,FALSE,1,other
286658344,2,3,1,TRUE,FALSE,FALSE,2,other
286658490,1,0,1,FALSE,FALSE,TRUE,0,still_orphaned
286658612,1,2,1,FALSE,FALSE,TRUE,2,still_orphaned
286658726,4,5,2,TRUE,FALSE,FALSE,3,other
286658774,2,1,1,TRUE,TRUE,FALSE,0,already_paired
286659130,1,2,1,FALSE,FALSE,TRUE,2,still_orphaned
286659262,1,2,1,FALSE,FALSE,TRUE,2,still_orphaned
286659305,2,2,1,TRUE,FALSE,FALSE,1,other
286659473,3,2,2,FALSE,TRUE,FALSE,1,completed
286659491,2,2,1,TRUE,FALSE,FALSE,1,other
286659548,3,4,2,FALSE,FALSE,FALSE,3,still_orphaned
286659780,3,4,2,FALSE,FALSE,FALSE,3,still_orphaned
286659855,2,2,1,TRUE,FALSE,FALSE,1,other
286660012,3,2,2,FALSE,TRUE,FALSE,1,completed
286660329,1,2,1,FALSE,FALSE,TRUE,2,still_orphaned
286660346,4,5,2,TRUE,FALSE,FALSE,3,other
286660620,1,3,1,FALSE,FALSE,TRUE,3,still_orphaned
286660845,4,3,2,TRUE,FALSE,FALSE,1,other
286660895,2,2,1,TRUE,FALSE,FALSE,1,other
286660913,2,2,1,TRUE,FALSE,FALSE,1,other
286660977,2,3,1,TRUE,FALSE,FALSE,2,other
286661151,1,0,1,FALSE,FALSE,TRUE,0,still_orphaned
286661528,2,2,1,TRUE,FALSE,FALSE,1,other
286666005,2,2,1,TRUE,FALSE,FALSE,1,other
286666168,1,2,1,FALSE,FALSE,TRUE,2,still_orphaned
286666322,4,4,2,TRUE,FALSE,FALSE,2,other
286666795,1,0,1,FALSE,FALSE,TRUE,0,still_orphaned
286666922,1,0,1,FALSE,FALSE,TRUE,0,still_orphaned
286667003,1,2,1,FALSE,FALSE,TRUE,2,still_orphaned
286667375,2,4,1,TRUE,FALSE,FALSE,3,other
286667443,3,4,2,FALSE,FALSE,FALSE,3,still_orphaned
286667782,2,1,1,TRUE,TRUE,FALSE,0,already_paired
286667807,1,2,1,FALSE,FALSE,TRUE,2,still_orphaned
286667832,1,0,1,FALSE,FALSE,TRUE,0,still_orphaned
286668004,1,2,1,FALSE,FALSE,TRUE,2,still_orphaned
286668160,2,2,1,TRUE,FALSE,FALSE,1,other
286668207,1,0,1,FALSE,FALSE,TRUE,0,still_orphaned
286668208,2,3,1,TRUE,FALSE,FALSE,2,other
286668226,6,6,3,TRUE,FALSE,FALSE,3,other
286668284,1,0,1,FALSE,FALSE,TRUE,0,still_orphaned
286668505,3,3,2,FALSE,FALSE,FALSE,2,still_orphaned
286668619,2,3,1,TRUE,FALSE,FALSE,2,other
286668683,2,2,1,TRUE,FALSE,FALSE,1,other
286668742,4,3,2,TRUE,FALSE,FALSE,1,other
286668825,4,2,2,TRUE,TRUE,FALSE,0,already_paired
286669031,2,2,1,TRUE,FALSE,FALSE,1,other
286669065,1,2,1,FALSE,FALSE,TRUE,2,still_orphaned
286669103,5,6,3,FALSE,FALSE,FALSE,4,still_orphaned
286669137,4,5,2,TRUE,FALSE,FALSE,3,other
286669629,3,4,2,FALSE,FALSE,FALSE,3,still_orphaned
286669770,3,3,2,FALSE,FALSE,FALSE,2,still_orphaned
286669838,6,7,3,TRUE,FALSE,FALSE,4,other
286669902,3,2,2,FALSE,TRUE,FALSE,1,completed
286669909,2,2,1,TRUE,FALSE,FALSE,1,other
286670015,5,3,3,FALSE,TRUE,FALSE,1,completed
286670077,1,3,1,FALSE,FALSE,TRUE,3,still_orphaned
286670112,1,0,1,FALSE,FALSE,TRUE,0,still_orphaned
286670278,5,5,3,FALSE,FALSE,FALSE,3,still_orphaned
286670338,1,3,1,FALSE,FALSE,TRUE,3,still_orphaned
286670394,3,3,2,FALSE,FALSE,FALSE,2,still_orphaned
286670498,1,0,1,FALSE,FALSE,TRUE,0,still_orphaned
286670766,5,5,3,FALSE,FALSE,FALSE,3,still_orphaned
286670882,1,0,1,FALSE,FALSE,TRUE,0,still_orphaned
286670966,1,2,1,FALSE,FALSE,TRUE,2,still_orphaned
286671288,5,5,3,FALSE,FALSE,FALSE,3,still_orphaned
286671293,3,5,2,FALSE,FALSE,FALSE,4,still_orphaned
286671449,2,2,1,TRUE,FALSE,FALSE,1,other
286671514,1,0,1,FALSE,FALSE,TRUE,0,still_orphaned
286671544,2,2,1,TRUE,FALSE,FALSE,1,other
286671581,2,2,1,TRUE,FALSE,FALSE,1,other
286671818,4,6,2,TRUE,FALSE,FALSE,4,other
286671853,4,5,2,TRUE,FALSE,FALSE,3,other
286671881,1,0,1,FALSE,FALSE,TRUE,0,still_orphaned
286672034,3,2,2,FALSE,TRUE,FALSE,1,completed
286672346,1,0,1,FALSE,FALSE,TRUE,0,still_orphaned
286672447,2,3,1,TRUE,FALSE,FALSE,2,other
286672458,2,2,1,TRUE,FALSE,FALSE,1,other
286672738,3,2,2,FALSE,TRUE,FALSE,1,completed
286672806,4,4,2,TRUE,FALSE,FALSE,2,other
286672862,1,0,1,FALSE,FALSE,TRUE,0,still_orphaned
286673352,2,2,1,TRUE,FALSE,FALSE,1,other
286673465,5,4,3,FALSE,FALSE,FALSE,2,still_orphaned
286673495,2,2,1,TRUE,FALSE,FALSE,1,other
286673672,3,3,2,FALSE,FALSE,FALSE,2,still_orphaned
286673686,3,2,2,FALSE,TRUE,FALSE,1,completed
286673856,5,6,3,FALSE,FALSE,FALSE,4,still_orphaned
286673886,4,3,2,TRUE,FALSE,FALSE,1,other
286674144,6,4,3,TRUE,FALSE,FALSE,1,other
286674215,2,2,1,TRUE,FALSE,FALSE,1,other
286674453,1,2,1,FALSE,FALSE,TRUE,2,still_orphaned
286674459,3,3,2,FALSE,FALSE,FALSE,2,still_orphaned
286674509,2,3,1,TRUE,FALSE,FALSE,2,other
286674533,3,4,2,FALSE,FALSE,FALSE,3,still_orphaned
286674680,6,5,3,TRUE,FALSE,FALSE,2,other
286674889,3,2,2,FALSE,TRUE,FALSE,1,completed
286675054,3,4,2,FALSE,FALSE,FALSE,3,still_orphaned
286675196,1,2,1,FALSE,FALSE,TRUE,2,still_orphaned
286675220,1,0,1,FALSE,FALSE,TRUE,0,still_orphaned
286675363,3,4,2,FALSE,FALSE,FALSE,3,still_orphaned
286675368,4,4,2,TRUE,FALSE,FALSE,2,other
286675790,3,3,2,FALSE,FALSE,FALSE,2,still_orphaned
286675793,3,4,2,FALSE,FALSE,FALSE,3,still_orphaned
286676136,2,1,1,TRUE,TRUE,FALSE,0,already_paired
286676144,5,6,3,FALSE,FALSE,FALSE,4,still_orphaned
286676150,3,2,2,FALSE,TRUE,FALSE,1,completed
286676323,1,2,1,FALSE,FALSE,TRUE,2,still_orphaned
286676680,2,2,1,TRUE,FALSE,FALSE,1,other
286677036,3,4,2,FALSE,FALSE,FALSE,3,still_orphaned
286677091,4,3,2,TRUE,FALSE,FALSE,1,other
286677199,2,3,1,TRUE,FALSE,FALSE,2,other
286677425,3,2,2,FALSE,TRUE,FALSE,1,completed
286678026,4,2,2,TRUE,TRUE,FALSE,0,already_paired
286678089,2,2,1,TRUE,FALSE,FALSE,1,other
286678242,2,2,1,TRUE,FALSE,FALSE,1,other
286678496,2,2,1,TRUE,FALSE,FALSE,1,other
286678845,4,4,2,TRUE,FALSE,FALSE,2,other
286678922,2,1,1,TRUE,TRUE,FALSE,0,already_paired
286679082,1,0,1,FALSE,FALSE,TRUE,0,still_orphaned
286679102,3,3,2,FALSE,FALSE,FALSE,2,still_orphaned
286679772,7,5,4,FALSE,FALSE,FALSE,2,still_orphaned
286679781,4,4,2,TRUE,FALSE,FALSE,2,other
286679798,4,4,2,TRUE,FALSE,FALSE,2,other
286680234,4,2,2,TRUE,TRUE,FALSE,0,already_paired
286680382,2,1,1,TRUE,TRUE,FALSE,0,already_paired
286680492,2,1,1,TRUE,TRUE,FALSE,0,already_paired
286680543,5,3,3,FALSE,TRUE,FALSE,1,completed
286680735,2,2,1,TRUE,FALSE,FALSE,1,other
286680792,2,2,1,TRUE,FALSE,FALSE,1,other
286680957,1,0,1,FALSE,FALSE,TRUE,0,still_orphaned
286680972,3,1,2,FALSE,FALSE,FALSE,0,still_orphaned
286681299,3,4,2,FALSE,FALSE,FALSE,3,still_orphaned
286681408,5,6,3,FALSE,FALSE,FALSE,4,still_orphaned
286681553,4,4,2,TRUE,FALSE,FALSE,2,other
286681644,2,2,1,TRUE,FALSE,FALSE,1,other
286681776,2,3,1,TRUE,FALSE,FALSE,2,other
286681992,8,5,4,TRUE,FALSE,FALSE,1,other
286682104,1,2,1,FALSE,FALSE,TRUE,2,still_orphaned
286682451,5,5,3,FALSE,FALSE,FALSE,3,still_orphaned
286682504,3,3,2,FALSE,FALSE,FALSE,2,still_orphaned
286682539,3,3,2,FALSE,FALSE,FALSE,2,still_orphaned
286682566,2,3,1,TRUE,FALSE,FALSE,2,other
286682709,1,2,1,FALSE,FALSE,TRUE,2,still_orphaned
286683384,1,0,1,FALSE,FALSE,TRUE,0,still_orphaned
286683606,3,3,2,FALSE,FALSE,FALSE,2,still_orphaned
286683621,5,4,3,FALSE,FALSE,FALSE,2,still_orphaned
286683691,3,4,2,FALSE,FALSE,FALSE,3,still_orphaned
286683819,1,0,1,FALSE,FALSE,TRUE,0,still_orphaned
286683884,1,0,1,FALSE,FALSE,TRUE,0,still_orphaned
286683929,2,2,1,TRUE,FALSE,FALSE,1,other
286683989,4,3,2,TRUE,FALSE,FALSE,1,other
286684089,2,1,1,TRUE,TRUE,FALSE,0,already_paired
286684290,2,2,1,TRUE,FALSE,FALSE,1,other
286684329,3,2,2,FALSE,TRUE,FALSE,1,completed
286684350,6,6,3,TRUE,FALSE,FALSE,3,other
286684361,3,2,2,FALSE,TRUE,FALSE,1,completed
286684366,1,2,1,FALSE,FALSE,TRUE,2,still_orphaned
286684387,2,3,1,TRUE,FALSE,FALSE,2,other
286684641,3,3,2,FALSE,FALSE,FALSE,2,still_orphaned
286684792,2,1,1,TRUE,TRUE,FALSE,0,already_paired
286684973,3,3,2,FALSE,FALSE,FALSE,2,still_orphaned
286685084,2,1,1,TRUE,TRUE,FALSE,0,already_paired
286685475,2,1,1,TRUE,TRUE,FALSE,0,already_paired
286685840,4,3,2,TRUE,FALSE,FALSE,1,other
286686032,2,3,1,TRUE,FALSE,FALSE,2,other
286686155,2,3,1,TRUE,FALSE,FALSE,2,other
286686171,2,2,1,TRUE,FALSE,FALSE,1,other
286686231,4,5,2,TRUE,FALSE,FALSE,3,other
286686261,3,4,2,FALSE,FALSE,FALSE,3,still_orphaned
286686433,3,3,2,FALSE,FALSE,FALSE,2,still_orphaned
286686687,1,2,1,FALSE,FALSE,TRUE,2,still_orphaned
286686708,2,2,1,TRUE,FALSE,FALSE,1,other
286686790,2,3,1,TRUE,FALSE,FALSE,2,other
286686797,3,3,2,FALSE,FALSE,FALSE,2,still_orphaned
286687129,2,3,1,TRUE,FALSE,FALSE,2,other
286687170,2,3,1,TRUE,FALSE,FALSE,2,other
286687230,1,0,1,FALSE,FALSE,TRUE,0,still_orphaned
286687475,2,2,1,TRUE,FALSE,FALSE,1,other
286687898,2,2,1,TRUE,FALSE,FALSE,1,other
286688217,4,3,2,TRUE,FALSE,FALSE,1,other
286688353,7,9,4,FALSE,FALSE,FALSE,6,still_orphaned
286688474,1,0,1,FALSE,FALSE,TRUE,0,still_orphaned
286688487,2,2,1,TRUE,FALSE,FALSE,1,other
286688768,4,4,2,TRUE,FALSE,FALSE,2,other
286688801,3,3,2,FALSE,FALSE,FALSE,2,still_orphaned
286688942,4,3,2,TRUE,FALSE,FALSE,1,other
286689140,1,2,1,FALSE,FALSE,TRUE,2,still_orphaned
286689256,1,2,1,FALSE,FALSE,TRUE,2,still_orphaned
286689336,3,3,2,FALSE,FALSE,FALSE,2,still_orphaned
286689472,7,7,4,FALSE,FALSE,FALSE,4,still_orphaned
286689515,2,2,1,TRUE,FALSE,FALSE,1,other
286689619,2,1,1,TRUE,TRUE,FALSE,0,already_paired
286689640,1,0,1,FALSE,FALSE,TRUE,0,still_orphaned
286689967,3,2,2,FALSE,TRUE,FALSE,1,completed
286690046,1,0,1,FALSE,FALSE,TRUE,0,still_orphaned
286690062,1,2,1,FALSE,FALSE,TRUE,2,still_orphaned
286690397,4,3,2,TRUE,FALSE,FALSE,1,other
286690472,2,2,1,TRUE,FALSE,FALSE,1,other
286690549,3,3,2,FALSE,FALSE,FALSE,2,still_orphaned
286690700,4,3,2,TRUE,FALSE,FALSE,1,other
286690793,2,2,1,TRUE,FALSE,FALSE,1,other
286690946,3,5,2,FALSE,FALSE,FALSE,4,still_orphaned
286691063,2,3,1,TRUE,FALSE,FALSE,2,other
286691125,1,2,1,FALSE,FALSE,TRUE,2,still_orphaned
286691144,4,3,2,TRUE,FALSE,FALSE,1,other
286691237,3,4,2,FALSE,FALSE,FALSE,3,still_orphaned
286691450,3,3,2,FALSE,FALSE,FALSE,2,still_orphaned
286691529,1,2,1,FALSE,FALSE,TRUE,2,still_orphaned
286691537,5,6,3,FALSE,FALSE,FALSE,4,still_orphaned
286691582,3,3,2,FALSE,FALSE,FALSE,2,still_orphaned
286691597,1,0,1,FALSE,FALSE,TRUE,0,still_orphaned
286691845,2,2,1,TRUE,FALSE,FALSE,1,other
286692096,4,5,2,TRUE,FALSE,FALSE,3,other
286692240,2,2,1,TRUE,FALSE,FALSE,1,other
286692303,2,4,1,TRUE,FALSE,FALSE,3,other
286692534,1,0,1,FALSE,FALSE,TRUE,0,still_orphaned
286692536,3,2,2,FALSE,TRUE,FALSE,1,completed
286692548,2,2,1,TRUE,FALSE,FALSE,1,other
286692597,3,3,2,FALSE,FALSE,FALSE,2,still_orphaned
286692805,1,2,1,FALSE,FALSE,TRUE,2,still_orphaned
286692845,2,3,1,TRUE,FALSE,FALSE,2,other
286692933,2,4,1,TRUE,FALSE,FALSE,3,other
286693371,1,0,1,FALSE,FALSE,TRUE,0,still_orphaned
286693506,2,2,1,TRUE,FALSE,FALSE,1,other
286693533,3,5,2,FALSE,FALSE,FALSE,4,still_orphaned
286693603,1,0,1,FALSE,FALSE,TRUE,0,still_orphaned
286693852,3,2,2,FALSE,TRUE,FALSE,1,completed
286693885,6,5,3,TRUE,FALSE,FALSE,2,other
286694151,2,1,1,TRUE,TRUE,FALSE,0,already_paired
286694174,2,2,1,TRUE,FALSE,FALSE,1,other
286694331,2,1,1,TRUE,TRUE,FALSE,0,already_paired
286694646,1,2,1,FALSE,FALSE,TRUE,2,still_orphaned
286694664,6,7,3,TRUE,FALSE,FALSE,4,other
286695140,1,2,1,FALSE,FALSE,TRUE,2,still_orphaned
286695422,1,0,1,FALSE,FALSE,TRUE,0,still_orphaned
286695428,1,0,1,FALSE,FALSE,TRUE,0,still_orphaned
286695485,2,2,1,TRUE,FALSE,FALSE,1,other
286695502,4,2,2,TRUE,TRUE,FALSE,0,already_paired
286695630,3,5,2,FALSE,FALSE,FALSE,4,still_orphaned
286695693,4,6,2,TRUE,FALSE,FALSE,4,other
286695794,2,1,1,TRUE,TRUE,FALSE,0,already_paired
286696118,4,5,2,TRUE,FALSE,FALSE,3,other
286696229,3,3,2,FALSE,FALSE,FALSE,2,still_orphaned
286696301,1,2,1,FALSE,FALSE,TRUE,2,still_orphaned
286696740,2,1,1,TRUE,TRUE,FALSE,0,already_paired
286697306,5,4,3,FALSE,FALSE,FALSE,2,still_orphaned
286700964,1,0,1,FALSE,FALSE,TRUE,0,still_orphaned
286701250,2,3,1,TRUE,FALSE,FALSE,2,other
286701562,3,4,2,FALSE,FALSE,FALSE,3,still_orphaned
286701618,3,2,2,FALSE,TRUE,FALSE,1,completed
286701936,3,4,2,FALSE,FALSE,FALSE,3,still_orphaned
286702151,1,1,1,FALSE,TRUE,TRUE,1,completed
286702452,2,1,1,TRUE,TRUE,FALSE,0,already_paired
286702607,1,2,1,FALSE,FALSE,TRUE,2,still_orphaned
286702817,1,2,1,FALSE,FALSE,TRUE,2,still_orphaned
286702912,1,0,1,FALSE,FALSE,TRUE,0,still_orphaned
286703109,1,0,1,FALSE,FALSE,TRUE,0,still_orphaned
286703225,5,5,3,FALSE,FALSE,FALSE,3,still_orphaned
286703337,1,2,1,FALSE,FALSE,TRUE,2,still_orphaned
286703346,4,2,2,TRUE,TRUE,FALSE,0,already_paired
286703574,1,0,1,FALSE,FALSE,TRUE,0,still_orphaned
286703617,2,2,1,TRUE,FALSE,FALSE,1,other
286703651,4,5,2,TRUE,FALSE,FALSE,3,other
286703808,3,3,2,FALSE,FALSE,FALSE,2,still_orphaned
286703936,3,1,2,FALSE,FALSE,FALSE,0,still_orphaned
286703987,9,8,5,FALSE,FALSE,FALSE,4,still_orphaned
286704170,3,3,2,FALSE,FALSE,FALSE,2,still_orphaned
286704233,2,1,1,TRUE,TRUE,FALSE,0,already_paired
286704242,1,0,1,FALSE,FALSE,TRUE,0,still_orphaned
286704294,4,4,2,TRUE,FALSE,FALSE,2,other
286704531,4,3,2,TRUE,FALSE,FALSE,1,other
286704795,4,4,2,TRUE,FALSE,FALSE,2,other
286704970,1,0,1,FALSE,FALSE,TRUE,0,still_orphaned
286704981,5,4,3,FALSE,FALSE,FALSE,2,still_orphaned
286705023,2,3,1,TRUE,FALSE,FALSE,2,other
286705084,1,0,1,FALSE,FALSE,TRUE,0,still_orphaned
286705346,1,3,1,FALSE,FALSE,TRUE,3,still_orphaned
286705384,2,3,1,TRUE,FALSE,FALSE,2,other
286705389,6,7,3,TRUE,FALSE,FALSE,4,other
286705403,4,4,2,TRUE,FALSE,FALSE,2,other
286705533,1,0,1,FALSE,FALSE,TRUE,0,still_orphaned
286705596,1,0,1,FALSE,FALSE,TRUE,0,still_orphaned
286705697,1,0,1,FALSE,FALSE,TRUE,0,still_orphaned
286705816,8,8,4,TRUE,FALSE,FALSE,4,other
286705975,3,3,2,FALSE,FALSE,FALSE,2,still_orphaned
286706007,1,0,1,FALSE,FALSE,TRUE,0,still_orphaned
286706501,4,3,2,TRUE,FALSE,FALSE,1,other
286707017,2,2,1,TRUE,FALSE,FALSE,1,other
286707034,9,7,5,FALSE,FALSE,FALSE,3,still_orphaned
286707037,1,0,1,FALSE,FALSE,TRUE,0,still_orphaned
286707418,2,1,1,TRUE,TRUE,FALSE,0,already_paired
286707446,1,0,1,FALSE,FALSE,TRUE,0,still_orphaned
286707887,4,4,2,TRUE,FALSE,FALSE,2,other
286707888,1,0,1,FALSE,FALSE,TRUE,0,still_orphaned
286708414,2,1,1,TRUE,TRUE,FALSE,0,already_paired
286708529,4,3,2,TRUE,FALSE,FALSE,1,other
286708533,4,2,2,TRUE,TRUE,FALSE,0,already_paired
286708651,4,4,2,TRUE,FALSE,FALSE,2,other
286708815,4,5,2,TRUE,FALSE,FALSE,3,other
286708911,1,0,1,FALSE,FALSE,TRUE,0,still_orphaned
286708925,5,5,3,FALSE,FALSE,FALSE,3,still_orphaned
286708988,2,2,1,TRUE,FALSE,FALSE,1,other
286708993,1,0,1,FALSE,FALSE,TRUE,0,still_orphaned
286709103,2,4,1,TRUE,FALSE,FALSE,3,other
286709563,1,0,1,FALSE,FALSE,TRUE,0,still_orphaned
286709602,3,2,2,FALSE,TRUE,FALSE,1,completed
286709991,3,3,2,FALSE,FALSE,FALSE,2,still_orphaned
286710068,3,5,2,FALSE,FALSE,FALSE,4,still_orphaned
286710115,1,0,1,FALSE,FALSE,TRUE,0,still_orphaned
286710149,5,6,3,FALSE,FALSE,FALSE,4,still_orphaned
286710247,2,3,1,TRUE,FALSE,FALSE,2,other
286710349,1,2,1,FALSE,FALSE,TRUE,2,still_orphaned
286710373,4,2,2,TRUE,TRUE,FALSE,0,already_paired
286710455,2,2,1,TRUE,FALSE,FALSE,1,other
286710543,7,8,4,FALSE,FALSE,FALSE,5,still_orphaned
286710848,3,2,2,FALSE,TRUE,FALSE,1,completed
286710899,5,5,3,FALSE,FALSE,FALSE,3,still_orphaned
286710944,4,4,2,TRUE,FALSE,FALSE,2,other
286710967,2,1,1,TRUE,TRUE,FALSE,0,already_paired
286711225,1,3,1,FALSE,FALSE,TRUE,3,still_orphaned
286711811,3,2,2,FALSE,TRUE,FALSE,1,completed
286712139,3,5,2,FALSE,FALSE,FALSE,4,still_orphaned
286712164,2,2,1,TRUE,FALSE,FALSE,1,other
286712643,2,1,1,TRUE,TRUE,FALSE,0,already_paired
286712683,4,5,2,TRUE,FALSE,FALSE,3,other
286712934,1,3,1,FALSE,FALSE,TRUE,3,still_orphaned
286713055,2,2,1,TRUE,FALSE,FALSE,1,other
286713057,1,2,1,FALSE,FALSE,TRUE,2,still_orphaned
286713085,3,2,2,FALSE,TRUE,FALSE,1,completed
286713196,3,5,2,FALSE,FALSE,FALSE,4,still_orphaned
286713765,3,2,2,FALSE,TRUE,FALSE,1,completed
286714228,3,5,2,FALSE,FALSE,FALSE,4,still_orphaned
286714532,2,2,1,TRUE,FALSE,FALSE,1,other
286714737,1,2,1,FALSE,FALSE,TRUE,2,still_orphaned
286714800,1,0,1,FALSE,FALSE,TRUE,0,still_orphaned
286714867,2,4,1,TRUE,FALSE,FALSE,3,other
286714868,2,1,1,TRUE,TRUE,FALSE,0,already_paired
286715180,2,2,1,TRUE,FALSE,FALSE,1,other
286715459,9,8,5,FALSE,FALSE,FALSE,4,still_orphaned
286715503,1,2,1,FALSE,FALSE,TRUE,2,still_orphaned
286715577,2,3,1,TRUE,FALSE,FALSE,2,other
286715829,4,5,2,TRUE,FALSE,FALSE,3,other
286715957,2,2,1,TRUE,FALSE,FALSE,1,other
286716058,2,2,1,TRUE,FALSE,FALSE,1,other
286716253,2,2,1,TRUE,FALSE,FALSE,1,other
286716344,4,4,2,TRUE,FALSE,FALSE,2,other
286716559,1,4,1,FALSE,FALSE,TRUE,4,still_orphaned
286716686,5,3,3,FALSE,TRUE,FALSE,1,completed
286716803,1,0,1,FALSE,FALSE,TRUE,0,still_orphaned
286716972,5,3,3,FALSE,TRUE,FALSE,1,completed
286717015,3,3,2,FALSE,FALSE,FALSE,2,still_orphaned
286717542,1,3,1,FALSE,FALSE,TRUE,3,still_orphaned
286717602,4,3,2,TRUE,FALSE,FALSE,1,other
286718149,3,3,2,FALSE,FALSE,FALSE,2,still_orphaned
286718402,2,2,1,TRUE,FALSE,FALSE,1,other
286718410,1,0,1,FALSE,FALSE,TRUE,0,still_orphaned
286718618,3,3,2,FALSE,FALSE,FALSE,2,still_orphaned
286718771,1,2,1,FALSE,FALSE,TRUE,2,still_orphaned
286718783,1,0,1,FALSE,FALSE,TRUE,0,still_orphaned
286718868,3,2,2,FALSE,TRUE,FALSE,1,completed
286718929,1,3,1,FALSE,FALSE,TRUE,3,still_orphaned
286718966,3,1,2,FALSE,FALSE,FALSE,0,still_orphaned
286718984,2,1,1,TRUE,TRUE,FALSE,0,already_paired
286719070,1,0,1,FALSE,FALSE,TRUE,0,still_orphaned
286719273,3,5,2,FALSE,FALSE,FALSE,4,still_orphaned
286719333,6,5,3,TRUE,FALSE,FALSE,2,other
286719515,1,1,1,FALSE,TRUE,TRUE,1,completed
286719984,2,2,1,TRUE,FALSE,FALSE,1,other
286720049,2,2,1,TRUE,FALSE,FALSE,1,other
286720799,1,2,1,FALSE,FALSE,TRUE,2,still_orphaned
286720858,5,2,3,FALSE,FALSE,FALSE,0,still_orphaned
286721094,6,3,3,TRUE,TRUE,FALSE,0,already_paired
286721203,4,2,2,TRUE,TRUE,FALSE,0,already_paired
286721250,2,3,1,TRUE,FALSE,FALSE,2,other
286721399,1,3,1,FALSE,FALSE,TRUE,3,still_orphaned
286721441,2,2,1,TRUE,FALSE,FALSE,1,other
286721769,6,4,3,TRUE,FALSE,FALSE,1,other
286721834,2,1,1,TRUE,TRUE,FALSE,0,already_paired
286722028,4,4,2,TRUE,FALSE,FALSE,2,other
286722073,1,2,1,FALSE,FALSE,TRUE,2,still_orphaned
286722184,7,6,4,FALSE,FALSE,FALSE,3,still_orphaned
286722254,5,4,3,FALSE,FALSE,FALSE,2,still_orphaned
286722304,1,0,1,FALSE,FALSE,TRUE,0,still_orphaned
286722437,3,5,2,FALSE,FALSE,FALSE,4,still_orphaned
286722589,7,6,4,FALSE,FALSE,FALSE,3,still_orphaned
286722946,2,2,1,TRUE,FALSE,FALSE,1,other
286722967,3,4,2,FALSE,FALSE,FALSE,3,still_orphaned
286723113,2,3,1,TRUE,FALSE,FALSE,2,other
286723132,4,3,2,TRUE,FALSE,FALSE,1,other
286723513,1,0,1,FALSE,FALSE,TRUE,0,still_orphaned
286723733,2,2,1,TRUE,FALSE,FALSE,1,other
286723763,1,0,1,FALSE,FALSE,TRUE,0,still_orphaned
286723829,3,2,2,FALSE,TRUE,FALSE,1,completed
286723844,3,1,2,FALSE,FALSE,FALSE,0,still_orphaned
286723863,6,6,3,TRUE,FALSE,FALSE,3,other
286723938,1,2,1,FALSE,FALSE,TRUE,2,still_orphaned
286724023,3,2,2,FALSE,TRUE,FALSE,1,completed
286724536,2,1,1,TRUE,TRUE,FALSE,0,already_paired
286724591,5,3,3,FALSE,TRUE,FALSE,1,completed
286724625,2,1,1,TRUE,TRUE,FALSE,0,already_paired
286724646,1,0,1,FALSE,FALSE,TRUE,0,still_orphaned
286724703,1,3,1,FALSE,FALSE,TRUE,3,still_orphaned
286724924,4,5,2,TRUE,FALSE,FALSE,3,other
286725198,6,6,3,TRUE,FALSE,FALSE,3,other
286725223,1,2,1,FALSE,FALSE,TRUE,2,still_orphaned
286725318,4,3,2,TRUE,FALSE,FALSE,1,other
286725516,1,0,1,FALSE,FALSE,TRUE,0,still_orphaned
286725755,4,3,2,TRUE,FALSE,FALSE,1,other
286725994,3,5,2,FALSE,FALSE,FALSE,4,still_orphaned
286726038,3,5,2,FALSE,FALSE,FALSE,4,still_orphaned
286726175,1,3,1,FALSE,FALSE,TRUE,3,still_orphaned
286726210,2,2,1,TRUE,FALSE,FALSE,1,other
286726225,1,0,1,FALSE,FALSE,TRUE,0,still_orphaned
286726460,3,2,2,FALSE,TRUE,FALSE,1,completed
286726472,3,5,2,FALSE,FALSE,FALSE,4,still_orphaned
286726498,2,4,1,TRUE,FALSE,FALSE,3,other
286726574,1,0,1,FALSE,FALSE,TRUE,0,still_orphaned
286726655,1,0,1,FALSE,FALSE,TRUE,0,still_orphaned
286726675,2,1,1,TRUE,TRUE,FALSE,0,already_paired
286726681,3,1,2,FALSE,FALSE,FALSE,0,still_orphaned
286726836,2,2,1,TRUE,FALSE,FALSE,1,other
286727038,2,2,1,TRUE,FALSE,FALSE,1,other
286727079,1,0,1,FALSE,FALSE,TRUE,0,still_orphaned
286727159,2,2,1,TRUE,FALSE,FALSE,1,other
286727288,2,2,1,TRUE,FALSE,FALSE,1,other
286727628,1,3,1,FALSE,FALSE,TRUE,3,still_orphaned
286727682,1,0,1,FALSE,FALSE,TRUE,0,still_orphaned
286727735,3,3,2,FALSE,FALSE,FALSE,2,still_orphaned
286727759,3,3,2,FALSE,FALSE,FALSE,2,still_orphaned
286727944,2,2,1,TRUE,FALSE,FALSE,1,other
286727981,2,2,1,TRUE,FALSE,FALSE,1,other
286728004,2,2,1,TRUE,FALSE,FALSE,1,other
286728464,1,2,1,FALSE,FALSE,TRUE,2,still_orphaned
286728527,2,2,1,TRUE,FALSE,FALSE,1,other
286728760,3,4,2,FALSE,FALSE,FALSE,3,still_orphaned
286728992,2,2,1,TRUE,FALSE,FALSE,1,other
286729350,3,1,2,FALSE,FALSE,FALSE,0,still_orphaned
286729441,2,2,1,TRUE,FALSE,FALSE,1,other
286729573,4,5,2,TRUE,FALSE,FALSE,3,other
286729767,2,1,1,TRUE,TRUE,FALSE,0,already_paired
286729778,2,2,1,TRUE,FALSE,FALSE,1,other
286729997,6,5,3,TRUE,FALSE,FALSE,2,other
286730156,1,3,1,FALSE,FALSE,TRUE,3,still_orphaned
286730216,1,3,1,FALSE,FALSE,TRUE,3,still_orphaned
286730225,3,3,2,FALSE,FALSE,FALSE,2,still_orphaned
286730425,6,6,3,TRUE,FALSE,FALSE,3,other
286730426,1,2,1,FALSE,FALSE,TRUE,2,still_orphaned
286730682,2,1,1,TRUE,TRUE,FALSE,0,already_paired
286730728,2,4,1,TRUE,FALSE,FALSE,3,other
286730771,3,4,2,FALSE,FALSE,FALSE,3,still_orphaned
286730906,2,2,1,TRUE,FALSE,FALSE,1,other
286731150,1,3,1,FALSE,FALSE,TRUE,3,still_orphaned
286731153,8,7,4,TRUE,FALSE,FALSE,3,other
286731819,1,0,1,FALSE,FALSE,TRUE,0,still_orphaned
286732342,3,2,2,FALSE,TRUE,FALSE,1,completed
286732618,2,3,1,TRUE,FALSE,FALSE,2,other
286732651,1,2,1,FALSE,FALSE,TRUE,2,still_orphaned
286736704,1,0,1,FALSE,FALSE,TRUE,0,still_orphaned
286737555,2,3,1,TRUE,FALSE,FALSE,2,other
286737772,2,2,1,TRUE,FALSE,FALSE,1,other
286737914,2,2,1,TRUE,FALSE,FALSE,1,other
286738213,6,5,3,TRUE,FALSE,FALSE,2,other
286738626,1,2,1,FALSE,FALSE,TRUE,2,still_orphaned
286738733,3,5,2,FALSE,FALSE,FALSE,4,still_orphaned
286738814,1,0,1,FALSE,FALSE,TRUE,0,still_orphaned
286739112,4,4,2,TRUE,FALSE,FALSE,2,other
286739203,6,3,3,TRUE,TRUE,FALSE,0,already_paired
286739526,4,4,2,TRUE,FALSE,FALSE,2,other
286739543,3,2,2,FALSE,TRUE,FALSE,1,completed
286739620,3,1,2,FALSE,FALSE,FALSE,0,still_orphaned
286739846,7,5,4,FALSE,FALSE,FALSE,2,still_orphaned
286740002,5,5,3,FALSE,FALSE,FALSE,3,still_orphaned
286740262,4,3,2,TRUE,FALSE,FALSE,1,other
286740280,1,3,1,FALSE,FALSE,TRUE,3,still_orphaned
286740289,2,1,1,TRUE,TRUE,FALSE,0,already_paired
286740351,3,2,2,FALSE,TRUE,FALSE,1,completed
286740443,3,4,2,FALSE,FALSE,FALSE,3,still_orphaned
286740445,2,2,1,TRUE,FALSE,FALSE,1,other
286740577,4,4,2,TRUE,FALSE,FALSE,2,other
286740726,2,3,1,TRUE,FALSE,FALSE,2,other
286740800,5,6,3,FALSE,FALSE,FALSE,4,still_orphaned
286740983,5,5,3,FALSE,FALSE,FALSE,3,still_orphaned
286741310,5,7,3,FALSE,FALSE,FALSE,5,still_orphaned
286741341,6,6,3,TRUE,FALSE,FALSE,3,other
286741525,7,5,4,FALSE,FALSE,FALSE,2,still_orphaned
286741654,2,1,1,TRUE,TRUE,FALSE,0,already_paired
286741798,2,1,1,TRUE,TRUE,FALSE,0,already_paired
286741867,4,4,2,TRUE,FALSE,FALSE,2,other
286742069,9,8,5,FALSE,FALSE,FALSE,4,still_orphaned
286742090,5,5,3,FALSE,FALSE,FALSE,3,still_orphaned
286742138,2,1,1,TRUE,TRUE,FALSE,0,already_paired
286742184,1,0,1,FALSE,FALSE,TRUE,0,still_orphaned
286742317,1,0,1,FALSE,FALSE,TRUE,0,still_orphaned
286742336,3,3,2,FALSE,FALSE,FALSE,2,still_orphaned
286742434,1,0,1,FALSE,FALSE,TRUE,0,still_orphaned
286742506,6,4,3,TRUE,FALSE,FALSE,1,other
286742577,1,1,1,FALSE,TRUE,TRUE,1,completed
286742600,2,2,1,TRUE,FALSE,FALSE,1,other
286742633,5,6,3,FALSE,FALSE,FALSE,4,still_orphaned
286743077,6,4,3,TRUE,FALSE,FALSE,1,other
286743231,4,4,2,TRUE,FALSE,FALSE,2,other
286743268,3,2,2,FALSE,TRUE,FALSE,1,completed
286743275,1,2,1,FALSE,FALSE,TRUE,2,still_orphaned
286743514,1,0,1,FALSE,FALSE,TRUE,0,still_orphaned
286743573,1,0,1,FALSE,FALSE,TRUE,0,still_orphaned
286743592,6,5,3,TRUE,FALSE,FALSE,2,other
286743753,3,2,2,FALSE,TRUE,FALSE,1,completed
286743839,3,2,2,FALSE,TRUE,FALSE,1,completed
286744136,1,0,1,FALSE,FALSE,TRUE,0,still_orphaned
286744234,3,2,2,FALSE,TRUE,FALSE,1,completed
286744371,2,2,1,TRUE,FALSE,FALSE,1,other
286744517,2,3,1,TRUE,FALSE,FALSE,2,other
286744726,5,5,3,FALSE,FALSE,FALSE,3,still_orphaned
286744737,5,2,3,FALSE,FALSE,FALSE,0,still_orphaned
286745124,3,3,2,FALSE,FALSE,FALSE,2,still_orphaned
286745176,5,4,3,FALSE,FALSE,FALSE,2,still_orphaned
286745633,3,3,2,FALSE,FALSE,FALSE,2,still_orphaned
286745661,3,1,2,FALSE,FALSE,FALSE,0,still_orphaned
286745694,2,3,1,TRUE,FALSE,FALSE,2,other
286745782,3,4,2,FALSE,FALSE,FALSE,3,still_orphaned
286745963,3,3,2,FALSE,FALSE,FALSE,2,still_orphaned
286746014,2,2,1,TRUE,FALSE,FALSE,1,other
286746264,1,2,1,FALSE,FALSE,TRUE,2,still_orphaned
286746281,1,2,1,FALSE,FALSE,TRUE,2,still_orphaned
286746332,5,3,3,FALSE,TRUE,FALSE,1,completed
286746448,3,2,2,FALSE,TRUE,FALSE,1,completed
286746535,2,1,1,TRUE,TRUE,FALSE,0,already_paired
286746724,7,7,4,FALSE,FALSE,FALSE,4,still_orphaned
286746733,4,5,2,TRUE,FALSE,FALSE,3,other
286747359,3,5,2,FALSE,FALSE,FALSE,4,still_orphaned
286747629,3,3,2,FALSE,FALSE,FALSE,2,still_orphaned
286747655,3,1,2,FALSE,FALSE,FALSE,0,still_orphaned
286747665,5,3,3,FALSE,TRUE,FALSE,1,completed
286747707,2,2,1,TRUE,FALSE,FALSE,1,other
286747911,1,0,1,FALSE,FALSE,TRUE,0,still_orphaned
286748061,6,6,3,TRUE,FALSE,FALSE,3,other
286748191,4,4,2,TRUE,FALSE,FALSE,2,other
286748196,1,2,1,FALSE,FALSE,TRUE,2,still_orphaned
286748332,1,0,1,FALSE,FALSE,TRUE,0,still_orphaned
286748466,4,5,2,TRUE,FALSE,FALSE,3,other
286748470,1,3,1,FALSE,FALSE,TRUE,3,still_orphaned
286748826,9,7,5,FALSE,FALSE,FALSE,3,still_orphaned
286748853,1,3,1,FALSE,FALSE,TRUE,3,still_orphaned
286749220,3,3,2,FALSE,FALSE,FALSE,2,still_orphaned
286749259,2,1,1,TRUE,TRUE,FALSE,0,already_paired
286749443,4,4,2,TRUE,FALSE,FALSE,2,other
286749538,5,4,3,FALSE,FALSE,FALSE,2,still_orphaned
286749869,3,6,2,FALSE,FALSE,FALSE,5,still_orphaned
286750008,1,0,1,FALSE,FALSE,TRUE,0,still_orphaned
286750083,4,3,2,TRUE,FALSE,FALSE,1,other
286750301,4,4,2,TRUE,FALSE,FALSE,2,other
286750497,2,2,1,TRUE,FALSE,FALSE,1,other
286750722,4,4,2,TRUE,FALSE,FALSE,2,other
286751035,4,4,2,TRUE,FALSE,FALSE,2,other
286751425,3,2,2,FALSE,TRUE,FALSE,1,completed
286751506,1,0,1,FALSE,FALSE,TRUE,0,still_orphaned
286751667,8,6,4,TRUE,FALSE,FALSE,2,other
286751711,3,2,2,FALSE,TRUE,FALSE,1,completed
286751893,4,4,2,TRUE,FALSE,FALSE,2,other
286752187,2,2,1,TRUE,FALSE,FALSE,1,other
286752231,5,5,3,FALSE,FALSE,FALSE,3,still_orphaned
286752374,2,1,1,TRUE,TRUE,FALSE,0,already_paired
286752542,1,2,1,FALSE,FALSE,TRUE,2,still_orphaned
286752578,2,3,1,TRUE,FALSE,FALSE,2,other
286753488,4,4,2,TRUE,FALSE,FALSE,2,other
286753776,2,2,1,TRUE,FALSE,FALSE,1,other
286753901,3,2,2,FALSE,TRUE,FALSE,1,completed
286754012,1,3,1,FALSE,FALSE,TRUE,3,still_orphaned
286754171,4,2,2,TRUE,TRUE,FALSE,0,already_paired
286754547,4,4,2,TRUE,FALSE,FALSE,2,other
286754641,2,2,1,TRUE,FALSE,FALSE,1,other
286754760,3,3,2,FALSE,FALSE,FALSE,2,still_orphaned
286754793,4,3,2,TRUE,FALSE,FALSE,1,other
286754865,7,8,4,FALSE,FALSE,FALSE,5,still_orphaned
286754870,2,3,1,TRUE,FALSE,FALSE,2,other
286755272,3,2,2,FALSE,TRUE,FALSE,1,completed
286755295,4,6,2,TRUE,FALSE,FALSE,4,other
286755306,8,6,4,TRUE,FALSE,FALSE,2,other
286755348,3,1,2,FALSE,FALSE,FALSE,0,still_orphaned
286755644,8,6,4,TRUE,FALSE,FALSE,2,other
286755687,1,2,1,FALSE,FALSE,TRUE,2,still_orphaned
286755747,1,0,1,FALSE,FALSE,TRUE,0,still_orphaned
286755809,3,5,2,FALSE,FALSE,FALSE,4,still_orphaned
286755982,2,3,1,TRUE,FALSE,FALSE,2,other
286756050,5,3,3,FALSE,TRUE,FALSE,1,completed
286756316,6,5,3,TRUE,FALSE,FALSE,2,other
286756395,3,4,2,FALSE,FALSE,FALSE,3,still_orphaned
286756407,4,3,2,TRUE,FALSE,FALSE,1,other
286756453,3,2,2,FALSE,TRUE,FALSE,1,completed
286756621,2,4,1,TRUE,FALSE,FALSE,3,other
286756649,1,2,1,FALSE,FALSE,TRUE,2,still_orphaned
286756737,4,4,2,TRUE,FALSE,FALSE,2,other
286756845,2,2,1,TRUE,FALSE,FALSE,1,other
286756852,1,0,1,FALSE,FALSE,TRUE,0,still_orphaned
286756924,2,2,1,TRUE,FALSE,FALSE,1,other
286756983,3,2,2,FALSE,TRUE,FALSE,1,completed
286757209,2,2,1,TRUE,FALSE,FALSE,1,other
286757530,3,3,2,FALSE,FALSE,FALSE,2,still_orphaned
286757589,2,3,1,TRUE,FALSE,FALSE,2,other
286757630,5,2,3,FALSE,FALSE,FALSE,0,still_orphaned
286758378,2,3,1,TRUE,FALSE,FALSE,2,other
286758379,5,2,3,FALSE,FALSE,FALSE,0,still_orphaned
286758704,2,3,1,TRUE,FALSE,FALSE,2,other
286758750,1,0,1,FALSE,FALSE,TRUE,0,still_orphaned
286758817,3,4,2,FALSE,FALSE,FALSE,3,still_orphaned
286759162,3,5,2,FALSE,FALSE,FALSE,4,still_orphaned
286759188,2,2,1,TRUE,FALSE,FALSE,1,other
286759330,3,2,2,FALSE,TRUE,FALSE,1,completed
286759423,2,2,1,TRUE,FALSE,FALSE,1,other
286759850,6,8,3,TRUE,FALSE,FALSE,5,other
286760130,6,6,3,TRUE,FALSE,FALSE,3,other
286760972,6,5,3,TRUE,FALSE,FALSE,2,other
286760986,2,1,1,TRUE,TRUE,FALSE,0,already_paired
286761326,4,3,2,TRUE,FALSE,FALSE,1,other
286761548,3,3,2,FALSE,FALSE,FALSE,2,still_orphaned
286761625,5,4,3,FALSE,FALSE,FALSE,2,still_orphaned
286761651,2,2,1,TRUE,FALSE,FALSE,1,other
286761885,5,2,3,FALSE,FALSE,FALSE,0,still_orphaned
286761927,3,4,2,FALSE,FALSE,FALSE,3,still_orphaned
286761944,1,2,1,FALSE,FALSE,TRUE,2,still_orphaned
286761949,1,2,1,FALSE,FALSE,TRUE,2,still_orphaned
286762091,1,2,1,FALSE,FALSE,TRUE,2,still_orphaned
286762161,2,2,1,TRUE,FALSE,FALSE,1,other
286762259,1,3,1,FALSE,FALSE,TRUE,3,still_orphaned
286762373,1,2,1,FALSE,FALSE,TRUE,2,still_orphaned
286762397,2,1,1,TRUE,TRUE,FALSE,0,already_paired
286762746,8,4,4,TRUE,TRUE,FALSE,0,already_paired
286762766,4,4,2,TRUE,FALSE,FALSE,2,other
286763002,7,9,4,FALSE,FALSE,FALSE,6,still_orphaned
286763030,3,2,2,FALSE,TRUE,FALSE,1,completed
286763100,1,2,1,FALSE,FALSE,TRUE,2,still_orphaned
286763166,3,4,2,FALSE,FALSE,FALSE,3,still_orphaned
286763312,1,2,1,FALSE,FALSE,TRUE,2,still_orphaned
286763320,4,3,2,TRUE,FALSE,FALSE,1,other
286763432,3,2,2,FALSE,TRUE,FALSE,1,completed
286763572,2,3,1,TRUE,FALSE,FALSE,2,other
286763640,1,2,1,FALSE,FALSE,TRUE,2,still_orphaned
286763668,1,0,1,FALSE,FALSE,TRUE,0,still_orphaned
286763976,2,2,1,TRUE,FALSE,FALSE,1,other
286764164,2,2,1,TRUE,FALSE,FALSE,1,other
286764207,2,3,1,TRUE,FALSE,FALSE,2,other
286764466,4,4,2,TRUE,FALSE,FALSE,2,other
286764487,6,4,3,TRUE,FALSE,FALSE,1,other
286764856,3,3,2,FALSE,FALSE,FALSE,2,still_orphaned
286764942,1,1,1,FALSE,TRUE,TRUE,1,completed
286765167,3,4,2,FALSE,FALSE,FALSE,3,still_orphaned
286765364,6,5,3,TRUE,FALSE,FALSE,2,other
286765425,2,3,1,TRUE,FALSE,FALSE,2,other
286765931,3,4,2,FALSE,FALSE,FALSE,3,still_orphaned
286766124,3,2,2,FALSE,TRUE,FALSE,1,completed
286766369,1,0,1,FALSE,FALSE,TRUE,0,still_orphaned
286766370,3,4,2,FALSE,FALSE,FALSE,3,still_orphaned
286766557,3,4,2,FALSE,FALSE,FALSE,3,still_orphaned
286766725,3,3,2,FALSE,FALSE,FALSE,2,still_orphaned
286766785,2,2,1,TRUE,FALSE,FALSE,1,other
286767161,1,0,1,FALSE,FALSE,TRUE,0,still_orphaned
286767319,2,1,1,TRUE,TRUE,FALSE,0,already_paired
286767480,2,2,1,TRUE,FALSE,FALSE,1,other
286767591,5,3,3,FALSE,TRUE,FALSE,1,completed
286767734,3,5,2,FALSE,FALSE,FALSE,4,still_orphaned
286767862,3,3,2,FALSE,FALSE,FALSE,2,still_orphaned
286767865,2,2,1,TRUE,FALSE,FALSE,1,other
286767958,1,0,1,FALSE,FALSE,TRUE,0,still_orphaned
286768152,3,5,2,FALSE,FALSE,FALSE,4,still_orphaned
286768260,3,3,2,FALSE,FALSE,FALSE,2,still_orphaned
286768306,1,2,1,FALSE,FALSE,TRUE,2,still_orphaned
286768320,1,0,1,FALSE,FALSE,TRUE,0,still_orphaned
286768451,1,2,1,FALSE,FALSE,TRUE,2,still_orphaned
286768495,3,2,2,FALSE,TRUE,FALSE,1,completed
286768799,5,4,3,FALSE,FALSE,FALSE,2,still_orphaned
286769001,3,2,2,FALSE,TRUE,FALSE,1,completed
286769308,1,0,1,FALSE,FALSE,TRUE,0,still_orphaned
286769644,3,2,2,FALSE,TRUE,FALSE,1,completed
286774986,1,3,1,FALSE,FALSE,TRUE,3,still_orphaned
286775646,1,0,1,FALSE,FALSE,TRUE,0,still_orphaned
286776199,4,3,2,TRUE,FALSE,FALSE,1,other
286776250,2,3,1,TRUE,FALSE,FALSE,2,other
286776352,4,5,2,TRUE,FALSE,FALSE,3,other
286776416,1,2,1,FALSE,FALSE,TRUE,2,still_orphaned
286776720,2,3,1,TRUE,FALSE,FALSE,2,other
286776739,4,3,2,TRUE,FALSE,FALSE,1,other
286776907,2,2,1,TRUE,FALSE,FALSE,1,other
286777225,2,1,1,TRUE,TRUE,FALSE,0,already_paired
286777346,3,4,2,FALSE,FALSE,FALSE,3,still_orphaned
286777818,2,2,1,TRUE,FALSE,FALSE,1,other
286777843,2,3,1,TRUE,FALSE,FALSE,2,other
286777934,2,1,1,TRUE,TRUE,FALSE,0,already_paired
286778139,1,1,1,FALSE,TRUE,TRUE,1,completed
286778223,3,2,2,FALSE,TRUE,FALSE,1,completed
286778353,2,2,1,TRUE,FALSE,FALSE,1,other
286778576,2,2,1,TRUE,FALSE,FALSE,1,other
286778599,3,4,2,FALSE,FALSE,FALSE,3,still_orphaned
286778641,2,2,1,TRUE,FALSE,FALSE,1,other
286778717,2,4,1,TRUE,FALSE,FALSE,3,other
286778726,2,3,1,TRUE,FALSE,FALSE,2,other
286778786,2,3,1,TRUE,FALSE,FALSE,2,other
286778921,2,1,1,TRUE,TRUE,FALSE,0,already_paired
286779152,5,6,3,FALSE,FALSE,FALSE,4,still_orphaned
286779203,2,2,1,TRUE,FALSE,FALSE,1,other
286779227,2,2,1,TRUE,FALSE,FALSE,1,other
286779742,1,0,1,FALSE,FALSE,TRUE,0,still_orphaned
286779826,1,0,1,FALSE,FALSE,TRUE,0,still_orphaned
286779836,5,5,3,FALSE,FALSE,FALSE,3,still_orphaned
286779878,6,6,3,TRUE,FALSE,FALSE,3,other
286780071,3,3,2,FALSE,FALSE,FALSE,2,still_orphaned
286780138,2,4,1,TRUE,FALSE,FALSE,3,other
286780190,1,0,1,FALSE,FALSE,TRUE,0,still_orphaned
286780419,5,3,3,FALSE,TRUE,FALSE,1,completed
286780542,2,2,1,TRUE,FALSE,FALSE,1,other
286780551,1,0,1,FALSE,FALSE,TRUE,0,still_orphaned
286780703,2,1,1,TRUE,TRUE,FALSE,0,already_paired
286780713,2,2,1,TRUE,FALSE,FALSE,1,other
286780780,7,4,4,FALSE,TRUE,FALSE,1,completed
286780944,1,0,1,FALSE,FALSE,TRUE,0,still_orphaned
286781515,6,5,3,TRUE,FALSE,FALSE,2,other
286781657,2,2,1,TRUE,FALSE,FALSE,1,other
286781707,7,6,4,FALSE,FALSE,FALSE,3,still_orphaned
286781910,4,4,2,TRUE,FALSE,FALSE,2,other
286781935,1,0,1,FALSE,FALSE,TRUE,0,still_orphaned
286781972,1,0,1,FALSE,FALSE,TRUE,0,still_orphaned
286782034,3,6,2,FALSE,FALSE,FALSE,5,still_orphaned
286782546,2,2,1,TRUE,FALSE,FALSE,1,other
286782673,4,2,2,TRUE,TRUE,FALSE,0,already_paired
286782964,1,0,1,FALSE,FALSE,TRUE,0,still_orphaned
286783031,2,3,1,TRUE,FALSE,FALSE,2,other
286783038,4,4,2,TRUE,FALSE,FALSE,2,other
286783516,2,1,1,TRUE,TRUE,FALSE,0,already_paired
286783764,1,2,1,FALSE,FALSE,TRUE,2,still_orphaned
286783906,6,6,3,TRUE,FALSE,FALSE,3,other
286784010,2,1,1,TRUE,TRUE,FALSE,0,already_paired
286784055,1,2,1,FALSE,FALSE,TRUE,2,still_orphaned
286784086,2,1,1,TRUE,TRUE,FALSE,0,already_paired
286784122,5,6,3,FALSE,FALSE,FALSE,4,still_orphaned
286784155,4,3,2,TRUE,FALSE,FALSE,1,other
286784382,1,2,1,FALSE,FALSE,TRUE,2,still_orphaned
286784560,6,5,3,TRUE,FALSE,FALSE,2,other
286784687,1,0,1,FALSE,FALSE,TRUE,0,still_orphaned
286784689,2,2,1,TRUE,FALSE,FALSE,1,other
286784702,1,2,1,FALSE,FALSE,TRUE,2,still_orphaned
286784822,1,2,1,FALSE,FALSE,TRUE,2,still_orphaned
286785007,1,0,1,FALSE,FALSE,TRUE,0,still_orphaned
286785165,5,4,3,FALSE,FALSE,FALSE,2,still_orphaned
286785186,3,4,2,FALSE,FALSE,FALSE,3,still_orphaned
286785457,2,1,1,TRUE,TRUE,FALSE,0,already_paired
286785498,4,4,2,TRUE,FALSE,FALSE,2,other
286785529,2,2,1,TRUE,FALSE,FALSE,1,other
286785593,3,2,2,FALSE,TRUE,FALSE,1,completed
286785667,4,4,2,TRUE,FALSE,FALSE,2,other
286785731,3,4,2,FALSE,FALSE,FALSE,3,still_orphaned
286786053,3,2,2,FALSE,TRUE,FALSE,1,completed
286786517,4,5,2,TRUE,FALSE,FALSE,3,other
286786541,4,3,2,TRUE,FALSE,FALSE,1,other
286786716,1,0,1,FALSE,FALSE,TRUE,0,still_orphaned
286786876,1,0,1,FALSE,FALSE,TRUE,0,still_orphaned
286786899,3,5,2,FALSE,FALSE,FALSE,4,still_orphaned
286787059,2,2,1,TRUE,FALSE,FALSE,1,other
286787419,4,4,2,TRUE,FALSE,FALSE,2,other
286787909,2,2,1,TRUE,FALSE,FALSE,1,other
286787973,3,4,2,FALSE,FALSE,FALSE,3,still_orphaned
286788079,8,7,4,TRUE,FALSE,FALSE,3,other
286788365,2,2,1,TRUE,FALSE,FALSE,1,other
286788366,2,2,1,TRUE,FALSE,FALSE,1,other
286788488,2,2,1,TRUE,FALSE,FALSE,1,other
286788568,1,0,1,FALSE,FALSE,TRUE,0,still_orphaned
286789001,1,2,1,FALSE,FALSE,TRUE,2,still_orphaned
286789003,1,0,1,FALSE,FALSE,TRUE,0,still_orphaned
286789268,3,3,2,FALSE,FALSE,FALSE,2,still_orphaned
286789538,4,5,2,TRUE,FALSE,FALSE,3,other
286789579,2,1,1,TRUE,TRUE,FALSE,0,already_paired
286789619,1,0,1,FALSE,FALSE,TRUE,0,still_orphaned
286790045,4,3,2,TRUE,FALSE,FALSE,1,other
286790056,2,2,1,TRUE,FALSE,FALSE,1,other
286790258,2,3,1,TRUE,FALSE,FALSE,2,other
286790284,3,3,2,FALSE,FALSE,FALSE,2,still_orphaned
286790307,4,4,2,TRUE,FALSE,FALSE,2,other
286790583,6,5,3,TRUE,FALSE,FALSE,2,other
286790893,2,3,1,TRUE,FALSE,FALSE,2,other
286791317,2,1,1,TRUE,TRUE,FALSE,0,already_paired
286791571,2,3,1,TRUE,FALSE,FALSE,2,other
286791594,4,3,2,TRUE,FALSE,FALSE,1,other
286791725,1,0,1,FALSE,FALSE,TRUE,0,still_orphaned
286791933,2,3,1,TRUE,FALSE,FALSE,2,other
286792048,2,2,1,TRUE,FALSE,FALSE,1,other
286792083,5,5,3,FALSE,FALSE,FALSE,3,still_orphaned
286792109,1,2,1,FALSE,FALSE,TRUE,2,still_orphaned
286792509,2,3,1,TRUE,FALSE,FALSE,2,other
286792963,3,3,2,FALSE,FALSE,FALSE,2,still_orphaned
286792967,7,8,4,FALSE,FALSE,FALSE,5,still_orphaned
286793108,4,5,2,TRUE,FALSE,FALSE,3,other
286793435,3,2,2,FALSE,TRUE,FALSE,1,completed
286793499,2,3,1,TRUE,FALSE,FALSE,2,other
286793689,6,6,3,TRUE,FALSE,FALSE,3,other
286793883,3,2,2,FALSE,TRUE,FALSE,1,completed
286794104,1,2,1,FALSE,FALSE,TRUE,2,still_orphaned
286794167,2,3,1,TRUE,FALSE,FALSE,2,other
286794174,5,4,3,FALSE,FALSE,FALSE,2,still_orphaned
286794269,1,2,1,FALSE,FALSE,TRUE,2,still_orphaned
286794354,2,1,1,TRUE,TRUE,FALSE,0,already_paired
286794443,1,2,1,FALSE,FALSE,TRUE,2,still_orphaned
286794470,1,0,1,FALSE,FALSE,TRUE,0,still_orphaned
286794629,2,2,1,TRUE,FALSE,FALSE,1,other
286794650,5,6,3,FALSE,FALSE,FALSE,4,still_orphaned
286794667,5,3,3,FALSE,TRUE,FALSE,1,completed
286795126,1,2,1,FALSE,FALSE,TRUE,2,still_orphaned
286795303,2,3,1,TRUE,FALSE,FALSE,2,other
286795361,1,3,1,FALSE,FALSE,TRUE,3,still_orphaned
286795425,3,6,2,FALSE,FALSE,FALSE,5,still_orphaned
286795534,1,0,1,FALSE,FALSE,TRUE,0,still_orphaned
286795560,3,4,2,FALSE,FALSE,FALSE,3,still_orphaned
286795693,5,6,3,FALSE,FALSE,FALSE,4,still_orphaned
286795859,1,0,1,FALSE,FALSE,TRUE,0,still_orphaned
286795874,5,4,3,FALSE,FALSE,FALSE,2,still_orphaned
286796420,3,2,2,FALSE,TRUE,FALSE,1,completed
286796471,2,2,1,TRUE,FALSE,FALSE,1,other
286796612,4,4,2,TRUE,FALSE,FALSE,2,other
286796638,4,5,2,TRUE,FALSE,FALSE,3,other
286796941,4,3,2,TRUE,FALSE,FALSE,1,other
286796957,5,6,3,FALSE,FALSE,FALSE,4,still_orphaned
286797092,4,4,2,TRUE,FALSE,FALSE,2,other
286797111,3,3,2,FALSE,FALSE,FALSE,2,still_orphaned
286797347,1,0,1,FALSE,FALSE,TRUE,0,still_orphaned
286797556,2,2,1,TRUE,FALSE,FALSE,1,other
286797738,1,2,1,FALSE,FALSE,TRUE,2,still_orphaned
286797869,2,2,1,TRUE,FALSE,FALSE,1,other
286797977,2,2,1,TRUE,FALSE,FALSE,1,other
286798010,2,1,1,TRUE,TRUE,FALSE,0,already_paired
286798028,5,5,3,FALSE,FALSE,FALSE,3,still_orphaned
286798517,5,7,3,FALSE,FALSE,FALSE,5,still_orphaned
286798642,1,0,1,FALSE,FALSE,TRUE,0,still_orphaned
286798658,1,2,1,FALSE,FALSE,TRUE,2,still_orphaned
286798916,2,2,1,TRUE,FALSE,FALSE,1,other
286799057,2,2,1,TRUE,FALSE,FALSE,1,other
286799435,4,3,2,TRUE,FALSE,FALSE,1,other
286799456,2,4,1,TRUE,FALSE,FALSE,3,other
286799492,2,3,1,TRUE,FALSE,FALSE,2,other
286799522,3,2,2,FALSE,TRUE,FALSE,1,completed
286799605,1,2,1,FALSE,FALSE,TRUE,2,still_orphaned
286799681,2,1,1,TRUE,TRUE,FALSE,0,already_paired
286800037,1,3,1,FALSE,FALSE,TRUE,3,still_orphaned
286800076,4,3,2,TRUE,FALSE,FALSE,1,other
286800307,3,3,2,FALSE,FALSE,FALSE,2,still_orphaned
286800557,3,2,2,FALSE,TRUE,FALSE,1,completed
286800634,5,3,3,FALSE,TRUE,FALSE,1,completed
286800668,4,5,2,TRUE,FALSE,FALSE,3,other
286800714,2,3,1,TRUE,FALSE,FALSE,2,other
286800716,3,3,2,FALSE,FALSE,FALSE,2,still_orphaned
286800963,4,3,2,TRUE,FALSE,FALSE,1,other
286801003,1,0,1,FALSE,FALSE,TRUE,0,still_orphaned
286801059,2,2,1,TRUE,FALSE,FALSE,1,other
286801395,3,2,2,FALSE,TRUE,FALSE,1,completed
286801451,1,0,1,FALSE,FALSE,TRUE,0,still_orphaned
286801479,4,6,2,TRUE,FALSE,FALSE,4,other
286801583,1,2,1,FALSE,FALSE,TRUE,2,still_orphaned
286801631,1,2,1,FALSE,FALSE,TRUE,2,still_orphaned
286801654,4,5,2,TRUE,FALSE,FALSE,3,other
286801722,2,3,1,TRUE,FALSE,FALSE,2,other
286801819,4,4,2,TRUE,FALSE,FALSE,2,other
286802026,4,4,2,TRUE,FALSE,FALSE,2,other
286802100,2,2,1,TRUE,FALSE,FALSE,1,other
286802138,1,2,1,FALSE,FALSE,TRUE,2,still_orphaned
286802388,1,2,1,FALSE,FALSE,TRUE,2,still_orphaned
286802438,2,2,1,TRUE,FALSE,FALSE,1,other
286802451,2,2,1,TRUE,FALSE,FALSE,1,other
286802482,4,5,2,TRUE,FALSE,FALSE,3,other
286802538,5,4,3,FALSE,FALSE,FALSE,2,still_orphaned
286802541,8,8,4,TRUE,FALSE,FALSE,4,other
286802643,2,1,1,TRUE,TRUE,FALSE,0,already_paired
286802706,2,1,1,TRUE,TRUE,FALSE,0,already_paired
286802842,1,0,1,FALSE,FALSE,TRUE,0,still_orphaned
286802931,1,2,1,FALSE,FALSE,TRUE,2,still_orphaned
286803056,4,5,2,TRUE,FALSE,FALSE,3,other
286803196,3,2,2,FALSE,TRUE,FALSE,1,completed
286803539,3,3,2,FALSE,FALSE,FALSE,2,still_orphaned
286803571,3,4,2,FALSE,FALSE,FALSE,3,still_orphaned
286803620,2,1,1,TRUE,TRUE,FALSE,0,already_paired
286804209,5,3,3,FALSE,TRUE,FALSE,1,completed
286804372,3,4,2,FALSE,FALSE,FALSE,3,still_orphaned
286804412,2,1,1,TRUE,TRUE,FALSE,0,already_paired
286804449,2,2,1,TRUE,FALSE,FALSE,1,other
286804867,3,5,2,FALSE,FALSE,FALSE,4,still_orphaned
286804968,2,2,1,TRUE,FALSE,FALSE,1,other
286805473,3,3,2,FALSE,FALSE,FALSE,2,still_orphaned
286805689,1,3,1,FALSE,FALSE,TRUE,3,still_orphaned
286805915,3,3,2,FALSE,FALSE,FALSE,2,still_orphaned
286806057,2,2,1,TRUE,FALSE,FALSE,1,other
286806127,2,3,1,TRUE,FALSE,FALSE,2,other
286806183,3,3,2,FALSE,FALSE,FALSE,2,still_orphaned
286806308,4,4,2,TRUE,FALSE,FALSE,2,other
286806615,1,0,1,FALSE,FALSE,TRUE,0,still_orphaned
286806685,3,4,2,FALSE,FALSE,FALSE,3,still_orphaned
286806759,3,5,2,FALSE,FALSE,FALSE,4,still_orphaned
286806786,6,5,3,TRUE,FALSE,FALSE,2,other
286806824,2,2,1,TRUE,FALSE,FALSE,1,other
286806888,4,5,2,TRUE,FALSE,FALSE,3,other
286807011,2,3,1,TRUE,FALSE,FALSE,2,other
286807083,1,3,1,FALSE,FALSE,TRUE,3,still_orphaned
286807386,3,5,2,FALSE,FALSE,FALSE,4,still_orphaned
286807483,1,2,1,FALSE,FALSE,TRUE,2,still_orphaned
286807504,1,0,1,FALSE,FALSE,TRUE,0,still_orphaned
286807934,2,1,1,TRUE,TRUE,FALSE,0,already_paired
286808112,1,2,1,FALSE,FALSE,TRUE,2,still_orphaned
286808178,5,2,3,FALSE,FALSE,FALSE,0,still_orphaned
286808680,1,2,1,FALSE,FALSE,TRUE,2,still_orphaned
286809009,1,0,1,FALSE,FALSE,TRUE,0,still_orphaned
286813733,3,2,2,FALSE,TRUE,FALSE,1,completed
286813922,1,2,1,FALSE,FALSE,TRUE,2,still_orphaned
286814059,6,8,3,TRUE,FALSE,FALSE,5,other
286814441,3,4,2,FALSE,FALSE,FALSE,3,still_orphaned
286814569,1,2,1,FALSE,FALSE,TRUE,2,still_orphaned
286814751,2,3,1,TRUE,FALSE,FALSE,2,other
286815129,1,2,1,FALSE,FALSE,TRUE,2,still_orphaned
286815142,2,2,1,TRUE,FALSE,FALSE,1,other
286815156,4,3,2,TRUE,FALSE,FALSE,1,other
286815491,5,5,3,FALSE,FALSE,FALSE,3,still_orphaned
286815580,1,0,1,FALSE,FALSE,TRUE,0,still_orphaned
286815681,1,0,1,FALSE,FALSE,TRUE,0,still_orphaned
286815687,3,2,2,FALSE,TRUE,FALSE,1,completed
286815751,1,0,1,FALSE,FALSE,TRUE,0,still_orphaned
286815902,1,2,1,FALSE,FALSE,TRUE,2,still_orphaned
286816171,4,2,2,TRUE,TRUE,FALSE,0,already_paired
286816188,3,3,2,FALSE,FALSE,FALSE,2,still_orphaned
286816215,3,1,2,FALSE,FALSE,FALSE,0,still_orphaned
286816229,3,2,2,FALSE,TRUE,FALSE,1,completed
286816391,1,2,1,FALSE,FALSE,TRUE,2,still_orphaned
286816436,3,2,2,FALSE,TRUE,FALSE,1,completed
286816578,1,0,1,FALSE,FALSE,TRUE,0,still_orphaned
286816631,2,2,1,TRUE,FALSE,FALSE,1,other
286816711,6,4,3,TRUE,FALSE,FALSE,1,other
286816733,4,2,2,TRUE,TRUE,FALSE,0,already_paired
286816747,4,3,2,TRUE,FALSE,FALSE,1,other
286816898,3,3,2,FALSE,FALSE,FALSE,2,still_orphaned
286817057,3,3,2,FALSE,FALSE,FALSE,2,still_orphaned
286817058,4,3,2,TRUE,FALSE,FALSE,1,other
286817349,1,2,1,FALSE,FALSE,TRUE,2,still_orphaned
286817381,4,3,2,TRUE,FALSE,FALSE,1,other
286817583,4,4,2,TRUE,FALSE,FALSE,2,other
286817585,3,2,2,FALSE,TRUE,FALSE,1,completed
286817588,2,3,1,TRUE,FALSE,FALSE,2,other
286817593,1,2,1,FALSE,FALSE,TRUE,2,still_orphaned
286817602,2,1,1,TRUE,TRUE,FALSE,0,already_paired
286818036,1,0,1,FALSE,FALSE,TRUE,0,still_orphaned
286818245,8,6,4,TRUE,FALSE,FALSE,2,other
286818322,1,2,1,FALSE,FALSE,TRUE,2,still_orphaned
286818326,2,2,1,TRUE,FALSE,FALSE,1,other
286818421,6,6,3,TRUE,FALSE,FALSE,3,other
286818482,2,2,1,TRUE,FALSE,FALSE,1,other
286818625,1,2,1,FALSE,FALSE,TRUE,2,still_orphaned
286818766,2,2,1,TRUE,FALSE,FALSE,1,other
286818988,3,4,2,FALSE,FALSE,FALSE,3,still_orphaned
286819034,1,2,1,FALSE,FALSE,TRUE,2,still_orphaned
286819068,4,5,2,TRUE,FALSE,FALSE,3,other
286819275,4,3,2,TRUE,FALSE,FALSE,1,other
286819377,2,2,1,TRUE,FALSE,FALSE,1,other
286819749,1,0,1,FALSE,FALSE,TRUE,0,still_orphaned
286820254,2,2,1,TRUE,FALSE,FALSE,1,other
286820262,3,2,2,FALSE,TRUE,FALSE,1,completed
286820500,3,3,2,FALSE,FALSE,FALSE,2,still_orphaned
286820619,2,1,1,TRUE,TRUE,FALSE,0,already_paired
286820843,2,2,1,TRUE,FALSE,FALSE,1,other
286820877,2,2,1,TRUE,FALSE,FALSE,1,other
286820878,2,1,1,TRUE,TRUE,FALSE,0,already_paired
286821064,3,2,2,FALSE,TRUE,FALSE,1,completed
286821233,5,4,3,FALSE,FALSE,FALSE,2,still_orphaned
286821301,4,5,2,TRUE,FALSE,FALSE,3,other
286821557,1,3,1,FALSE,FALSE,TRUE,3,still_orphaned
286821559,3,2,2,FALSE,TRUE,FALSE,1,completed
286821576,4,5,2,TRUE,FALSE,FALSE,3,other
286821614,2,4,1,TRUE,FALSE,FALSE,3,other
286821665,2,2,1,TRUE,FALSE,FALSE,1,other
286822003,3,3,2,FALSE,FALSE,FALSE,2,still_orphaned
286822139,1,2,1,FALSE,FALSE,TRUE,2,still_orphaned
286822372,4,3,2,TRUE,FALSE,FALSE,1,other
286822392,4,4,2,TRUE,FALSE,FALSE,2,other
286822616,2,1,1,TRUE,TRUE,FALSE,0,already_paired
286823181,1,4,1,FALSE,FALSE,TRUE,4,still_orphaned
286823209,3,3,2,FALSE,FALSE,FALSE,2,still_orphaned
286823769,1,2,1,FALSE,FALSE,TRUE,2,still_orphaned
286823790,2,2,1,TRUE,FALSE,FALSE,1,other
286823877,4,4,2,TRUE,FALSE,FALSE,2,other
286823938,1,0,1,FALSE,FALSE,TRUE,0,still_orphaned
286824111,6,3,3,TRUE,TRUE,FALSE,0,already_paired
286824218,2,2,1,TRUE,FALSE,FALSE,1,other
286824276,5,5,3,FALSE,FALSE,FALSE,3,still_orphaned
286824324,1,2,1,FALSE,FALSE,TRUE,2,still_orphaned
286824535,4,4,2,TRUE,FALSE,FALSE,2,other
286824635,2,3,1,TRUE,FALSE,FALSE,2,other
286824770,3,5,2,FALSE,FALSE,FALSE,4,still_orphaned
286824869,3,2,2,FALSE,TRUE,FALSE,1,completed
286824915,2,2,1,TRUE,FALSE,FALSE,1,other
286825005,7,6,4,FALSE,FALSE,FALSE,3,still_orphaned
286825345,1,0,1,FALSE,FALSE,TRUE,0,still_orphaned
286825948,2,1,1,TRUE,TRUE,FALSE,0,already_paired
286826178,2,3,1,TRUE,FALSE,FALSE,2,other
286826182,5,4,3,FALSE,FALSE,FALSE,2,still_orphaned
286827091,3,4,2,FALSE,FALSE,FALSE,3,still_orphaned
286827473,3,3,2,FALSE,FALSE,FALSE,2,still_orphaned
286827629,4,3,2,TRUE,FALSE,FALSE,1,other
286827695,1,0,1,FALSE,FALSE,TRUE,0,still_orphaned
286827697,4,5,2,TRUE,FALSE,FALSE,3,other
286827868,4,5,2,TRUE,FALSE,FALSE,3,other
286827952,3,2,2,FALSE,TRUE,FALSE,1,completed
286828032,1,2,1,FALSE,FALSE,TRUE,2,still_orphaned
286828128,1,3,1,FALSE,FALSE,TRUE,3,still_orphaned
286828271,5,6,3,FALSE,FALSE,FALSE,4,still_orphaned
286828393,2,2,1,TRUE,FALSE,FALSE,1,other
286828474,2,2,1,TRUE,FALSE,FALSE,1,other
286828888,1,4,1,FALSE,FALSE,TRUE,4,still_orphaned
286828956,3,3,2,FALSE,FALSE,FALSE,2,still_orphaned
286828957,1,3,1,FALSE,FALSE,TRUE,3,still_orphaned
286828999,1,0,1,FALSE,FALSE,TRUE,0,still_orphaned
286829052,2,1,1,TRUE,TRUE,FALSE,0,already_paired
286829181,1,0,1,FALSE,FALSE,TRUE,0,still_orphaned
286829299,5,6,3,FALSE,FALSE,FALSE,4,still_orphaned
286829655,5,4,3,FALSE,FALSE,FALSE,2,still_orphaned
286829918,1,2,1,FALSE,FALSE,TRUE,2,still_orphaned
286830112,1,2,1,FALSE,FALSE,TRUE,2,still_orphaned
286830250,3,3,2,FALSE,FALSE,FALSE,2,still_orphaned
286830532,2,3,1,TRUE,FALSE,FALSE,2,other
286830565,1,0,1,FALSE,FALSE,TRUE,0,still_orphaned
286830673,5,6,3,FALSE,FALSE,FALSE,4,still_orphaned
286830687,1,2,1,FALSE,FALSE,TRUE,2,still_orphaned
286830793,3,3,2,FALSE,FALSE,FALSE,2,still_orphaned
286831071,2,3,1,TRUE,FALSE,FALSE,2,other
286831205,1,3,1,FALSE,FALSE,TRUE,3,still_orphaned
286831273,1,3,1,FALSE,FALSE,TRUE,3,still_orphaned
286831274,2,1,1,TRUE,TRUE,FALSE,0,already_paired
286831400,2,1,1,TRUE,TRUE,FALSE,0,already_paired
286831441,3,3,2,FALSE,FALSE,FALSE,2,still_orphaned
286831501,1,2,1,FALSE,FALSE,TRUE,2,still_orphaned
286831651,6,6,3,TRUE,FALSE,FALSE,3,other
286831700,2,2,1,TRUE,FALSE,FALSE,1,other
286832026,5,4,3,FALSE,FALSE,FALSE,2,still_orphaned
286832116,1,2,1,FALSE,FALSE,TRUE,2,still_orphaned
286832184,2,1,1,TRUE,TRUE,FALSE,0,already_paired
286832816,1,2,1,FALSE,FALSE,TRUE,2,still_orphaned
286832896,1,2,1,FALSE,FALSE,TRUE,2,still_orphaned
286833093,2,1,1,TRUE,TRUE,FALSE,0,already_paired
286833118,3,4,2,FALSE,FALSE,FALSE,3,still_orphaned
286833227,2,2,1,TRUE,FALSE,FALSE,1,other
286833353,2,2,1,TRUE,FALSE,FALSE,1,other
286833592,1,0,1,FALSE,FALSE,TRUE,0,still_orphaned
286834085,3,3,2,FALSE,FALSE,FALSE,2,still_orphaned
286834576,4,5,2,TRUE,FALSE,FALSE,3,other
286834593,1,2,1,FALSE,FALSE,TRUE,2,still_orphaned
286834655,2,3,1,TRUE,FALSE,FALSE,2,other
286834657,4,3,2,TRUE,FALSE,FALSE,1,other
286834770,4,4,2,TRUE,FALSE,FALSE,2,other
286835066,2,1,1,TRUE,TRUE,FALSE,0,already_paired
286835344,5,3,3,FALSE,TRUE,FALSE,1,completed
286835514,2,3,1,TRUE,FALSE,FALSE,2,other
286835549,4,5,2,TRUE,FALSE,FALSE,3,other
286835642,4,6,2,TRUE,FALSE,FALSE,4,other
286835666,3,2,2,FALSE,TRUE,FALSE,1,completed
286835710,4,4,2,TRUE,FALSE,FALSE,2,other
286835764,5,4,3,FALSE,FALSE,FALSE,2,still_orphaned
286835891,2,1,1,TRUE,TRUE,FALSE,0,already_paired
286835910,4,5,2,TRUE,FALSE,FALSE,3,other
286835998,2,1,1,TRUE,TRUE,FALSE,0,already_paired
286836085,1,2,1,FALSE,FALSE,TRUE,2,still_orphaned
286836098,3,2,2,FALSE,TRUE,FALSE,1,completed
286836156,6,5,3,TRUE,FALSE,FALSE,2,other
286836160,4,3,2,TRUE,FALSE,FALSE,1,other
286836262,1,0,1,FALSE,FALSE,TRUE,0,still_orphaned
286836317,2,2,1,TRUE,FALSE,FALSE,1,other
286836723,2,2,1,TRUE,FALSE,FALSE,1,other
286836726,3,2,2,FALSE,TRUE,FALSE,1,completed
286836751,3,2,2,FALSE,TRUE,FALSE,1,completed
286836820,1,2,1,FALSE,FALSE,TRUE,2,still_orphaned
286837100,2,2,1,TRUE,FALSE,FALSE,1,other
286837234,2,2,1,TRUE,FALSE,FALSE,1,other
286837290,4,5,2,TRUE,FALSE,FALSE,3,other
286837353,1,2,1,FALSE,FALSE,TRUE,2,still_orphaned
286837467,3,2,2,FALSE,TRUE,FALSE,1,completed
286837548,1,2,1,FALSE,FALSE,TRUE,2,still_orphaned
286837560,3,4,2,FALSE,FALSE,FALSE,3,still_orphaned
286837678,2,3,1,TRUE,FALSE,FALSE,2,other
286837693,6,5,3,TRUE,FALSE,FALSE,2,other
286837707,2,2,1,TRUE,FALSE,FALSE,1,other
286837855,2,2,1,TRUE,FALSE,FALSE,1,other
286837920,1,2,1,FALSE,FALSE,TRUE,2,still_orphaned
286838033,2,2,1,TRUE,FALSE,FALSE,1,other
286838334,2,3,1,TRUE,FALSE,FALSE,2,other
286838395,4,6,2,TRUE,FALSE,FALSE,4,other
286838567,2,2,1,TRUE,FALSE,FALSE,1,other
286838641,1,2,1,FALSE,FALSE,TRUE,2,still_orphaned
286839024,2,1,1,TRUE,TRUE,FALSE,0,already_paired
286839062,3,3,2,FALSE,FALSE,FALSE,2,still_orphaned
286839164,1,0,1,FALSE,FALSE,TRUE,0,still_orphaned
286839263,1,3,1,FALSE,FALSE,TRUE,3,still_orphaned
286839301,1,3,1,FALSE,FALSE,TRUE,3,still_orphaned
286839702,3,3,2,FALSE,FALSE,FALSE,2,still_orphaned
286839707,1,3,1,FALSE,FALSE,TRUE,3,still_orphaned
286839880,2,1,1,TRUE,TRUE,FALSE,0,already_paired
286839926,1,1,1,FALSE,TRUE,TRUE,1,completed
286840000,1,2,1,FALSE,FALSE,TRUE,2,still_orphaned
286840065,3,2,2,FALSE,TRUE,FALSE,1,completed
286840108,1,0,1,FALSE,FALSE,TRUE,0,still_orphaned
286840312,2,3,1,TRUE,FALSE,FALSE,2,other
286840329,2,2,1,TRUE,FALSE,FALSE,1,other
286840456,2,3,1,TRUE,FALSE,FALSE,2,other
286840984,1,2,1,FALSE,FALSE,TRUE,2,still_orphaned
286841037,3,3,2,FALSE,FALSE,FALSE,2,still_orphaned
286841486,2,2,1,TRUE,FALSE,FALSE,1,other
286841583,4,5,2,TRUE,FALSE,FALSE,3,other
286841788,1,3,1,FALSE,FALSE,TRUE,3,still_orphaned
286841845,2,1,1,TRUE,TRUE,FALSE,0,already_paired
286842037,4,4,2,TRUE,FALSE,FALSE,2,other
286842168,4,3,2,TRUE,FALSE,FALSE,1,other
286842177,2,2,1,TRUE,FALSE,FALSE,1,other
286850280,1,0,1,FALSE,FALSE,TRUE,0,still_orphaned
286851699,2,2,1,TRUE,FALSE,FALSE,1,other
286852121,3,1,2,FALSE,FALSE,FALSE,0,still_orphaned
286852407,1,0,1,FALSE,FALSE,TRUE,0,still_orphaned
286852512,2,2,1,TRUE,FALSE,FALSE,1,other
286852957,4,5,2,TRUE,FALSE,FALSE,3,other
286853003,1,2,1,FALSE,FALSE,TRUE,2,still_orphaned
286853032,1,2,1,FALSE,FALSE,TRUE,2,still_orphaned
286853085,2,1,1,TRUE,TRUE,FALSE,0,already_paired
286853252,3,3,2,FALSE,FALSE,FALSE,2,still_orphaned
286853351,2,3,1,TRUE,FALSE,FALSE,2,other
286853517,2,1,1,TRUE,TRUE,FALSE,0,already_paired
286853592,1,0,1,FALSE,FALSE,TRUE,0,still_orphaned
286853709,4,4,2,TRUE,FALSE,FALSE,2,other
286853880,1,0,1,FALSE,FALSE,TRUE,0,still_orphaned
286853940,4,5,2,TRUE,FALSE,FALSE,3,other
286853966,4,3,2,TRUE,FALSE,FALSE,1,other
286853990,2,2,1,TRUE,FALSE,FALSE,1,other
286854018,3,5,2,FALSE,FALSE,FALSE,4,still_orphaned
286854124,2,2,1,TRUE,FALSE,FALSE,1,other
286854132,4,2,2,TRUE,TRUE,FALSE,0,already_paired
286854180,2,1,1,TRUE,TRUE,FALSE,0,already_paired
286854285,2,1,1,TRUE,TRUE,FALSE,0,already_paired
286854330,4,4,2,TRUE,FALSE,FALSE,2,other
286854527,3,6,2,FALSE,FALSE,FALSE,5,still_orphaned
286854622,3,2,2,FALSE,TRUE,FALSE,1,completed
286854632,4,3,2,TRUE,FALSE,FALSE,1,other
286854996,2,1,1,TRUE,TRUE,FALSE,0,already_paired
286855144,3,3,2,FALSE,FALSE,FALSE,2,still_orphaned
286855202,2,3,1,TRUE,FALSE,FALSE,2,other
286855253,3,3,2,FALSE,FALSE,FALSE,2,still_orphaned
286855266,2,3,1,TRUE,FALSE,FALSE,2,other
286855539,5,4,3,FALSE,FALSE,FALSE,2,still_orphaned
286855637,2,1,1,TRUE,TRUE,FALSE,0,already_paired
286855824,2,2,1,TRUE,FALSE,FALSE,1,other
286855945,5,5,3,FALSE,FALSE,FALSE,3,still_orphaned
286856029,5,4,3,FALSE,FALSE,FALSE,2,still_orphaned
286856140,3,2,2,FALSE,TRUE,FALSE,1,completed
286856246,3,2,2,FALSE,TRUE,FALSE,1,completed
286856454,2,2,1,TRUE,FALSE,FALSE,1,other
286856632,2,2,1,TRUE,FALSE,FALSE,1,other
286856679,4,3,2,TRUE,FALSE,FALSE,1,other
286856916,2,1,1,TRUE,TRUE,FALSE,0,already_paired
286856922,6,5,3,TRUE,FALSE,FALSE,2,other
286856993,1,0,1,FALSE,FALSE,TRUE,0,still_orphaned
286857008,1,0,1,FALSE,FALSE,TRUE,0,still_orphaned
286857392,3,2,2,FALSE,TRUE,FALSE,1,completed
286857433,5,3,3,FALSE,TRUE,FALSE,1,completed
286857634,2,3,1,TRUE,FALSE,FALSE,2,other
286857804,1,2,1,FALSE,FALSE,TRUE,2,still_orphaned
286857867,2,1,1,TRUE,TRUE,FALSE,0,already_paired
286858344,3,2,2,FALSE,TRUE,FALSE,1,completed
286858388,1,2,1,FALSE,FALSE,TRUE,2,still_orphaned
286858530,6,6,3,TRUE,FALSE,FALSE,3,other
286858583,2,1,1,TRUE,TRUE,FALSE,0,already_paired
286858747,5,5,3,FALSE,FALSE,FALSE,3,still_orphaned
286858910,2,2,1,TRUE,FALSE,FALSE,1,other
286858957,4,6,2,TRUE,FALSE,FALSE,4,other
286859333,2,3,1,TRUE,FALSE,FALSE,2,other
286859425,2,2,1,TRUE,FALSE,FALSE,1,other
286859454,2,2,1,TRUE,FALSE,FALSE,1,other
286859489,2,1,1,TRUE,TRUE,FALSE,0,already_paired
286859521,4,3,2,TRUE,FALSE,FALSE,1,other
286859573,1,0,1,FALSE,FALSE,TRUE,0,still_orphaned
286859841,3,4,2,FALSE,FALSE,FALSE,3,still_orphaned
286859901,4,4,2,TRUE,FALSE,FALSE,2,other
286860011,2,2,1,TRUE,FALSE,FALSE,1,other
286860080,5,7,3,FALSE,FALSE,FALSE,5,still_orphaned
286860169,6,4,3,TRUE,FALSE,FALSE,1,other
286860554,1,4,1,FALSE,FALSE,TRUE,4,still_orphaned
286861301,2,1,1,TRUE,TRUE,FALSE,0,already_paired
286861572,2,1,1,TRUE,TRUE,FALSE,0,already_paired
286861587,1,2,1,FALSE,FALSE,TRUE,2,still_orphaned
286861595,2,3,1,TRUE,FALSE,FALSE,2,other
286861651,4,5,2,TRUE,FALSE,FALSE,3,other
286861701,3,5,2,FALSE,FALSE,FALSE,4,still_orphaned
286861750,4,3,2,TRUE,FALSE,FALSE,1,other
286862155,1,2,1,FALSE,FALSE,TRUE,2,still_orphaned
286862346,4,4,2,TRUE,FALSE,FALSE,2,other
286862562,1,0,1,FALSE,FALSE,TRUE,0,still_orphaned
286862843,3,2,2,FALSE,TRUE,FALSE,1,completed
286862898,2,2,1,TRUE,FALSE,FALSE,1,other
286863253,3,2,2,FALSE,TRUE,FALSE,1,completed
286863291,2,1,1,TRUE,TRUE,FALSE,0,already_paired
286863316,3,4,2,FALSE,FALSE,FALSE,3,still_orphaned
286863359,1,4,1,FALSE,FALSE,TRUE,4,still_orphaned
286863360,1,2,1,FALSE,FALSE,TRUE,2,still_orphaned
286863592,4,3,2,TRUE,FALSE,FALSE,1,other
286863629,2,2,1,TRUE,FALSE,FALSE,1,other
286863953,3,3,2,FALSE,FALSE,FALSE,2,still_orphaned
286864418,2,2,1,TRUE,FALSE,FALSE,1,other
286864545,1,0,1,FALSE,FALSE,TRUE,0,still_orphaned
286864618,1,2,1,FALSE,FALSE,TRUE,2,still_orphaned
286865085,3,2,2,FALSE,TRUE,FALSE,1,completed
286865093,2,2,1,TRUE,FALSE,FALSE,1,other
286865227,2,2,1,TRUE,FALSE,FALSE,1,other
286865291,2,2,1,TRUE,FALSE,FALSE,1,other
286865423,2,2,1,TRUE,FALSE,FALSE,1,other
286866157,1,3,1,FALSE,FALSE,TRUE,3,still_orphaned
286866229,3,4,2,FALSE,FALSE,FALSE,3,still_orphaned
286866357,5,6,3,FALSE,FALSE,FALSE,4,still_orphaned
286866360,2,1,1,TRUE,TRUE,FALSE,0,already_paired
286866556,1,0,1,FALSE,FALSE,TRUE,0,still_orphaned
286866947,2,2,1,TRUE,FALSE,FALSE,1,other
286866985,4,6,2,TRUE,FALSE,FALSE,4,other
286867286,6,6,3,TRUE,FALSE,FALSE,3,other
286867330,1,2,1,FALSE,FALSE,TRUE,2,still_orphaned
286867513,4,3,2,TRUE,FALSE,FALSE,1,other
286867745,2,4,1,TRUE,FALSE,FALSE,3,other
286867782,2,3,1,TRUE,FALSE,FALSE,2,other
286867783,2,2,1,TRUE,FALSE,FALSE,1,other
286867944,1,3,1,FALSE,FALSE,TRUE,3,still_orphaned
286868007,1,1,1,FALSE,TRUE,TRUE,1,completed
286868225,3,3,2,FALSE,FALSE,FALSE,2,still_orphaned
286868397,2,4,1,TRUE,FALSE,FALSE,3,other
286868599,1,2,1,FALSE,FALSE,TRUE,2,still_orphaned
286869191,1,0,1,FALSE,FALSE,TRUE,0,still_orphaned
286869302,7,7,4,FALSE,FALSE,FALSE,4,still_orphaned
286869321,2,2,1,TRUE,FALSE,FALSE,1,other
286869451,1,3,1,FALSE,FALSE,TRUE,3,still_orphaned
286869496,3,2,2,FALSE,TRUE,FALSE,1,completed
286869668,2,2,1,TRUE,FALSE,FALSE,1,other
286869737,1,2,1,FALSE,FALSE,TRUE,2,still_orphaned
286869792,1,3,1,FALSE,FALSE,TRUE,3,still_orphaned
286869911,3,1,2,FALSE,FALSE,FALSE,0,still_orphaned
286870026,3,2,2,FALSE,TRUE,FALSE,1,completed
286870051,2,2,1,TRUE,FALSE,FALSE,1,other
286870080,3,6,2,FALSE,FALSE,FALSE,5,still_orphaned
286870404,1,2,1,FALSE,FALSE,TRUE,2,still_orphaned
286870433,2,2,1,TRUE,FALSE,FALSE,1,other
286870560,4,5,2,TRUE,FALSE,FALSE,3,other
286870748,6,7,3,TRUE,FALSE,FALSE,4,other
286870885,4,3,2,TRUE,FALSE,FALSE,1,other
286871045,6,5,3,TRUE,FALSE,FALSE,2,other
286871046,1,1,1,FALSE,TRUE,TRUE,1,completed
286871236,5,5,3,FALSE,FALSE,FALSE,3,still_orphaned
286871355,3,5,2,FALSE,FALSE,FALSE,4,still_orphaned
286871362,9,8,5,FALSE,FALSE,FALSE,4,still_orphaned
286871667,3,3,2,FALSE,FALSE,FALSE,2,still_orphaned
286871713,1,4,1,FALSE,FALSE,TRUE,4,still_orphaned
286872047,1,2,1,FALSE,FALSE,TRUE,2,still_orphaned
286872223,2,2,1,TRUE,FALSE,FALSE,1,other
286872275,5,3,3,FALSE,TRUE,FALSE,1,completed
286872327,2,3,1,TRUE,FALSE,FALSE,2,other
286872335,1,2,1,FALSE,FALSE,TRUE,2,still_orphaned
286872351,5,7,3,FALSE,FALSE,FALSE,5,still_orphaned
286872580,1,2,1,FALSE,FALSE,TRUE,2,still_orphaned
286872777,4,2,2,TRUE,TRUE,FALSE,0,already_paired
286873022,1,2,1,FALSE,FALSE,TRUE,2,still_orphaned
286873490,2,1,1,TRUE,TRUE,FALSE,0,already_paired
286873605,1,2,1,FALSE,FALSE,TRUE,2,still_orphaned
286873828,2,3,1,TRUE,FALSE,FALSE,2,other
286873872,1,0,1,FALSE,FALSE,TRUE,0,still_orphaned
286873879,3,4,2,FALSE,FALSE,FALSE,3,still_orphaned
286874068,3,2,2,FALSE,TRUE,FALSE,1,completed
286874169,3,5,2,FALSE,FALSE,FALSE,4,still_orphaned
286874215,2,1,1,TRUE,TRUE,FALSE,0,already_paired
286874274,3,2,2,FALSE,TRUE,FALSE,1,completed
286874406,3,6,2,FALSE,FALSE,FALSE,5,still_orphaned
286874416,1,0,1,FALSE,FALSE,TRUE,0,still_orphaned
286874419,3,5,2,FALSE,FALSE,FALSE,4,still_orphaned
286874561,3,2,2,FALSE,TRUE,FALSE,1,completed
286874563,2,2,1,TRUE,FALSE,FALSE,1,other
286874597,1,2,1,FALSE,FALSE,TRUE,2,still_orphaned
286874830,3,2,2,FALSE,TRUE,FALSE,1,completed
286874862,3,3,2,FALSE,FALSE,FALSE,2,still_orphaned
286874889,1,2,1,FALSE,FALSE,TRUE,2,still_orphaned
286875039,1,2,1,FALSE,FALSE,TRUE,2,still_orphaned
286875121,1,2,1,FALSE,FALSE,TRUE,2,still_orphaned
286875251,3,1,2,FALSE,FALSE,FALSE,0,still_orphaned
286875383,4,4,2,TRUE,FALSE,FALSE,2,other
286875424,1,2,1,FALSE,FALSE,TRUE,2,still_orphaned
286875499,1,2,1,FALSE,FALSE,TRUE,2,still_orphaned
286875688,4,5,2,TRUE,FALSE,FALSE,3,other
286875776,2,2,1,TRUE,FALSE,FALSE,1,other
286875989,1,3,1,FALSE,FALSE,TRUE,3,still_orphaned
286876033,6,6,3,TRUE,FALSE,FALSE,3,other
286876131,2,4,1,TRUE,FALSE,FALSE,3,other
286876378,1,2,1,FALSE,FALSE,TRUE,2,still_orphaned
286876469,4,2,2,TRUE,TRUE,FALSE,0,already_paired
286876492,3,2,2,FALSE,TRUE,FALSE,1,completed
286876761,5,3,3,FALSE,TRUE,FALSE,1,completed
286877043,2,2,1,TRUE,FALSE,FALSE,1,other
286877135,2,2,1,TRUE,FALSE,FALSE,1,other
286877163,1,0,1,FALSE,FALSE,TRUE,0,still_orphaned
286877370,2,1,1,TRUE,TRUE,FALSE,0,already_paired
286877401,2,1,1,TRUE,TRUE,FALSE,0,already_paired
286877464,1,2,1,FALSE,FALSE,TRUE,2,still_orphaned
286877553,2,2,1,TRUE,FALSE,FALSE,1,other
286877678,2,2,1,TRUE,FALSE,FALSE,1,other
286877874,1,2,1,FALSE,FALSE,TRUE,2,still_orphaned
286878399,2,4,1,TRUE,FALSE,FALSE,3,other
286878483,3,2,2,FALSE,TRUE,FALSE,1,completed
286878667,2,1,1,TRUE,TRUE,FALSE,0,already_paired
286878860,2,2,1,TRUE,FALSE,FALSE,1,other
286878898,1,0,1,FALSE,FALSE,TRUE,0,still_orphaned
286879260,3,3,2,FALSE,FALSE,FALSE,2,still_orphaned
286879332,2,3,1,TRUE,FALSE,FALSE,2,other
286879345,1,3,1,FALSE,FALSE,TRUE,3,still_orphaned
286880125,2,1,1,TRUE,TRUE,FALSE,0,already_paired
286880136,1,2,1,FALSE,FALSE,TRUE,2,still_orphaned
286880156,2,1,1,TRUE,TRUE,FALSE,0,already_paired
286880187,2,1,1,TRUE,TRUE,FALSE,0,already_paired
286880209,3,4,2,FALSE,FALSE,FALSE,3,still_orphaned
286880696,1,2,1,FALSE,FALSE,TRUE,2,still_orphaned
286880771,1,2,1,FALSE,FALSE,TRUE,2,still_orphaned
286880795,6,5,3,TRUE,FALSE,FALSE,2,other
286880822,3,4,2,FALSE,FALSE,FALSE,3,still_orphaned
286880865,1,2,1,FALSE,FALSE,TRUE,2,still_orphaned
286880939,4,5,2,TRUE,FALSE,FALSE,3,other
286880989,5,5,3,FALSE,FALSE,FALSE,3,still_orphaned
286881000,3,2,2,FALSE,TRUE,FALSE,1,completed
286881263,3,2,2,FALSE,TRUE,FALSE,1,completed
286881347,3,3,2,FALSE,FALSE,FALSE,2,still_orphaned
286881378,3,1,2,FALSE,FALSE,FALSE,0,still_orphaned
286881442,4,4,2,TRUE,FALSE,FALSE,2,other
286881991,2,2,1,TRUE,FALSE,FALSE,1,other
286882437,1,2,1,FALSE,FALSE,TRUE,2,still_orphaned
286886652,1,2,1,FALSE,FALSE,TRUE,2,still_orphaned
286886937,4,4,2,TRUE,FALSE,FALSE,2,other
286887327,1,2,1,FALSE,FALSE,TRUE,2,still_orphaned
286887510,2,2,1,TRUE,FALSE,FALSE,1,other
286887596,3,4,2,FALSE,FALSE,FALSE,3,still_orphaned
286887952,6,4,3,TRUE,FALSE,FALSE,1,other
286887959,3,3,2,FALSE,FALSE,FALSE,2,still_orphaned
286888387,3,3,2,FALSE,FALSE,FALSE,2,still_orphaned
286888444,1,0,1,FALSE,FALSE,TRUE,0,still_orphaned
286888557,2,1,1,TRUE,TRUE,FALSE,0,already_paired
286888771,2,3,1,TRUE,FALSE,FALSE,2,other
286888809,1,4,1,FALSE,FALSE,TRUE,4,still_orphaned
286888811,3,4,2,FALSE,FALSE,FALSE,3,still_orphaned
286888853,4,3,2,TRUE,FALSE,FALSE,1,other
286888875,2,1,1,TRUE,TRUE,FALSE,0,already_paired
286889138,3,2,2,FALSE,TRUE,FALSE,1,completed
286889157,5,4,3,FALSE,FALSE,FALSE,2,still_orphaned
286889229,4,3,2,TRUE,FALSE,FALSE,1,other
286889361,1,1,1,FALSE,TRUE,TRUE,1,completed
286889403,1,2,1,FALSE,FALSE,TRUE,2,still_orphaned
286889560,3,4,2,FALSE,FALSE,FALSE,3,still_orphaned
286889690,2,2,1,TRUE,FALSE,FALSE,1,other
286889795,3,4,2,FALSE,FALSE,FALSE,3,still_orphaned
286889893,1,2,1,FALSE,FALSE,TRUE,2,still_orphaned
286889966,4,4,2,TRUE,FALSE,FALSE,2,other
286890128,6,4,3,TRUE,FALSE,FALSE,1,other
286890510,3,3,2,FALSE,FALSE,FALSE,2,still_orphaned
286890558,3,2,2,FALSE,TRUE,FALSE,1,completed
286890730,2,1,1,TRUE,TRUE,FALSE,0,already_paired
286890755,5,4,3,FALSE,FALSE,FALSE,2,still_orphaned
286891038,2,3,1,TRUE,FALSE,FALSE,2,other
286891212,2,2,1,TRUE,FALSE,FALSE,1,other
286891213,4,2,2,TRUE,TRUE,FALSE,0,already_paired
286891358,2,1,1,TRUE,TRUE,FALSE,0,already_paired
286891524,4,4,2,TRUE,FALSE,FALSE,2,other
286891667,2,1,1,TRUE,TRUE,FALSE,0,already_paired
286891720,4,5,2,TRUE,FALSE,FALSE,3,other
286892076,11,10,6,FALSE,FALSE,FALSE,5,still_orphaned
286892246,4,3,2,TRUE,FALSE,FALSE,1,other
286892274,1,2,1,FALSE,FALSE,TRUE,2,still_orphaned
286892461,1,2,1,FALSE,FALSE,TRUE,2,still_orphaned
286892516,2,2,1,TRUE,FALSE,FALSE,1,other
286892705,2,1,1,TRUE,TRUE,FALSE,0,already_paired
286892791,3,2,2,FALSE,TRUE,FALSE,1,completed
286892921,3,3,2,FALSE,FALSE,FALSE,2,still_orphaned
286893185,1,2,1,FALSE,FALSE,TRUE,2,still_orphaned
286893413,2,3,1,TRUE,FALSE,FALSE,2,other
286893599,1,0,1,FALSE,FALSE,TRUE,0,still_orphaned
286893670,4,5,2,TRUE,FALSE,FALSE,3,other
286893689,1,2,1,FALSE,FALSE,TRUE,2,still_orphaned
286893848,1,0,1,FALSE,FALSE,TRUE,0,still_orphaned
286894012,2,3,1,TRUE,FALSE,FALSE,2,other
286894408,2,2,1,TRUE,FALSE,FALSE,1,other
286894492,3,3,2,FALSE,FALSE,FALSE,2,still_orphaned
286894748,3,4,2,FALSE,FALSE,FALSE,3,still_orphaned
286894774,2,2,1,TRUE,FALSE,FALSE,1,other
286894949,3,1,2,FALSE,FALSE,FALSE,0,still_orphaned
286895051,4,3,2,TRUE,FALSE,FALSE,1,other
286895077,3,3,2,FALSE,FALSE,FALSE,2,still_orphaned
286895552,6,6,3,TRUE,FALSE,FALSE,3,other
286895570,2,3,1,TRUE,FALSE,FALSE,2,other
286895720,3,2,2,FALSE,TRUE,FALSE,1,completed
286895731,1,3,1,FALSE,FALSE,TRUE,3,still_orphaned
286895790,3,3,2,FALSE,FALSE,FALSE,2,still_orphaned
286896102,6,5,3,TRUE,FALSE,FALSE,2,other
286896171,4,5,2,TRUE,FALSE,FALSE,3,other
286896275,4,3,2,TRUE,FALSE,FALSE,1,other
286896290,2,1,1,TRUE,TRUE,FALSE,0,already_paired
286896296,2,1,1,TRUE,TRUE,FALSE,0,already_paired
286896619,2,1,1,TRUE,TRUE,FALSE,0,already_paired
286896718,2,3,1,TRUE,FALSE,FALSE,2,other
286896794,3,1,2,FALSE,FALSE,FALSE,0,still_orphaned
286897018,3,2,2,FALSE,TRUE,FALSE,1,completed
286897290,2,3,1,TRUE,FALSE,FALSE,2,other
286897404,6,6,3,TRUE,FALSE,FALSE,3,other
286897505,5,3,3,FALSE,TRUE,FALSE,1,completed
286897728,2,2,1,TRUE,FALSE,FALSE,1,other
286897744,5,4,3,FALSE,FALSE,FALSE,2,still_orphaned
286897915,3,3,2,FALSE,FALSE,FALSE,2,still_orphaned
286897961,1,0,1,FALSE,FALSE,TRUE,0,still_orphaned
286898152,3,4,2,FALSE,FALSE,FALSE,3,still_orphaned
286898155,4,3,2,TRUE,FALSE,FALSE,1,other
286898480,3,3,2,FALSE,FALSE,FALSE,2,still_orphaned
286898621,4,4,2,TRUE,FALSE,FALSE,2,other
286898762,2,2,1,TRUE,FALSE,FALSE,1,other
286899089,2,1,1,TRUE,TRUE,FALSE,0,already_paired
286899187,1,2,1,FALSE,FALSE,TRUE,2,still_orphaned
286899583,3,3,2,FALSE,FALSE,FALSE,2,still_orphaned
286899698,1,2,1,FALSE,FALSE,TRUE,2,still_orphaned
286899860,3,2,2,FALSE,TRUE,FALSE,1,completed
286900539,4,3,2,TRUE,FALSE,FALSE,1,other
286900662,4,3,2,TRUE,FALSE,FALSE,1,other
286900837,2,1,1,TRUE,TRUE,FALSE,0,already_paired
286900854,1,0,1,FALSE,FALSE,TRUE,0,still_orphaned
286900906,2,2,1,TRUE,FALSE,FALSE,1,other
286901290,2,1,1,TRUE,TRUE,FALSE,0,already_paired
286901453,2,1,1,TRUE,TRUE,FALSE,0,already_paired
286901463,4,3,2,TRUE,FALSE,FALSE,1,other
286901748,2,2,1,TRUE,FALSE,FALSE,1,other
286901755,3,4,2,FALSE,FALSE,FALSE,3,still_orphaned
286901764,4,3,2,TRUE,FALSE,FALSE,1,other
286901984,2,1,1,TRUE,TRUE,FALSE,0,already_paired
286902046,3,4,2,FALSE,FALSE,FALSE,3,still_orphaned
286902111,3,3,2,FALSE,FALSE,FALSE,2,still_orphaned
286902160,4,3,2,TRUE,FALSE,FALSE,1,other
286902309,2,2,1,TRUE,FALSE,FALSE,1,other
286903290,7,6,4,FALSE,FALSE,FALSE,3,still_orphaned
286903318,2,1,1,TRUE,TRUE,FALSE,0,already_paired
286903347,2,2,1,TRUE,FALSE,FALSE,1,other
286903723,1,2,1,FALSE,FALSE,TRUE,2,still_orphaned
286903783,1,2,1,FALSE,FALSE,TRUE,2,still_orphaned
286903839,4,3,2,TRUE,FALSE,FALSE,1,other
286903960,3,2,2,FALSE,TRUE,FALSE,1,completed
286904441,3,2,2,FALSE,TRUE,FALSE,1,completed
286904624,1,3,1,FALSE,FALSE,TRUE,3,still_orphaned
286904758,5,3,3,FALSE,TRUE,FALSE,1,completed
286904932,1,2,1,FALSE,FALSE,TRUE,2,still_orphaned
286904984,5,4,3,FALSE,FALSE,FALSE,2,still_orphaned
286905143,2,1,1,TRUE,TRUE,FALSE,0,already_paired
286905222,4,3,2,TRUE,FALSE,FALSE,1,other
286905515,5,3,3,FALSE,TRUE,FALSE,1,completed
286905806,3,3,2,FALSE,FALSE,FALSE,2,still_orphaned
286905817,4,3,2,TRUE,FALSE,FALSE,1,other
286905854,1,3,1,FALSE,FALSE,TRUE,3,still_orphaned
286905879,4,6,2,TRUE,FALSE,FALSE,4,other
286905918,2,2,1,TRUE,FALSE,FALSE,1,other
286905953,6,6,3,TRUE,FALSE,FALSE,3,other
286905990,2,2,1,TRUE,FALSE,FALSE,1,other
286906176,2,2,1,TRUE,FALSE,FALSE,1,other
286906220,3,2,2,FALSE,TRUE,FALSE,1,completed
286906979,1,4,1,FALSE,FALSE,TRUE,4,still_orphaned
286906991,3,2,2,FALSE,TRUE,FALSE,1,completed
286907094,2,1,1,TRUE,TRUE,FALSE,0,already_paired
286907312,1,3,1,FALSE,FALSE,TRUE,3,still_orphaned
286907500,6,3,3,TRUE,TRUE,FALSE,0,already_paired
286907649,2,1,1,TRUE,TRUE,FALSE,0,already_paired
286907694,3,4,2,FALSE,FALSE,FALSE,3,still_orphaned
286907868,1,0,1,FALSE,FALSE,TRUE,0,still_orphaned
286907897,2,3,1,TRUE,FALSE,FALSE,2,other
286908006,3,4,2,FALSE,FALSE,FALSE,3,still_orphaned
286908092,1,3,1,FALSE,FALSE,TRUE,3,still_orphaned
286908367,3,3,2,FALSE,FALSE,FALSE,2,still_orphaned
286908410,2,2,1,TRUE,FALSE,FALSE,1,other
286908412,4,3,2,TRUE,FALSE,FALSE,1,other
286908482,2,3,1,TRUE,FALSE,FALSE,2,other
286908664,2,2,1,TRUE,FALSE,FALSE,1,other
286908667,5,4,3,FALSE,FALSE,FALSE,2,still_orphaned
286908721,1,2,1,FALSE,FALSE,TRUE,2,still_orphaned
286908836,3,1,2,FALSE,FALSE,FALSE,0,still_orphaned
286909386,2,1,1,TRUE,TRUE,FALSE,0,already_paired
286909389,1,2,1,FALSE,FALSE,TRUE,2,still_orphaned
286909765,2,2,1,TRUE,FALSE,FALSE,1,other
286909791,3,5,2,FALSE,FALSE,FALSE,4,still_orphaned
286910030,2,2,1,TRUE,FALSE,FALSE,1,other
286910288,3,2,2,FALSE,TRUE,FALSE,1,completed
286910519,3,3,2,FALSE,FALSE,FALSE,2,still_orphaned
286910589,2,1,1,TRUE,TRUE,FALSE,0,already_paired
286910720,1,2,1,FALSE,FALSE,TRUE,2,still_orphaned
286910803,1,3,1,FALSE,FALSE,TRUE,3,still_orphaned
286910830,1,5,1,FALSE,FALSE,TRUE,5,still_orphaned
286910855,2,2,1,TRUE,FALSE,FALSE,1,other
286910924,1,2,1,FALSE,FALSE,TRUE,2,still_orphaned
286911171,4,3,2,TRUE,FALSE,FALSE,1,other
286911243,1,2,1,FALSE,FALSE,TRUE,2,still_orphaned
286911393,1,0,1,FALSE,FALSE,TRUE,0,still_orphaned
286911472,5,5,3,FALSE,FALSE,FALSE,3,still_orphaned
286911477,2,3,1,TRUE,FALSE,FALSE,2,other
286911516,2,3,1,TRUE,FALSE,FALSE,2,other
286911712,1,0,1,FALSE,FALSE,TRUE,0,still_orphaned
286911725,3,2,2,FALSE,TRUE,FALSE,1,completed
286911895,1,2,1,FALSE,FALSE,TRUE,2,still_orphaned
286911996,4,5,2,TRUE,FALSE,FALSE,3,other
286912276,4,3,2,TRUE,FALSE,FALSE,1,other
286912420,2,2,1,TRUE,FALSE,FALSE,1,other
286912487,4,5,2,TRUE,FALSE,FALSE,3,other
286912724,3,2,2,FALSE,TRUE,FALSE,1,completed
286912779,5,5,3,FALSE,FALSE,FALSE,3,still_orphaned
286912783,1,2,1,FALSE,FALSE,TRUE,2,still_orphaned
286912995,6,7,3,TRUE,FALSE,FALSE,4,other
286913211,1,2,1,FALSE,FALSE,TRUE,2,still_orphaned
286913223,1,0,1,FALSE,FALSE,TRUE,0,still_orphaned
286913236,5,5,3,FALSE,FALSE,FALSE,3,still_orphaned
286913241,1,2,1,FALSE,FALSE,TRUE,2,still_orphaned
286913325,1,1,1,FALSE,TRUE,TRUE,1,completed
286913480,4,3,2,TRUE,FALSE,FALSE,1,other
286913489,1,3,1,FALSE,FALSE,TRUE,3,still_orphaned
286913864,3,1,2,FALSE,FALSE,FALSE,0,still_orphaned
286913897,1,2,1,FALSE,FALSE,TRUE,2,still_orphaned
286913961,2,1,1,TRUE,TRUE,FALSE,0,already_paired
286914128,1,2,1,FALSE,FALSE,TRUE,2,still_orphaned
286914231,1,2,1,FALSE,FALSE,TRUE,2,still_orphaned
286914482,3,1,2,FALSE,FALSE,FALSE,0,still_orphaned
286914653,2,4,1,TRUE,FALSE,FALSE,3,other
286914736,5,5,3,FALSE,FALSE,FALSE,3,still_orphaned
286914992,2,3,1,TRUE,FALSE,FALSE,2,other
286915115,3,3,2,FALSE,FALSE,FALSE,2,still_orphaned
286915366,2,2,1,TRUE,FALSE,FALSE,1,other
286915488,2,4,1,TRUE,FALSE,FALSE,3,other
286915568,2,2,1,TRUE,FALSE,FALSE,1,other
286915961,2,3,1,TRUE,FALSE,FALSE,2,other
286916214,2,2,1,TRUE,FALSE,FALSE,1,other
286916334,1,3,1,FALSE,FALSE,TRUE,3,still_orphaned
286916431,2,3,1,TRUE,FALSE,FALSE,2,other
286916556,2,3,1,TRUE,FALSE,FALSE,2,other
286916624,1,2,1,FALSE,FALSE,TRUE,2,still_orphaned
286916643,2,1,1,TRUE,TRUE,FALSE,0,already_paired
286916732,1,0,1,FALSE,FALSE,TRUE,0,still_orphaned
286916890,3,1,2,FALSE,FALSE,FALSE,0,still_orphaned
286916990,3,3,2,FALSE,FALSE,FALSE,2,still_orphaned
286917104,1,2,1,FALSE,FALSE,TRUE,2,still_orphaned
286917443,1,2,1,FALSE,FALSE,TRUE,2,still_orphaned
286917479,2,3,1,TRUE,FALSE,FALSE,2,other
286917528,8,8,4,TRUE,FALSE,FALSE,4,other
286917618,1,4,1,FALSE,FALSE,TRUE,4,still_orphaned
286918186,1,2,1,FALSE,FALSE,TRUE,2,still_orphaned
286918358,2,3,1,TRUE,FALSE,FALSE,2,other
286918446,1,4,1,FALSE,FALSE,TRUE,4,still_orphaned
286918734,7,4,4,FALSE,TRUE,FALSE,1,completed
286919900,1,0,1,FALSE,FALSE,TRUE,0,still_orphaned
286921890,2,1,1,TRUE,TRUE,FALSE,0,already_paired
286922865,3,2,2,FALSE,TRUE,FALSE,1,completed
286923070,2,2,1,TRUE,FALSE,FALSE,1,other
286923251,2,2,1,TRUE,FALSE,FALSE,1,other
286923339,4,3,2,TRUE,FALSE,FALSE,1,other
286923729,5,5,3,FALSE,FALSE,FALSE,3,still_orphaned
286923814,1,2,1,FALSE,FALSE,TRUE,2,still_orphaned
286923883,2,3,1,TRUE,FALSE,FALSE,2,other
286924355,2,2,1,TRUE,FALSE,FALSE,1,other
286924420,2,2,1,TRUE,FALSE,FALSE,1,other
286924657,2,2,1,TRUE,FALSE,FALSE,1,other
286924685,3,2,2,FALSE,TRUE,FALSE,1,completed
286924914,1,0,1,FALSE,FALSE,TRUE,0,still_orphaned
286925045,4,3,2,TRUE,FALSE,FALSE,1,other
286925106,3,2,2,FALSE,TRUE,FALSE,1,completed
286925159,3,3,2,FALSE,FALSE,FALSE,2,still_orphaned
286925172,1,0,1,FALSE,FALSE,TRUE,0,still_orphaned
286925210,3,5,2,FALSE,FALSE,FALSE,4,still_orphaned
286925484,1,2,1,FALSE,FALSE,TRUE,2,still_orphaned
286925508,3,3,2,FALSE,FALSE,FALSE,2,still_orphaned
286925611,3,5,2,FALSE,FALSE,FALSE,4,still_orphaned
286925710,2,2,1,TRUE,FALSE,FALSE,1,other
286925744,1,2,1,FALSE,FALSE,TRUE,2,still_orphaned
286925935,1,2,1,FALSE,FALSE,TRUE,2,still_orphaned
286926220,2,2,1,TRUE,FALSE,FALSE,1,other
286926239,5,7,3,FALSE,FALSE,FALSE,5,still_orphaned
286926240,1,2,1,FALSE,FALSE,TRUE,2,still_orphaned
286926590,2,3,1,TRUE,FALSE,FALSE,2,other
286926795,3,1,2,FALSE,FALSE,FALSE,0,still_orphaned
286926796,1,0,1,FALSE,FALSE,TRUE,0,still_orphaned
286926916,2,1,1,TRUE,TRUE,FALSE,0,already_paired
286926954,3,1,2,FALSE,FALSE,FALSE,0,still_orphaned
286927106,2,2,1,TRUE,FALSE,FALSE,1,other
286927145,4,2,2,TRUE,TRUE,FALSE,0,already_paired
286927342,2,1,1,TRUE,TRUE,FALSE,0,already_paired
286927378,4,3,2,TRUE,FALSE,FALSE,1,other
286927485,3,4,2,FALSE,FALSE,FALSE,3,still_orphaned
286927526,2,1,1,TRUE,TRUE,FALSE,0,already_paired
286927663,4,5,2,TRUE,FALSE,FALSE,3,other
286927798,3,1,2,FALSE,FALSE,FALSE,0,still_orphaned
286927919,1,1,1,FALSE,TRUE,TRUE,1,completed
286928011,2,4,1,TRUE,FALSE,FALSE,3,other
286928504,4,2,2,TRUE,TRUE,FALSE,0,already_paired
286928507,3,1,2,FALSE,FALSE,FALSE,0,still_orphaned
286928806,2,2,1,TRUE,FALSE,FALSE,1,other
286928893,1,0,1,FALSE,FALSE,TRUE,0,still_orphaned
286929014,3,1,2,FALSE,FALSE,FALSE,0,still_orphaned
286929362,2,2,1,TRUE,FALSE,FALSE,1,other
286929393,2,2,1,TRUE,FALSE,FALSE,1,other
286929445,3,3,2,FALSE,FALSE,FALSE,2,still_orphaned
286929725,5,3,3,FALSE,TRUE,FALSE,1,completed
286929866,2,3,1,TRUE,FALSE,FALSE,2,other
286930080,3,4,2,FALSE,FALSE,FALSE,3,still_orphaned
286930146,1,2,1,FALSE,FALSE,TRUE,2,still_orphaned
286930562,6,5,3,TRUE,FALSE,FALSE,2,other
286931137,1,0,1,FALSE,FALSE,TRUE,0,still_orphaned
286931237,2,4,1,TRUE,FALSE,FALSE,3,other
286931364,3,4,2,FALSE,FALSE,FALSE,3,still_orphaned
286931368,2,3,1,TRUE,FALSE,FALSE,2,other
286931386,5,2,3,FALSE,FALSE,FALSE,0,still_orphaned
286931518,1,0,1,FALSE,FALSE,TRUE,0,still_orphaned
286931625,1,2,1,FALSE,FALSE,TRUE,2,still_orphaned
286931629,2,2,1,TRUE,FALSE,FALSE,1,other
286931826,4,3,2,TRUE,FALSE,FALSE,1,other
286932026,2,3,1,TRUE,FALSE,FALSE,2,other
286932072,1,2,1,FALSE,FALSE,TRUE,2,still_orphaned
286932108,3,2,2,FALSE,TRUE,FALSE,1,completed
286932255,4,5,2,TRUE,FALSE,FALSE,3,other
286932311,2,3,1,TRUE,FALSE,FALSE,2,other
286932346,4,3,2,TRUE,FALSE,FALSE,1,other
286932470,2,1,1,TRUE,TRUE,FALSE,0,already_paired
286932604,4,4,2,TRUE,FALSE,FALSE,2,other
286933043,2,3,1,TRUE,FALSE,FALSE,2,other
286933059,2,3,1,TRUE,FALSE,FALSE,2,other
286933084,2,3,1,TRUE,FALSE,FALSE,2,other
286933283,2,2,1,TRUE,FALSE,FALSE,1,other
286933420,4,4,2,TRUE,FALSE,FALSE,2,other
286933854,3,4,2,FALSE,FALSE,FALSE,3,still_orphaned
286934408,3,3,2,FALSE,FALSE,FALSE,2,still_orphaned
286934414,4,3,2,TRUE,FALSE,FALSE,1,other
286934567,3,3,2,FALSE,FALSE,FALSE,2,still_orphaned
286934840,1,2,1,FALSE,FALSE,TRUE,2,still_orphaned
286934936,2,2,1,TRUE,FALSE,FALSE,1,other
286934952,3,4,2,FALSE,FALSE,FALSE,3,still_orphaned
286935025,6,5,3,TRUE,FALSE,FALSE,2,other
286935363,4,3,2,TRUE,FALSE,FALSE,1,other
286935481,3,3,2,FALSE,FALSE,FALSE,2,still_orphaned
286935672,2,3,1,TRUE,FALSE,FALSE,2,other
286935764,1,2,1,FALSE,FALSE,TRUE,2,still_orphaned
286936526,8,7,4,TRUE,FALSE,FALSE,3,other
286936787,1,3,1,FALSE,FALSE,TRUE,3,still_orphaned
286937091,2,1,1,TRUE,TRUE,FALSE,0,already_paired
286937108,1,3,1,FALSE,FALSE,TRUE,3,still_orphaned
286937348,6,6,3,TRUE,FALSE,FALSE,3,other
286937652,2,2,1,TRUE,FALSE,FALSE,1,other
286937694,5,3,3,FALSE,TRUE,FALSE,1,completed
286937697,5,3,3,FALSE,TRUE,FALSE,1,completed
286937750,5,4,3,FALSE,FALSE,FALSE,2,still_orphaned
286937887,2,4,1,TRUE,FALSE,FALSE,3,other
286937943,5,6,3,FALSE,FALSE,FALSE,4,still_orphaned
286938012,2,2,1,TRUE,FALSE,FALSE,1,other
286938157,1,0,1,FALSE,FALSE,TRUE,0,still_orphaned
286938295,3,2,2,FALSE,TRUE,FALSE,1,completed
286938308,2,3,1,TRUE,FALSE,FALSE,2,other
286938385,4,3,2,TRUE,FALSE,FALSE,1,other
286938650,4,2,2,TRUE,TRUE,FALSE,0,already_paired
286938843,4,5,2,TRUE,FALSE,FALSE,3,other
286938875,4,4,2,TRUE,FALSE,FALSE,2,other
286938906,2,3,1,TRUE,FALSE,FALSE,2,other
286939159,5,4,3,FALSE,FALSE,FALSE,2,still_orphaned
286939276,4,4,2,TRUE,FALSE,FALSE,2,other
286939502,1,2,1,FALSE,FALSE,TRUE,2,still_orphaned
286939682,4,5,2,TRUE,FALSE,FALSE,3,other
286940068,5,5,3,FALSE,FALSE,FALSE,3,still_orphaned
286940160,5,3,3,FALSE,TRUE,FALSE,1,completed
286940180,3,2,2,FALSE,TRUE,FALSE,1,completed
286940404,1,3,1,FALSE,FALSE,TRUE,3,still_orphaned
286940663,7,9,4,FALSE,FALSE,FALSE,6,still_orphaned
286940918,3,3,2,FALSE,FALSE,FALSE,2,still_orphaned
286941144,3,4,2,FALSE,FALSE,FALSE,3,still_orphaned
286941182,3,2,2,FALSE,TRUE,FALSE,1,completed
286941185,1,2,1,FALSE,FALSE,TRUE,2,still_orphaned
286941276,6,5,3,TRUE,FALSE,FALSE,2,other
286941356,3,2,2,FALSE,TRUE,FALSE,1,completed
286941432,2,1,1,TRUE,TRUE,FALSE,0,already_paired
286941540,1,2,1,FALSE,FALSE,TRUE,2,still_orphaned
286941665,1,2,1,FALSE,FALSE,TRUE,2,still_orphaned
286941720,6,6,3,TRUE,FALSE,FALSE,3,other
286941750,6,7,3,TRUE,FALSE,FALSE,4,other
286941900,5,5,3,FALSE,FALSE,FALSE,3,still_orphaned
286941918,4,3,2,TRUE,FALSE,FALSE,1,other
286942021,6,7,3,TRUE,FALSE,FALSE,4,other
286942059,3,4,2,FALSE,FALSE,FALSE,3,still_orphaned
286942141,2,3,1,TRUE,FALSE,FALSE,2,other
286942170,1,0,1,FALSE,FALSE,TRUE,0,still_orphaned
286942524,2,1,1,TRUE,TRUE,FALSE,0,already_paired
286942576,3,6,2,FALSE,FALSE,FALSE,5,still_orphaned
286943111,1,2,1,FALSE,FALSE,TRUE,2,still_orphaned
286943148,4,4,2,TRUE,FALSE,FALSE,2,other
286943209,4,5,2,TRUE,FALSE,FALSE,3,other
286943241,10,8,5,TRUE,FALSE,FALSE,3,other
286943306,1,2,1,FALSE,FALSE,TRUE,2,still_orphaned
286943536,2,3,1,TRUE,FALSE,FALSE,2,other
286943606,4,4,2,TRUE,FALSE,FALSE,2,other
286943932,2,3,1,TRUE,FALSE,FALSE,2,other
286944179,3,5,2,FALSE,FALSE,FALSE,4,still_orphaned
286944375,3,2,2,FALSE,TRUE,FALSE,1,completed
286944431,3,2,2,FALSE,TRUE,FALSE,1,completed
286944447,3,2,2,FALSE,TRUE,FALSE,1,completed
286944812,3,3,2,FALSE,FALSE,FALSE,2,still_orphaned
286944949,2,1,1,TRUE,TRUE,FALSE,0,already_paired
286945434,3,3,2,FALSE,FALSE,FALSE,2,still_orphaned
286945518,1,2,1,FALSE,FALSE,TRUE,2,still_orphaned
286945632,2,3,1,TRUE,FALSE,FALSE,2,other
286945751,4,4,2,TRUE,FALSE,FALSE,2,other
286945921,2,2,1,TRUE,FALSE,FALSE,1,other
286946039,4,3,2,TRUE,FALSE,FALSE,1,other
286946095,1,2,1,FALSE,FALSE,TRUE,2,still_orphaned
286946198,7,3,4,FALSE,FALSE,FALSE,0,still_orphaned
286946268,4,4,2,TRUE,FALSE,FALSE,2,other
286946270,5,4,3,FALSE,FALSE,FALSE,2,still_orphaned
286946327,8,8,4,TRUE,FALSE,FALSE,4,other
286946828,3,5,2,FALSE,FALSE,FALSE,4,still_orphaned
286946909,1,3,1,FALSE,FALSE,TRUE,3,still_orphaned
286946983,2,2,1,TRUE,FALSE,FALSE,1,other
286947035,2,1,1,TRUE,TRUE,FALSE,0,already_paired
286947361,1,0,1,FALSE,FALSE,TRUE,0,still_orphaned
286947397,4,4,2,TRUE,FALSE,FALSE,2,other
286947500,4,4,2,TRUE,FALSE,FALSE,2,other
286947507,3,7,2,FALSE,FALSE,FALSE,6,still_orphaned
286947569,3,5,2,FALSE,FALSE,FALSE,4,still_orphaned
286947962,1,1,1,FALSE,TRUE,TRUE,1,completed
286947965,4,5,2,TRUE,FALSE,FALSE,3,other
286948150,4,5,2,TRUE,FALSE,FALSE,3,other
286948165,4,5,2,TRUE,FALSE,FALSE,3,other
286948270,2,3,1,TRUE,FALSE,FALSE,2,other
286948545,2,2,1,TRUE,FALSE,FALSE,1,other
286948566,2,2,1,TRUE,FALSE,FALSE,1,other
286948571,2,2,1,TRUE,FALSE,FALSE,1,other
286948728,4,5,2,TRUE,FALSE,FALSE,3,other
286948753,3,6,2,FALSE,FALSE,FALSE,5,still_orphaned
286948876,5,4,3,FALSE,FALSE,FALSE,2,still_orphaned
286948903,4,3,2,TRUE,FALSE,FALSE,1,other
286948920,5,5,3,FALSE,FALSE,FALSE,3,still_orphaned
286949174,3,5,2,FALSE,FALSE,FALSE,4,still_orphaned
286949213,3,2,2,FALSE,TRUE,FALSE,1,completed
286949477,6,6,3,TRUE,FALSE,FALSE,3,other
286949500,1,0,1,FALSE,FALSE,TRUE,0,still_orphaned
286949514,1,2,1,FALSE,FALSE,TRUE,2,still_orphaned
286949594,2,1,1,TRUE,TRUE,FALSE,0,already_paired
286949840,2,4,1,TRUE,FALSE,FALSE,3,other
286950037,4,4,2,TRUE,FALSE,FALSE,2,other
286950071,2,4,1,TRUE,FALSE,FALSE,3,other
286950088,2,2,1,TRUE,FALSE,FALSE,1,other
286950279,4,4,2,TRUE,FALSE,FALSE,2,other
286950650,2,3,1,TRUE,FALSE,FALSE,2,other
286950831,1,2,1,FALSE,FALSE,TRUE,2,still_orphaned
286950910,1,2,1,FALSE,FALSE,TRUE,2,still_orphaned
286951061,3,6,2,FALSE,FALSE,FALSE,5,still_orphaned
286951224,1,0,1,FALSE,FALSE,TRUE,0,still_orphaned
286951285,3,4,2,FALSE,FALSE,FALSE,3,still_orphaned
286951289,2,1,1,TRUE,TRUE,FALSE,0,already_paired
286951480,1,0,1,FALSE,FALSE,TRUE,0,still_orphaned
286951629,3,1,2,FALSE,FALSE,FALSE,0,still_orphaned
286952052,1,4,1,FALSE,FALSE,TRUE,4,still_orphaned
286952354,2,2,1,TRUE,FALSE,FALSE,1,other
286952387,2,1,1,TRUE,TRUE,FALSE,0,already_paired
286952541,1,2,1,FALSE,FALSE,TRUE,2,still_orphaned
286952810,1,2,1,FALSE,FALSE,TRUE,2,still_orphaned
286952869,1,2,1,FALSE,FALSE,TRUE,2,still_orphaned
286952872,3,4,2,FALSE,FALSE,FALSE,3,still_orphaned
286952988,4,3,2,TRUE,FALSE,FALSE,1,other
286953008,1,2,1,FALSE,FALSE,TRUE,2,still_orphaned
286953063,3,5,2,FALSE,FALSE,FALSE,4,still_orphaned
286953223,1,2,1,FALSE,FALSE,TRUE,2,still_orphaned
286953224,3,2,2,FALSE,TRUE,FALSE,1,completed
286953273,3,1,2,FALSE,FALSE,FALSE,0,still_orphaned
286953699,1,2,1,FALSE,FALSE,TRUE,2,still_orphaned
286953872,6,5,3,TRUE,FALSE,FALSE,2,other
286954003,2,3,1,TRUE,FALSE,FALSE,2,other
286954151,4,2,2,TRUE,TRUE,FALSE,0,already_paired
286954203,3,2,2,FALSE,TRUE,FALSE,1,completed
286954819,5,5,3,FALSE,FALSE,FALSE,3,still_orphaned
286981496,3,2,2,FALSE,TRUE,FALSE,1,completed
286982012,5,3,3,FALSE,TRUE,FALSE,1,completed
286982373,2,3,1,TRUE,FALSE,FALSE,2,other
286982517,2,4,1,TRUE,FALSE,FALSE,3,other
286982674,1,2,1,FALSE,FALSE,TRUE,2,still_orphaned
286983041,6,5,3,TRUE,FALSE,FALSE,2,other
286983089,2,2,1,TRUE,FALSE,FALSE,1,other
286983206,1,2,1,FALSE,FALSE,TRUE,2,still_orphaned
286983462,3,2,2,FALSE,TRUE,FALSE,1,completed
286983573,3,2,2,FALSE,TRUE,FALSE,1,completed
286983720,1,2,1,FALSE,FALSE,TRUE,2,still_orphaned
286983778,1,0,1,FALSE,FALSE,TRUE,0,still_orphaned
286983806,4,5,2,TRUE,FALSE,FALSE,3,other
286983981,2,2,1,TRUE,FALSE,FALSE,1,other
286984034,5,6,3,FALSE,FALSE,FALSE,4,still_orphaned
286984143,3,2,2,FALSE,TRUE,FALSE,1,completed
286984173,1,2,1,FALSE,FALSE,TRUE,2,still_orphaned
286984199,1,2,1,FALSE,FALSE,TRUE,2,still_orphaned
286984267,4,3,2,TRUE,FALSE,FALSE,1,other
286984417,5,7,3,FALSE,FALSE,FALSE,5,still_orphaned
286984445,1,3,1,FALSE,FALSE,TRUE,3,still_orphaned
286984635,4,3,2,TRUE,FALSE,FALSE,1,other
286984729,4,5,2,TRUE,FALSE,FALSE,3,other
286984823,3,3,2,FALSE,FALSE,FALSE,2,still_orphaned
286984826,2,1,1,TRUE,TRUE,FALSE,0,already_paired
286984849,4,4,2,TRUE,FALSE,FALSE,2,other
286984889,2,3,1,TRUE,FALSE,FALSE,2,other
286985102,4,5,2,TRUE,FALSE,FALSE,3,other
286985412,3,3,2,FALSE,FALSE,FALSE,2,still_orphaned
286985520,3,3,2,FALSE,FALSE,FALSE,2,still_orphaned
286985569,1,2,1,FALSE,FALSE,TRUE,2,still_orphaned
286985680,4,4,2,TRUE,FALSE,FALSE,2,other
286985964,2,4,1,TRUE,FALSE,FALSE,3,other
286985981,2,2,1,TRUE,FALSE,FALSE,1,other
286986124,1,0,1,FALSE,FALSE,TRUE,0,still_orphaned
286986169,1,0,1,FALSE,FALSE,TRUE,0,still_orphaned
286986323,1,2,1,FALSE,FALSE,TRUE,2,still_orphaned
286986346,4,4,2,TRUE,FALSE,FALSE,2,other
286986366,5,5,3,FALSE,FALSE,FALSE,3,still_orphaned
286986367,8,7,4,TRUE,FALSE,FALSE,3,other
286986530,8,6,4,TRUE,FALSE,FALSE,2,other
286986591,1,0,1,FALSE,FALSE,TRUE,0,still_orphaned
286987097,1,0,1,FALSE,FALSE,TRUE,0,still_orphaned
286987260,6,5,3,TRUE,FALSE,FALSE,2,other
286987309,2,1,1,TRUE,TRUE,FALSE,0,already_paired
286987474,1,2,1,FALSE,FALSE,TRUE,2,still_orphaned
286987579,1,0,1,FALSE,FALSE,TRUE,0,still_orphaned
286987704,1,0,1,FALSE,FALSE,TRUE,0,still_orphaned
286988034,1,3,1,FALSE,FALSE,TRUE,3,still_orphaned
286988052,2,2,1,TRUE,FALSE,FALSE,1,other
286988463,2,2,1,TRUE,FALSE,FALSE,1,other
286988488,2,2,1,TRUE,FALSE,FALSE,1,other
286988575,1,0,1,FALSE,FALSE,TRUE,0,still_orphaned
286988693,5,6,3,FALSE,FALSE,FALSE,4,still_orphaned
286988938,1,2,1,FALSE,FALSE,TRUE,2,still_orphaned
286989164,2,3,1,TRUE,FALSE,FALSE,2,other
286989175,4,4,2,TRUE,FALSE,FALSE,2,other
286989248,2,1,1,TRUE,TRUE,FALSE,0,already_paired
286989349,1,3,1,FALSE,FALSE,TRUE,3,still_orphaned
286989572,3,3,2,FALSE,FALSE,FALSE,2,still_orphaned
286989689,3,6,2,FALSE,FALSE,FALSE,5,still_orphaned
286989961,2,1,1,TRUE,TRUE,FALSE,0,already_paired
286990263,3,2,2,FALSE,TRUE,FALSE,1,completed
286990293,6,4,3,TRUE,FALSE,FALSE,1,other
286990297,2,1,1,TRUE,TRUE,FALSE,0,already_paired
286990474,5,4,3,FALSE,FALSE,FALSE,2,still_orphaned
286990544,3,2,2,FALSE,TRUE,FALSE,1,completed
286990639,2,2,1,TRUE,FALSE,FALSE,1,other
286990715,3,2,2,FALSE,TRUE,FALSE,1,completed
286990897,3,4,2,FALSE,FALSE,FALSE,3,still_orphaned
286990987,3,3,2,FALSE,FALSE,FALSE,2,still_orphaned
286991116,4,5,2,TRUE,FALSE,FALSE,3,other
286991268,1,2,1,FALSE,FALSE,TRUE,2,still_orphaned
286991304,3,3,2,FALSE,FALSE,FALSE,2,still_orphaned
286991608,1,2,1,FALSE,FALSE,TRUE,2,still_orphaned
286991662,2,1,1,TRUE,TRUE,FALSE,0,already_paired
286991958,3,2,2,FALSE,TRUE,FALSE,1,completed
286991960,2,2,1,TRUE,FALSE,FALSE,1,other
286991967,3,4,2,FALSE,FALSE,FALSE,3,still_orphaned
286992124,2,3,1,TRUE,FALSE,FALSE,2,other
286992244,1,2,1,FALSE,FALSE,TRUE,2,still_orphaned
286992251,2,4,1,TRUE,FALSE,FALSE,3,other
286992513,2,2,1,TRUE,FALSE,FALSE,1,other
286992570,1,0,1,FALSE,FALSE,TRUE,0,still_orphaned
286992828,1,0,1,FALSE,FALSE,TRUE,0,still_orphaned
286993006,1,3,1,FALSE,FALSE,TRUE,3,still_orphaned
286993320,2,3,1,TRUE,FALSE,FALSE,2,other
286993424,4,3,2,TRUE,FALSE,FALSE,1,other
286993538,4,6,2,TRUE,FALSE,FALSE,4,other
286993747,3,6,2,FALSE,FALSE,FALSE,5,still_orphaned
286993878,2,3,1,TRUE,FALSE,FALSE,2,other
286993902,4,2,2,TRUE,TRUE,FALSE,0,already_paired
286994423,3,7,2,FALSE,FALSE,FALSE,6,still_orphaned
286994450,2,2,1,TRUE,FALSE,FALSE,1,other
286994661,4,5,2,TRUE,FALSE,FALSE,3,other
286994710,1,2,1,FALSE,FALSE,TRUE,2,still_orphaned
286994773,4,5,2,TRUE,FALSE,FALSE,3,other
286995654,3,5,2,FALSE,FALSE,FALSE,4,still_orphaned
286995712,4,3,2,TRUE,FALSE,FALSE,1,other
286995747,2,2,1,TRUE,FALSE,FALSE,1,other
286996206,2,2,1,TRUE,FALSE,FALSE,1,other
286996275,2,2,1,TRUE,FALSE,FALSE,1,other
286996279,6,3,3,TRUE,TRUE,FALSE,0,already_paired
286996284,3,4,2,FALSE,FALSE,FALSE,3,still_orphaned
286996325,2,3,1,TRUE,FALSE,FALSE,2,other
286996381,1,3,1,FALSE,FALSE,TRUE,3,still_orphaned
286996698,5,4,3,FALSE,FALSE,FALSE,2,still_orphaned
286996700,4,2,2,TRUE,TRUE,FALSE,0,already_paired
286996705,1,0,1,FALSE,FALSE,TRUE,0,still_orphaned
286996890,2,2,1,TRUE,FALSE,FALSE,1,other
286997099,2,2,1,TRUE,FALSE,FALSE,1,other
286997224,3,2,2,FALSE,TRUE,FALSE,1,completed
286997548,5,6,3,FALSE,FALSE,FALSE,4,still_orphaned
286997732,5,5,3,FALSE,FALSE,FALSE,3,still_orphaned
286997757,3,3,2,FALSE,FALSE,FALSE,2,still_orphaned
286997900,4,4,2,TRUE,FALSE,FALSE,2,other
286998445,3,5,2,FALSE,FALSE,FALSE,4,still_orphaned
286998644,5,3,3,FALSE,TRUE,FALSE,1,completed
286998651,5,5,3,FALSE,FALSE,FALSE,3,still_orphaned
286998653,4,2,2,TRUE,TRUE,FALSE,0,already_paired
286998775,5,4,3,FALSE,FALSE,FALSE,2,still_orphaned
286998864,5,5,3,FALSE,FALSE,FALSE,3,still_orphaned
286998963,2,2,1,TRUE,FALSE,FALSE,1,other
286999119,5,4,3,FALSE,FALSE,FALSE,2,still_orphaned
286999237,3,2,2,FALSE,TRUE,FALSE,1,completed
286999365,3,4,2,FALSE,FALSE,FALSE,3,still_orphaned
286999796,1,3,1,FALSE,FALSE,TRUE,3,still_orphaned
286999840,5,6,3,FALSE,FALSE,FALSE,4,still_orphaned
287000029,1,0,1,FALSE,FALSE,TRUE,0,still_orphaned
287000238,3,1,2,FALSE,FALSE,FALSE,0,still_orphaned
287000262,2,2,1,TRUE,FALSE,FALSE,1,other
287000289,4,3,2,TRUE,FALSE,FALSE,1,other
287000319,2,2,1,TRUE,FALSE,FALSE,1,other
287000338,2,1,1,TRUE,TRUE,FALSE,0,already_paired
287000411,1,1,1,FALSE,TRUE,TRUE,1,completed
287000710,1,2,1,FALSE,FALSE,TRUE,2,still_orphaned
287000928,5,6,3,FALSE,FALSE,FALSE,4,still_orphaned
287001246,1,0,1,FALSE,FALSE,TRUE,0,still_orphaned
287001297,4,4,2,TRUE,FALSE,FALSE,2,other
287001413,5,6,3,FALSE,FALSE,FALSE,4,still_orphaned
287001844,8,8,4,TRUE,FALSE,FALSE,4,other
287001922,1,0,1,FALSE,FALSE,TRUE,0,still_orphaned
287001981,5,6,3,FALSE,FALSE,FALSE,4,still_orphaned
287002093,4,5,2,TRUE,FALSE,FALSE,3,other
287002118,1,2,1,FALSE,FALSE,TRUE,2,still_orphaned
287002311,2,3,1,TRUE,FALSE,FALSE,2,other
287002454,2,2,1,TRUE,FALSE,FALSE,1,other
287002529,5,5,3,FALSE,FALSE,FALSE,3,still_orphaned
287002646,2,2,1,TRUE,FALSE,FALSE,1,other
287002654,1,0,1,FALSE,FALSE,TRUE,0,still_orphaned
287002794,2,1,1,TRUE,TRUE,FALSE,0,already_paired
287002871,6,5,3,TRUE,FALSE,FALSE,2,other
287003285,5,6,3,FALSE,FALSE,FALSE,4,still_orphaned
287003361,3,4,2,FALSE,FALSE,FALSE,3,still_orphaned
287003823,4,5,2,TRUE,FALSE,FALSE,3,other
287004169,4,4,2,TRUE,FALSE,FALSE,2,other
287004340,2,3,1,TRUE,FALSE,FALSE,2,other
287004342,6,5,3,TRUE,FALSE,FALSE,2,other
287004387,4,2,2,TRUE,TRUE,FALSE,0,already_paired
287004508,1,3,1,FALSE,FALSE,TRUE,3,still_orphaned
287004521,2,2,1,TRUE,FALSE,FALSE,1,other
287004568,3,4,2,FALSE,FALSE,FALSE,3,still_orphaned
287004649,2,5,1,TRUE,FALSE,FALSE,4,other
287004766,2,2,1,TRUE,FALSE,FALSE,1,other
287004826,6,4,3,TRUE,FALSE,FALSE,1,other
287005192,1,3,1,FALSE,FALSE,TRUE,3,still_orphaned
287005423,3,5,2,FALSE,FALSE,FALSE,4,still_orphaned
287005502,1,2,1,FALSE,FALSE,TRUE,2,still_orphaned
287005614,1,0,1,FALSE,FALSE,TRUE,0,still_orphaned
287005654,3,2,2,FALSE,TRUE,FALSE,1,completed
287005744,1,0,1,FALSE,FALSE,TRUE,0,still_orphaned
287005882,3,5,2,FALSE,FALSE,FALSE,4,still_orphaned
287006084,4,5,2,TRUE,FALSE,FALSE,3,other
287006101,2,2,1,TRUE,FALSE,FALSE,1,other
287006240,6,5,3,TRUE,FALSE,FALSE,2,other
287006245,1,0,1,FALSE,FALSE,TRUE,0,still_orphaned
287006278,5,6,3,FALSE,FALSE,FALSE,4,still_orphaned
287006379,3,3,2,FALSE,FALSE,FALSE,2,still_orphaned
287006807,2,2,1,TRUE,FALSE,FALSE,1,other
287007022,2,4,1,TRUE,FALSE,FALSE,3,other
287007132,4,2,2,TRUE,TRUE,FALSE,0,already_paired
287007210,4,5,2,TRUE,FALSE,FALSE,3,other
287007235,2,3,1,TRUE,FALSE,FALSE,2,other
287007249,5,5,3,FALSE,FALSE,FALSE,3,still_orphaned
287007336,4,2,2,TRUE,TRUE,FALSE,0,already_paired
287007367,7,7,4,FALSE,FALSE,FALSE,4,still_orphaned
287007465,2,3,1,TRUE,FALSE,FALSE,2,other
287007582,5,6,3,FALSE,FALSE,FALSE,4,still_orphaned
287007612,2,1,1,TRUE,TRUE,FALSE,0,already_paired
287007627,1,3,1,FALSE,FALSE,TRUE,3,still_orphaned
287007786,6,4,3,TRUE,FALSE,FALSE,1,other
287007788,3,3,2,FALSE,FALSE,FALSE,2,still_orphaned
287008044,1,1,1,FALSE,TRUE,TRUE,1,completed
287008167,2,1,1,TRUE,TRUE,FALSE,0,already_paired
287008307,4,5,2,TRUE,FALSE,FALSE,3,other
287008531,7,6,4,FALSE,FALSE,FALSE,3,still_orphaned
287008634,2,2,1,TRUE,FALSE,FALSE,1,other
287008873,2,1,1,TRUE,TRUE,FALSE,0,already_paired
287009005,1,2,1,FALSE,FALSE,TRUE,2,still_orphaned
287009462,2,2,1,TRUE,FALSE,FALSE,1,other
287009722,2,3,1,TRUE,FALSE,FALSE,2,other
287009837,2,1,1,TRUE,TRUE,FALSE,0,already_paired
287009878,4,4,2,TRUE,FALSE,FALSE,2,other
287010010,4,5,2,TRUE,FALSE,FALSE,3,other
287010109,6,5,3,TRUE,FALSE,FALSE,2,other
287010232,1,0,1,FALSE,FALSE,TRUE,0,still_orphaned
287010636,2,2,1,TRUE,FALSE,FALSE,1,other
287010937,6,6,3,TRUE,FALSE,FALSE,3,other
287010949,5,4,3,FALSE,FALSE,FALSE,2,still_orphaned
287011253,4,4,2,TRUE,FALSE,FALSE,2,other
287011298,2,2,1,TRUE,FALSE,FALSE,1,other
287011491,3,2,2,FALSE,TRUE,FALSE,1,completed
287011500,2,1,1,TRUE,TRUE,FALSE,0,already_paired
287011522,1,1,1,FALSE,TRUE,TRUE,1,completed
287011549,1,5,1,FALSE,FALSE,TRUE,5,still_orphaned
287011817,3,3,2,FALSE,FALSE,FALSE,2,still_orphaned
287012031,5,5,3,FALSE,FALSE,FALSE,3,still_orphaned
287012156,1,2,1,FALSE,FALSE,TRUE,2,still_orphaned
287012171,2,1,1,TRUE,TRUE,FALSE,0,already_paired
287012604,3,3,2,FALSE,FALSE,FALSE,2,still_orphaned
287013052,2,1,1,TRUE,TRUE,FALSE,0,already_paired
287013242,7,7,4,FALSE,FALSE,FALSE,4,still_orphaned
287015016,1,0,1,FALSE,FALSE,TRUE,0,still_orphaned
287018060,5,3,3,FALSE,TRUE,FALSE,1,completed
287018066,1,0,1,FALSE,FALSE,TRUE,0,still_orphaned
287018332,4,3,2,TRUE,FALSE,FALSE,1,other
287018822,2,2,1,TRUE,FALSE,FALSE,1,other
287019360,2,1,1,TRUE,TRUE,FALSE,0,already_paired
287019363,1,2,1,FALSE,FALSE,TRUE,2,still_orphaned
287019717,3,2,2,FALSE,TRUE,FALSE,1,completed
287019775,2,1,1,TRUE,TRUE,FALSE,0,already_paired
287019972,3,2,2,FALSE,TRUE,FALSE,1,completed
287020128,4,4,2,TRUE,FALSE,FALSE,2,other
287020135,2,3,1,TRUE,FALSE,FALSE,2,other
287020204,1,2,1,FALSE,FALSE,TRUE,2,still_orphaned
287020417,1,0,1,FALSE,FALSE,TRUE,0,still_orphaned
287020429,6,5,3,TRUE,FALSE,FALSE,2,other
287020439,3,3,2,FALSE,FALSE,FALSE,2,still_orphaned
287020447,4,5,2,TRUE,FALSE,FALSE,3,other
287020514,2,1,1,TRUE,TRUE,FALSE,0,already_paired
287020632,4,2,2,TRUE,TRUE,FALSE,0,already_paired
287020747,1,2,1,FALSE,FALSE,TRUE,2,still_orphaned
287020892,1,2,1,FALSE,FALSE,TRUE,2,still_orphaned
287020908,2,1,1,TRUE,TRUE,FALSE,0,already_paired
287021005,2,3,1,TRUE,FALSE,FALSE,2,other
287021485,2,2,1,TRUE,FALSE,FALSE,1,other
287021512,5,4,3,FALSE,FALSE,FALSE,2,still_orphaned
287021681,4,5,2,TRUE,FALSE,FALSE,3,other
287021749,2,3,1,TRUE,FALSE,FALSE,2,other
287021792,2,2,1,TRUE,FALSE,FALSE,1,other
287021905,2,3,1,TRUE,FALSE,FALSE,2,other
287021976,1,0,1,FALSE,FALSE,TRUE,0,still_orphaned
287021977,3,2,2,FALSE,TRUE,FALSE,1,completed
287022234,5,7,3,FALSE,FALSE,FALSE,5,still_orphaned
287022287,7,5,4,FALSE,FALSE,FALSE,2,still_orphaned
287022361,2,2,1,TRUE,FALSE,FALSE,1,other
287022455,1,0,1,FALSE,FALSE,TRUE,0,still_orphaned
287022497,2,2,1,TRUE,FALSE,FALSE,1,other
287022596,1,0,1,FALSE,FALSE,TRUE,0,still_orphaned
287022629,5,5,3,FALSE,FALSE,FALSE,3,still_orphaned
287022656,4,5,2,TRUE,FALSE,FALSE,3,other
287022820,6,6,3,TRUE,FALSE,FALSE,3,other
287022828,2,1,1,TRUE,TRUE,FALSE,0,already_paired
287023419,1,4,1,FALSE,FALSE,TRUE,4,still_orphaned
287023435,3,4,2,FALSE,FALSE,FALSE,3,still_orphaned
287023627,5,5,3,FALSE,FALSE,FALSE,3,still_orphaned
287023658,2,2,1,TRUE,FALSE,FALSE,1,other
287023697,2,2,1,TRUE,FALSE,FALSE,1,other
287023927,2,2,1,TRUE,FALSE,FALSE,1,other
287024196,5,5,3,FALSE,FALSE,FALSE,3,still_orphaned
287024201,3,2,2,FALSE,TRUE,FALSE,1,completed
287024674,1,0,1,FALSE,FALSE,TRUE,0,still_orphaned
287024761,5,4,3,FALSE,FALSE,FALSE,2,still_orphaned
287025192,2,2,1,TRUE,FALSE,FALSE,1,other
287025812,1,2,1,FALSE,FALSE,TRUE,2,still_orphaned
287025813,2,2,1,TRUE,FALSE,FALSE,1,other
287025814,1,0,1,FALSE,FALSE,TRUE,0,still_orphaned
287025831,2,1,1,TRUE,TRUE,FALSE,0,already_paired
287026092,2,1,1,TRUE,TRUE,FALSE,0,already_paired
287026241,3,2,2,FALSE,TRUE,FALSE,1,completed
287026349,2,2,1,TRUE,FALSE,FALSE,1,other
287026365,2,2,1,TRUE,FALSE,FALSE,1,other
287026577,2,3,1,TRUE,FALSE,FALSE,2,other
287026600,2,3,1,TRUE,FALSE,FALSE,2,other
287026747,4,3,2,TRUE,FALSE,FALSE,1,other
287026755,2,2,1,TRUE,FALSE,FALSE,1,other
287027136,4,3,2,TRUE,FALSE,FALSE,1,other
287027175,3,2,2,FALSE,TRUE,FALSE,1,completed
287027570,2,3,1,TRUE,FALSE,FALSE,2,other
287027659,3,3,2,FALSE,FALSE,FALSE,2,still_orphaned
287027673,1,2,1,FALSE,FALSE,TRUE,2,still_orphaned
287027698,2,2,1,TRUE,FALSE,FALSE,1,other
287027757,2,2,1,TRUE,FALSE,FALSE,1,other
287027958,2,2,1,TRUE,FALSE,FALSE,1,other
287028117,3,3,2,FALSE,FALSE,FALSE,2,still_orphaned
287028120,1,0,1,FALSE,FALSE,TRUE,0,still_orphaned
287028387,5,6,3,FALSE,FALSE,FALSE,4,still_orphaned
287028633,1,3,1,FALSE,FALSE,TRUE,3,still_orphaned
287028755,1,0,1,FALSE,FALSE,TRUE,0,still_orphaned
287028865,4,6,2,TRUE,FALSE,FALSE,4,other
287029152,1,2,1,FALSE,FALSE,TRUE,2,still_orphaned
287029290,1,0,1,FALSE,FALSE,TRUE,0,still_orphaned
287029436,7,5,4,FALSE,FALSE,FALSE,2,still_orphaned
287029713,1,0,1,FALSE,FALSE,TRUE,0,still_orphaned
287030048,2,2,1,TRUE,FALSE,FALSE,1,other
287030230,5,5,3,FALSE,FALSE,FALSE,3,still_orphaned
287030299,1,2,1,FALSE,FALSE,TRUE,2,still_orphaned
287030337,3,2,2,FALSE,TRUE,FALSE,1,completed
287030383,1,3,1,FALSE,FALSE,TRUE,3,still_orphaned
287030482,1,3,1,FALSE,FALSE,TRUE,3,still_orphaned
287030994,1,2,1,FALSE,FALSE,TRUE,2,still_orphaned
287031456,2,2,1,TRUE,FALSE,FALSE,1,other
287031515,3,2,2,FALSE,TRUE,FALSE,1,completed
287031829,3,3,2,FALSE,FALSE,FALSE,2,still_orphaned
287032187,4,4,2,TRUE,FALSE,FALSE,2,other
287032253,1,0,1,FALSE,FALSE,TRUE,0,still_orphaned
287032487,3,2,2,FALSE,TRUE,FALSE,1,completed
287032542,2,1,1,TRUE,TRUE,FALSE,0,already_paired
287032550,2,4,1,TRUE,FALSE,FALSE,3,other
287032566,3,2,2,FALSE,TRUE,FALSE,1,completed
287032819,5,3,3,FALSE,TRUE,FALSE,1,completed
287033230,2,1,1,TRUE,TRUE,FALSE,0,already_paired
287033272,2,1,1,TRUE,TRUE,FALSE,0,already_paired
287033551,2,2,1,TRUE,FALSE,FALSE,1,other
287033592,3,3,2,FALSE,FALSE,FALSE,2,still_orphaned
287033683,6,5,3,TRUE,FALSE,FALSE,2,other
287034233,4,6,2,TRUE,FALSE,FALSE,4,other
287034340,2,2,1,TRUE,FALSE,FALSE,1,other
287034362,4,3,2,TRUE,FALSE,FALSE,1,other
287034456,1,3,1,FALSE,FALSE,TRUE,3,still_orphaned
287034546,2,2,1,TRUE,FALSE,FALSE,1,other
287034652,2,4,1,TRUE,FALSE,FALSE,3,other
287034931,3,2,2,FALSE,TRUE,FALSE,1,completed
287035050,1,2,1,FALSE,FALSE,TRUE,2,still_orphaned
287035187,1,0,1,FALSE,FALSE,TRUE,0,still_orphaned
287035205,3,5,2,FALSE,FALSE,FALSE,4,still_orphaned
287035216,4,5,2,TRUE,FALSE,FALSE,3,other
287035315,1,1,1,FALSE,TRUE,TRUE,1,completed
287035406,2,2,1,TRUE,FALSE,FALSE,1,other
287035487,1,2,1,FALSE,FALSE,TRUE,2,still_orphaned
287035534,5,6,3,FALSE,FALSE,FALSE,4,still_orphaned
287035731,3,4,2,FALSE,FALSE,FALSE,3,still_orphaned
287035766,2,1,1,TRUE,TRUE,FALSE,0,already_paired
287036107,4,2,2,TRUE,TRUE,FALSE,0,already_paired
287036123,1,2,1,FALSE,FALSE,TRUE,2,still_orphaned
287036413,1,2,1,FALSE,FALSE,TRUE,2,still_orphaned
287036481,2,2,1,TRUE,FALSE,FALSE,1,other
287036504,1,2,1,FALSE,FALSE,TRUE,2,still_orphaned
287036716,2,2,1,TRUE,FALSE,FALSE,1,other
287036734,6,7,3,TRUE,FALSE,FALSE,4,other
287036769,2,2,1,TRUE,FALSE,FALSE,1,other
287037380,5,3,3,FALSE,TRUE,FALSE,1,completed
287037384,1,1,1,FALSE,TRUE,TRUE,1,completed
287037431,4,4,2,TRUE,FALSE,FALSE,2,other
287037726,3,6,2,FALSE,FALSE,FALSE,5,still_orphaned
287037787,3,4,2,FALSE,FALSE,FALSE,3,still_orphaned
287037998,3,2,2,FALSE,TRUE,FALSE,1,completed
287038463,2,2,1,TRUE,FALSE,FALSE,1,other
287038666,4,3,2,TRUE,FALSE,FALSE,1,other
287038689,1,2,1,FALSE,FALSE,TRUE,2,still_orphaned
287038763,4,4,2,TRUE,FALSE,FALSE,2,other
287038812,4,4,2,TRUE,FALSE,FALSE,2,other
287038875,2,1,1,TRUE,TRUE,FALSE,0,already_paired
287039014,9,9,5,FALSE,FALSE,FALSE,5,still_orphaned
287039411,4,3,2,TRUE,FALSE,FALSE,1,other
287039591,1,0,1,FALSE,FALSE,TRUE,0,still_orphaned
287039656,1,3,1,FALSE,FALSE,TRUE,3,still_orphaned
287039746,1,2,1,FALSE,FALSE,TRUE,2,still_orphaned
287039972,3,4,2,FALSE,FALSE,FALSE,3,still_orphaned
287040343,4,4,2,TRUE,FALSE,FALSE,2,other
287040444,4,2,2,TRUE,TRUE,FALSE,0,already_paired
287040716,6,6,3,TRUE,FALSE,FALSE,3,other
287040782,2,2,1,TRUE,FALSE,FALSE,1,other
287040921,3,2,2,FALSE,TRUE,FALSE,1,completed
287040930,3,3,2,FALSE,FALSE,FALSE,2,still_orphaned
287041073,1,0,1,FALSE,FALSE,TRUE,0,still_orphaned
287041134,3,1,2,FALSE,FALSE,FALSE,0,still_orphaned
287041154,4,3,2,TRUE,FALSE,FALSE,1,other
287041171,2,2,1,TRUE,FALSE,FALSE,1,other
287041394,3,3,2,FALSE,FALSE,FALSE,2,still_orphaned
287041677,6,4,3,TRUE,FALSE,FALSE,1,other
287041814,2,1,1,TRUE,TRUE,FALSE,0,already_paired
287041863,3,3,2,FALSE,FALSE,FALSE,2,still_orphaned
287041875,5,3,3,FALSE,TRUE,FALSE,1,completed
287041990,1,0,1,FALSE,FALSE,TRUE,0,still_orphaned
287042080,1,2,1,FALSE,FALSE,TRUE,2,still_orphaned
287042082,1,0,1,FALSE,FALSE,TRUE,0,still_orphaned
287042146,1,3,1,FALSE,FALSE,TRUE,3,still_orphaned
287042154,3,4,2,FALSE,FALSE,FALSE,3,still_orphaned
287042348,4,3,2,TRUE,FALSE,FALSE,1,other
287042503,3,5,2,FALSE,FALSE,FALSE,4,still_orphaned
287042605,4,4,2,TRUE,FALSE,FALSE,2,other
287042672,4,2,2,TRUE,TRUE,FALSE,0,already_paired
287042700,3,2,2,FALSE,TRUE,FALSE,1,completed
287042839,3,5,2,FALSE,FALSE,FALSE,4,still_orphaned
287043140,2,2,1,TRUE,FALSE,FALSE,1,other
287043402,3,3,2,FALSE,FALSE,FALSE,2,still_orphaned
287043422,3,3,2,FALSE,FALSE,FALSE,2,still_orphaned
287043481,4,6,2,TRUE,FALSE,FALSE,4,other
287043487,4,4,2,TRUE,FALSE,FALSE,2,other
287043521,1,2,1,FALSE,FALSE,TRUE,2,still_orphaned
287043935,3,4,2,FALSE,FALSE,FALSE,3,still_orphaned
287044036,2,2,1,TRUE,FALSE,FALSE,1,other
287044037,4,4,2,TRUE,FALSE,FALSE,2,other
287044086,3,3,2,FALSE,FALSE,FALSE,2,still_orphaned
287044150,2,2,1,TRUE,FALSE,FALSE,1,other
287044171,1,3,1,FALSE,FALSE,TRUE,3,still_orphaned
287044263,4,4,2,TRUE,FALSE,FALSE,2,other
287044754,5,5,3,FALSE,FALSE,FALSE,3,still_orphaned
287045116,3,5,2,FALSE,FALSE,FALSE,4,still_orphaned
287045149,2,1,1,TRUE,TRUE,FALSE,0,already_paired
287045364,3,3,2,FALSE,FALSE,FALSE,2,still_orphaned
287045566,1,2,1,FALSE,FALSE,TRUE,2,still_orphaned
287045925,4,5,2,TRUE,FALSE,FALSE,3,other
287045933,2,3,1,TRUE,FALSE,FALSE,2,other
287045948,3,3,2,FALSE,FALSE,FALSE,2,still_orphaned
287046065,1,4,1,FALSE,FALSE,TRUE,4,still_orphaned
287046193,7,4,4,FALSE,TRUE,FALSE,1,completed
287046431,4,5,2,TRUE,FALSE,FALSE,3,other
287046622,1,0,1,FALSE,FALSE,TRUE,0,still_orphaned
287046648,4,3,2,TRUE,FALSE,FALSE,1,other
287046735,4,5,2,TRUE,FALSE,FALSE,3,other
287046906,1,2,1,FALSE,FALSE,TRUE,2,still_orphaned
287046916,4,4,2,TRUE,FALSE,FALSE,2,other
287047004,2,2,1,TRUE,FALSE,FALSE,1,other
287047141,5,6,3,FALSE,FALSE,FALSE,4,still_orphaned
287047178,3,2,2,FALSE,TRUE,FALSE,1,completed
287047988,1,2,1,FALSE,FALSE,TRUE,2,still_orphaned
287048540,1,3,1,FALSE,FALSE,TRUE,3,still_orphaned
287053063,4,3,2,TRUE,FALSE,FALSE,1,other
287053130,1,0,1,FALSE,FALSE,TRUE,0,still_orphaned
287053398,4,4,2,TRUE,FALSE,FALSE,2,other
287053442,4,3,2,TRUE,FALSE,FALSE,1,other
287053608,2,1,1,TRUE,TRUE,FALSE,0,already_paired
287053766,4,4,2,TRUE,FALSE,FALSE,2,other
287053860,6,5,3,TRUE,FALSE,FALSE,2,other
287054537,5,5,3,FALSE,FALSE,FALSE,3,still_orphaned
287054578,5,3,3,FALSE,TRUE,FALSE,1,completed
287054674,1,0,1,FALSE,FALSE,TRUE,0,still_orphaned
287054838,2,2,1,TRUE,FALSE,FALSE,1,other
287054899,2,2,1,TRUE,FALSE,FALSE,1,other
287054965,3,6,2,FALSE,FALSE,FALSE,5,still_orphaned
287054967,1,0,1,FALSE,FALSE,TRUE,0,still_orphaned
287055301,2,2,1,TRUE,FALSE,FALSE,1,other
287055366,6,6,3,TRUE,FALSE,FALSE,3,other
287055393,5,3,3,FALSE,TRUE,FALSE,1,completed
287055475,1,2,1,FALSE,FALSE,TRUE,2,still_orphaned
287055525,3,2,2,FALSE,TRUE,FALSE,1,completed
287055594,2,2,1,TRUE,FALSE,FALSE,1,other
287055647,3,3,2,FALSE,FALSE,FALSE,2,still_orphaned
287055761,1,3,1,FALSE,FALSE,TRUE,3,still_orphaned
287055872,5,6,3,FALSE,FALSE,FALSE,4,still_orphaned
287055931,5,5,3,FALSE,FALSE,FALSE,3,still_orphaned
287055962,4,3,2,TRUE,FALSE,FALSE,1,other
287055964,3,5,2,FALSE,FALSE,FALSE,4,still_orphaned
287055967,1,2,1,FALSE,FALSE,TRUE,2,still_orphaned
287056234,6,3,3,TRUE,TRUE,FALSE,0,already_paired
287056506,5,5,3,FALSE,FALSE,FALSE,3,still_orphaned
287056552,2,3,1,TRUE,FALSE,FALSE,2,other
287056599,1,2,1,FALSE,FALSE,TRUE,2,still_orphaned
287056687,2,1,1,TRUE,TRUE,FALSE,0,already_paired
287056725,3,4,2,FALSE,FALSE,FALSE,3,still_orphaned
287056800,2,1,1,TRUE,TRUE,FALSE,0,already_paired
287056888,1,0,1,FALSE,FALSE,TRUE,0,still_orphaned
287056896,3,3,2,FALSE,FALSE,FALSE,2,still_orphaned
287057161,1,2,1,FALSE,FALSE,TRUE,2,still_orphaned
287057202,2,1,1,TRUE,TRUE,FALSE,0,already_paired
287057276,3,5,2,FALSE,FALSE,FALSE,4,still_orphaned
287057290,4,5,2,TRUE,FALSE,FALSE,3,other
287057354,1,3,1,FALSE,FALSE,TRUE,3,still_orphaned
287057419,3,3,2,FALSE,FALSE,FALSE,2,still_orphaned
287057541,2,2,1,TRUE,FALSE,FALSE,1,other
287057926,3,1,2,FALSE,FALSE,FALSE,0,still_orphaned
287058038,7,5,4,FALSE,FALSE,FALSE,2,still_orphaned
287058237,1,2,1,FALSE,FALSE,TRUE,2,still_orphaned
287058311,4,3,2,TRUE,FALSE,FALSE,1,other
287058312,2,1,1,TRUE,TRUE,FALSE,0,already_paired
287058549,3,2,2,FALSE,TRUE,FALSE,1,completed
287058604,3,2,2,FALSE,TRUE,FALSE,1,completed
287058657,2,1,1,TRUE,TRUE,FALSE,0,already_paired
287058799,2,1,1,TRUE,TRUE,FALSE,0,already_paired
287059001,4,4,2,TRUE,FALSE,FALSE,2,other
287059476,2,2,1,TRUE,FALSE,FALSE,1,other
287059668,2,3,1,TRUE,FALSE,FALSE,2,other
287059703,2,1,1,TRUE,TRUE,FALSE,0,already_paired
287059976,3,1,2,FALSE,FALSE,FALSE,0,still_orphaned
287060136,2,3,1,TRUE,FALSE,FALSE,2,other
287060180,3,2,2,FALSE,TRUE,FALSE,1,completed
287060396,2,4,1,TRUE,FALSE,FALSE,3,other
287060683,2,1,1,TRUE,TRUE,FALSE,0,already_paired
287060718,3,2,2,FALSE,TRUE,FALSE,1,completed
287060719,7,7,4,FALSE,FALSE,FALSE,4,still_orphaned
287060808,1,3,1,FALSE,FALSE,TRUE,3,still_orphaned
287060820,3,4,2,FALSE,FALSE,FALSE,3,still_orphaned
287061074,2,1,1,TRUE,TRUE,FALSE,0,already_paired
287061094,6,4,3,TRUE,FALSE,FALSE,1,other
287061230,3,4,2,FALSE,FALSE,FALSE,3,still_orphaned
287061370,3,3,2,FALSE,FALSE,FALSE,2,still_orphaned
287061385,5,6,3,FALSE,FALSE,FALSE,4,still_orphaned
287061575,7,6,4,FALSE,FALSE,FALSE,3,still_orphaned
287061596,1,3,1,FALSE,FALSE,TRUE,3,still_orphaned
287061732,4,5,2,TRUE,FALSE,FALSE,3,other
287061759,3,3,2,FALSE,FALSE,FALSE,2,still_orphaned
287061879,4,4,2,TRUE,FALSE,FALSE,2,other
287061927,3,2,2,FALSE,TRUE,FALSE,1,completed
287061930,2,3,1,TRUE,FALSE,FALSE,2,other
287062105,4,4,2,TRUE,FALSE,FALSE,2,other
287062442,1,4,1,FALSE,FALSE,TRUE,4,still_orphaned
287062498,1,0,1,FALSE,FALSE,TRUE,0,still_orphaned
287062657,2,2,1,TRUE,FALSE,FALSE,1,other
287062975,4,3,2,TRUE,FALSE,FALSE,1,other
287063230,3,5,2,FALSE,FALSE,FALSE,4,still_orphaned
287063848,4,3,2,TRUE,FALSE,FALSE,1,other
287063866,3,2,2,FALSE,TRUE,FALSE,1,completed
287063910,2,3,1,TRUE,FALSE,FALSE,2,other
287064045,5,3,3,FALSE,TRUE,FALSE,1,completed
287064313,4,5,2,TRUE,FALSE,FALSE,3,other
287064599,4,3,2,TRUE,FALSE,FALSE,1,other
287064606,1,2,1,FALSE,FALSE,TRUE,2,still_orphaned
287065000,2,2,1,TRUE,FALSE,FALSE,1,other
287065244,4,4,2,TRUE,FALSE,FALSE,2,other
287065261,1,0,1,FALSE,FALSE,TRUE,0,still_orphaned
287065417,5,3,3,FALSE,TRUE,FALSE,1,completed
287065448,2,3,1,TRUE,FALSE,FALSE,2,other
287065768,2,1,1,TRUE,TRUE,FALSE,0,already_paired
287066262,3,4,2,FALSE,FALSE,FALSE,3,still_orphaned
287066395,2,1,1,TRUE,TRUE,FALSE,0,already_paired
287066483,4,3,2,TRUE,FALSE,FALSE,1,other
287066513,4,4,2,TRUE,FALSE,FALSE,2,other
287066843,6,6,3,TRUE,FALSE,FALSE,3,other
287067055,5,3,3,FALSE,TRUE,FALSE,1,completed
287067119,2,2,1,TRUE,FALSE,FALSE,1,other
287067290,3,3,2,FALSE,FALSE,FALSE,2,still_orphaned
287067357,1,2,1,FALSE,FALSE,TRUE,2,still_orphaned
287067405,2,2,1,TRUE,FALSE,FALSE,1,other
287067460,9,6,5,FALSE,FALSE,FALSE,2,still_orphaned
287067564,2,3,1,TRUE,FALSE,FALSE,2,other
287067713,1,2,1,FALSE,FALSE,TRUE,2,still_orphaned
287068108,5,3,3,FALSE,TRUE,FALSE,1,completed
287068115,3,4,2,FALSE,FALSE,FALSE,3,still_orphaned
287068222,3,5,2,FALSE,FALSE,FALSE,4,still_orphaned
287068469,1,2,1,FALSE,FALSE,TRUE,2,still_orphaned
287068897,3,5,2,FALSE,FALSE,FALSE,4,still_orphaned
287069007,4,4,2,TRUE,FALSE,FALSE,2,other
287069518,5,3,3,FALSE,TRUE,FALSE,1,completed
287069580,2,2,1,TRUE,FALSE,FALSE,1,other
287069632,1,2,1,FALSE,FALSE,TRUE,2,still_orphaned
287069640,3,5,2,FALSE,FALSE,FALSE,4,still_orphaned
287069751,4,5,2,TRUE,FALSE,FALSE,3,other
287070100,2,2,1,TRUE,FALSE,FALSE,1,other
287070178,2,1,1,TRUE,TRUE,FALSE,0,already_paired
287070231,3,3,2,FALSE,FALSE,FALSE,2,still_orphaned
287070635,1,0,1,FALSE,FALSE,TRUE,0,still_orphaned
287070775,1,2,1,FALSE,FALSE,TRUE,2,still_orphaned
287071040,1,0,1,FALSE,FALSE,TRUE,0,still_orphaned
287071187,1,2,1,FALSE,FALSE,TRUE,2,still_orphaned
287071311,2,2,1,TRUE,FALSE,FALSE,1,other
287071367,4,3,2,TRUE,FALSE,FALSE,1,other
287071419,1,0,1,FALSE,FALSE,TRUE,0,still_orphaned
287071424,6,5,3,TRUE,FALSE,FALSE,2,other
287071455,1,0,1,FALSE,FALSE,TRUE,0,still_orphaned
287071488,2,3,1,TRUE,FALSE,FALSE,2,other
287072201,2,2,1,TRUE,FALSE,FALSE,1,other
287072254,1,0,1,FALSE,FALSE,TRUE,0,still_orphaned
287072430,2,1,1,TRUE,TRUE,FALSE,0,already_paired
287072947,2,1,1,TRUE,TRUE,FALSE,0,already_paired
287072978,4,5,2,TRUE,FALSE,FALSE,3,other
287073078,1,4,1,FALSE,FALSE,TRUE,4,still_orphaned
287073299,1,0,1,FALSE,FALSE,TRUE,0,still_orphaned
287073398,1,2,1,FALSE,FALSE,TRUE,2,still_orphaned
287073667,3,3,2,FALSE,FALSE,FALSE,2,still_orphaned
287073755,3,4,2,FALSE,FALSE,FALSE,3,still_orphaned
287073759,4,3,2,TRUE,FALSE,FALSE,1,other
287073808,2,3,1,TRUE,FALSE,FALSE,2,other
287073836,3,5,2,FALSE,FALSE,FALSE,4,still_orphaned
287073881,4,3,2,TRUE,FALSE,FALSE,1,other
287074202,3,3,2,FALSE,FALSE,FALSE,2,still_orphaned
287074290,2,2,1,TRUE,FALSE,FALSE,1,other
287074367,2,2,1,TRUE,FALSE,FALSE,1,other
287074611,3,4,2,FALSE,FALSE,FALSE,3,still_orphaned
287074619,2,2,1,TRUE,FALSE,FALSE,1,other
287074735,1,2,1,FALSE,FALSE,TRUE,2,still_orphaned
287074849,1,2,1,FALSE,FALSE,TRUE,2,still_orphaned
287075410,4,5,2,TRUE,FALSE,FALSE,3,other
287075574,3,2,2,FALSE,TRUE,FALSE,1,completed
287075611,1,2,1,FALSE,FALSE,TRUE,2,still_orphaned
287075682,3,4,2,FALSE,FALSE,FALSE,3,still_orphaned
287075782,2,3,1,TRUE,FALSE,FALSE,2,other
287075805,4,4,2,TRUE,FALSE,FALSE,2,other
287075832,2,2,1,TRUE,FALSE,FALSE,1,other
287075886,2,2,1,TRUE,FALSE,FALSE,1,other
287075951,4,4,2,TRUE,FALSE,FALSE,2,other
287076061,2,1,1,TRUE,TRUE,FALSE,0,already_paired
287076154,1,0,1,FALSE,FALSE,TRUE,0,still_orphaned
287076223,1,0,1,FALSE,FALSE,TRUE,0,still_orphaned
287076593,1,0,1,FALSE,FALSE,TRUE,0,still_orphaned
287076635,2,1,1,TRUE,TRUE,FALSE,0,already_paired
287076671,2,3,1,TRUE,FALSE,FALSE,2,other
287077029,2,3,1,TRUE,FALSE,FALSE,2,other
287077108,1,3,1,FALSE,FALSE,TRUE,3,still_orphaned
287077118,3,4,2,FALSE,FALSE,FALSE,3,still_orphaned
287077327,1,0,1,FALSE,FALSE,TRUE,0,still_orphaned
287077348,1,2,1,FALSE,FALSE,TRUE,2,still_orphaned
287077474,2,3,1,TRUE,FALSE,FALSE,2,other
287077607,3,3,2,FALSE,FALSE,FALSE,2,still_orphaned
287077759,2,1,1,TRUE,TRUE,FALSE,0,already_paired
287077770,1,0,1,FALSE,FALSE,TRUE,0,still_orphaned
287077785,3,2,2,FALSE,TRUE,FALSE,1,completed
287078087,5,3,3,FALSE,TRUE,FALSE,1,completed
287078194,1,0,1,FALSE,FALSE,TRUE,0,still_orphaned
287078508,2,2,1,TRUE,FALSE,FALSE,1,other
287078525,5,3,3,FALSE,TRUE,FALSE,1,completed
287078548,1,0,1,FALSE,FALSE,TRUE,0,still_orphaned
287078704,1,0,1,FALSE,FALSE,TRUE,0,still_orphaned
287078730,1,0,1,FALSE,FALSE,TRUE,0,still_orphaned
287078740,4,4,2,TRUE,FALSE,FALSE,2,other
287078784,1,2,1,FALSE,FALSE,TRUE,2,still_orphaned
287078790,1,0,1,FALSE,FALSE,TRUE,0,still_orphaned
287079047,3,5,2,FALSE,FALSE,FALSE,4,still_orphaned
287079052,3,4,2,FALSE,FALSE,FALSE,3,still_orphaned
287079158,5,6,3,FALSE,FALSE,FALSE,4,still_orphaned
287079347,2,2,1,TRUE,FALSE,FALSE,1,other
287079383,4,3,2,TRUE,FALSE,FALSE,1,other
287079548,2,2,1,TRUE,FALSE,FALSE,1,other
287079626,1,0,1,FALSE,FALSE,TRUE,0,still_orphaned
287079854,2,3,1,TRUE,FALSE,FALSE,2,other
287080373,3,3,2,FALSE,FALSE,FALSE,2,still_orphaned
287080634,4,3,2,TRUE,FALSE,FALSE,1,other
287080694,3,3,2,FALSE,FALSE,FALSE,2,still_orphaned
287080944,2,2,1,TRUE,FALSE,FALSE,1,other
287080995,2,2,1,TRUE,FALSE,FALSE,1,other
287081109,3,6,2,FALSE,FALSE,FALSE,5,still_orphaned
287081130,4,4,2,TRUE,FALSE,FALSE,2,other
287081159,1,0,1,FALSE,FALSE,TRUE,0,still_orphaned
287081229,3,3,2,FALSE,FALSE,FALSE,2,still_orphaned
287081428,2,2,1,TRUE,FALSE,FALSE,1,other
287081451,1,2,1,FALSE,FALSE,TRUE,2,still_orphaned
287081498,1,3,1,FALSE,FALSE,TRUE,3,still_orphaned
287081518,1,2,1,FALSE,FALSE,TRUE,2,still_orphaned
287081942,1,0,1,FALSE,FALSE,TRUE,0,still_orphaned
287082114,1,2,1,FALSE,FALSE,TRUE,2,still_orphaned
287082170,1,2,1,FALSE,FALSE,TRUE,2,still_orphaned
287082257,1,3,1,FALSE,FALSE,TRUE,3,still_orphaned
287082334,1,2,1,FALSE,FALSE,TRUE,2,still_orphaned
287082578,3,2,2,FALSE,TRUE,FALSE,1,completed
287082581,4,5,2,TRUE,FALSE,FALSE,3,other
287082784,2,1,1,TRUE,TRUE,FALSE,0,already_paired
287082895,3,1,2,FALSE,FALSE,FALSE,0,still_orphaned
287083096,2,2,1,TRUE,FALSE,FALSE,1,other
287083918,3,1,2,FALSE,FALSE,FALSE,0,still_orphaned
287106735,2,2,1,TRUE,FALSE,FALSE,1,other
287106803,1,0,1,FALSE,FALSE,TRUE,0,still_orphaned
287106882,3,1,2,FALSE,FALSE,FALSE,0,still_orphaned
287107341,2,3,1,TRUE,FALSE,FALSE,2,other
287107529,1,0,1,FALSE,FALSE,TRUE,0,still_orphaned
287107577,3,2,2,FALSE,TRUE,FALSE,1,completed
287107681,2,2,1,TRUE,FALSE,FALSE,1,other
287107841,3,2,2,FALSE,TRUE,FALSE,1,completed
287108110,5,4,3,FALSE,FALSE,FALSE,2,still_orphaned
287108160,2,2,1,TRUE,FALSE,FALSE,1,other
287108400,1,0,1,FALSE,FALSE,TRUE,0,still_orphaned
287108428,4,4,2,TRUE,FALSE,FALSE,2,other
287108502,3,2,2,FALSE,TRUE,FALSE,1,completed
287108690,1,2,1,FALSE,FALSE,TRUE,2,still_orphaned
287108691,8,6,4,TRUE,FALSE,FALSE,2,other
287108841,1,0,1,FALSE,FALSE,TRUE,0,still_orphaned
287108874,4,3,2,TRUE,FALSE,FALSE,1,other
287109097,1,0,1,FALSE,FALSE,TRUE,0,still_orphaned
287109110,6,5,3,TRUE,FALSE,FALSE,2,other
287109156,1,4,1,FALSE,FALSE,TRUE,4,still_orphaned
287109184,4,3,2,TRUE,FALSE,FALSE,1,other
287109280,1,0,1,FALSE,FALSE,TRUE,0,still_orphaned
287109285,3,3,2,FALSE,FALSE,FALSE,2,still_orphaned
287109472,3,4,2,FALSE,FALSE,FALSE,3,still_orphaned
287109576,2,2,1,TRUE,FALSE,FALSE,1,other
287109710,3,4,2,FALSE,FALSE,FALSE,3,still_orphaned
287109831,1,2,1,FALSE,FALSE,TRUE,2,still_orphaned
287109971,5,4,3,FALSE,FALSE,FALSE,2,still_orphaned
287110369,6,5,3,TRUE,FALSE,FALSE,2,other
287110400,4,3,2,TRUE,FALSE,FALSE,1,other
287110436,2,3,1,TRUE,FALSE,FALSE,2,other
287110442,1,0,1,FALSE,FALSE,TRUE,0,still_orphaned
287110630,2,3,1,TRUE,FALSE,FALSE,2,other
287110823,4,4,2,TRUE,FALSE,FALSE,2,other
287110965,1,0,1,FALSE,FALSE,TRUE,0,still_orphaned
287111007,2,2,1,TRUE,FALSE,FALSE,1,other
287111273,5,5,3,FALSE,FALSE,FALSE,3,still_orphaned
287111348,2,2,1,TRUE,FALSE,FALSE,1,other
287111422,6,5,3,TRUE,FALSE,FALSE,2,other
287111466,1,0,1,FALSE,FALSE,TRUE,0,still_orphaned
287111603,4,5,2,TRUE,FALSE,FALSE,3,other
287111762,2,2,1,TRUE,FALSE,FALSE,1,other
287111912,2,2,1,TRUE,FALSE,FALSE,1,other
287111955,6,5,3,TRUE,FALSE,FALSE,2,other
287112046,2,1,1,TRUE,TRUE,FALSE,0,already_paired
287112184,5,4,3,FALSE,FALSE,FALSE,2,still_orphaned
287112285,2,1,1,TRUE,TRUE,FALSE,0,already_paired
287112355,1,2,1,FALSE,FALSE,TRUE,2,still_orphaned
287112360,2,2,1,TRUE,FALSE,FALSE,1,other
287112511,4,2,2,TRUE,TRUE,FALSE,0,already_paired
287112863,5,3,3,FALSE,TRUE,FALSE,1,completed
287112949,1,1,1,FALSE,TRUE,TRUE,1,completed
287113129,3,1,2,FALSE,FALSE,FALSE,0,still_orphaned
287113225,5,4,3,FALSE,FALSE,FALSE,2,still_orphaned
287113306,1,0,1,FALSE,FALSE,TRUE,0,still_orphaned
287113368,3,2,2,FALSE,TRUE,FALSE,1,completed
287113483,4,5,2,TRUE,FALSE,FALSE,3,other
287113756,1,0,1,FALSE,FALSE,TRUE,0,still_orphaned
287113889,6,7,3,TRUE,FALSE,FALSE,4,other
287113957,2,2,1,TRUE,FALSE,FALSE,1,other
287114218,5,4,3,FALSE,FALSE,FALSE,2,still_orphaned
287114358,3,5,2,FALSE,FALSE,FALSE,4,still_orphaned
287114359,2,2,1,TRUE,FALSE,FALSE,1,other
287114385,1,2,1,FALSE,FALSE,TRUE,2,still_orphaned
287114599,1,2,1,FALSE,FALSE,TRUE,2,still_orphaned
287114694,2,2,1,TRUE,FALSE,FALSE,1,other
287114916,1,2,1,FALSE,FALSE,TRUE,2,still_orphaned
287115213,1,4,1,FALSE,FALSE,TRUE,4,still_orphaned
287115235,1,2,1,FALSE,FALSE,TRUE,2,still_orphaned
287115344,5,5,3,FALSE,FALSE,FALSE,3,still_orphaned
287115358,1,3,1,FALSE,FALSE,TRUE,3,still_orphaned
287116261,5,3,3,FALSE,TRUE,FALSE,1,completed
287116350,1,0,1,FALSE,FALSE,TRUE,0,still_orphaned
287116672,1,1,1,FALSE,TRUE,TRUE,1,completed
287116793,2,3,1,TRUE,FALSE,FALSE,2,other
287116960,4,5,2,TRUE,FALSE,FALSE,3,other
287117339,2,2,1,TRUE,FALSE,FALSE,1,other
287117348,1,2,1,FALSE,FALSE,TRUE,2,still_orphaned
287117413,4,4,2,TRUE,FALSE,FALSE,2,other
287117792,2,1,1,TRUE,TRUE,FALSE,0,already_paired
287117893,1,2,1,FALSE,FALSE,TRUE,2,still_orphaned
287117982,2,3,1,TRUE,FALSE,FALSE,2,other
287118052,4,4,2,TRUE,FALSE,FALSE,2,other
287118095,2,2,1,TRUE,FALSE,FALSE,1,other
287118439,5,4,3,FALSE,FALSE,FALSE,2,still_orphaned
287118508,1,0,1,FALSE,FALSE,TRUE,0,still_orphaned
287119167,5,2,3,FALSE,FALSE,FALSE,0,still_orphaned
287119246,3,2,2,FALSE,TRUE,FALSE,1,completed
287119263,5,6,3,FALSE,FALSE,FALSE,4,still_orphaned
287119276,3,5,2,FALSE,FALSE,FALSE,4,still_orphaned
287120188,1,0,1,FALSE,FALSE,TRUE,0,still_orphaned
287120208,3,4,2,FALSE,FALSE,FALSE,3,still_orphaned
287120252,4,5,2,TRUE,FALSE,FALSE,3,other
287120574,8,7,4,TRUE,FALSE,FALSE,3,other
287120837,1,2,1,FALSE,FALSE,TRUE,2,still_orphaned
287121018,1,2,1,FALSE,FALSE,TRUE,2,still_orphaned
287121160,2,2,1,TRUE,FALSE,FALSE,1,other
287121202,2,1,1,TRUE,TRUE,FALSE,0,already_paired
287121229,4,4,2,TRUE,FALSE,FALSE,2,other
287121318,1,2,1,FALSE,FALSE,TRUE,2,still_orphaned
287121338,2,1,1,TRUE,TRUE,FALSE,0,already_paired
287121518,2,1,1,TRUE,TRUE,FALSE,0,already_paired
287121520,4,3,2,TRUE,FALSE,FALSE,1,other
287122094,1,3,1,FALSE,FALSE,TRUE,3,still_orphaned
287122222,1,0,1,FALSE,FALSE,TRUE,0,still_orphaned
287122365,1,2,1,FALSE,FALSE,TRUE,2,still_orphaned
287122557,1,0,1,FALSE,FALSE,TRUE,0,still_orphaned
287122581,3,4,2,FALSE,FALSE,FALSE,3,still_orphaned
287122779,5,5,3,FALSE,FALSE,FALSE,3,still_orphaned
287122940,5,4,3,FALSE,FALSE,FALSE,2,still_orphaned
287123130,1,3,1,FALSE,FALSE,TRUE,3,still_orphaned
287123148,5,5,3,FALSE,FALSE,FALSE,3,still_orphaned
287123503,3,2,2,FALSE,TRUE,FALSE,1,completed
287123647,5,4,3,FALSE,FALSE,FALSE,2,still_orphaned
287123664,3,2,2,FALSE,TRUE,FALSE,1,completed
287123733,2,2,1,TRUE,FALSE,FALSE,1,other
287123841,2,1,1,TRUE,TRUE,FALSE,0,already_paired
287124018,4,5,2,TRUE,FALSE,FALSE,3,other
287124089,1,0,1,FALSE,FALSE,TRUE,0,still_orphaned
287124104,1,2,1,FALSE,FALSE,TRUE,2,still_orphaned
287124161,3,2,2,FALSE,TRUE,FALSE,1,completed
287124181,2,2,1,TRUE,FALSE,FALSE,1,other
287124317,7,7,4,FALSE,FALSE,FALSE,4,still_orphaned
287124326,2,2,1,TRUE,FALSE,FALSE,1,other
287124453,6,3,3,TRUE,TRUE,FALSE,0,already_paired
287124598,1,2,1,FALSE,FALSE,TRUE,2,still_orphaned
287124864,3,2,2,FALSE,TRUE,FALSE,1,completed
287124879,2,2,1,TRUE,FALSE,FALSE,1,other
287124980,2,2,1,TRUE,FALSE,FALSE,1,other
287125051,3,4,2,FALSE,FALSE,FALSE,3,still_orphaned
287125161,3,3,2,FALSE,FALSE,FALSE,2,still_orphaned
287125203,7,5,4,FALSE,FALSE,FALSE,2,still_orphaned
287125932,3,3,2,FALSE,FALSE,FALSE,2,still_orphaned
287126053,6,5,3,TRUE,FALSE,FALSE,2,other
287126141,2,3,1,TRUE,FALSE,FALSE,2,other
287126296,1,2,1,FALSE,FALSE,TRUE,2,still_orphaned
287126399,4,3,2,TRUE,FALSE,FALSE,1,other
287126494,1,3,1,FALSE,FALSE,TRUE,3,still_orphaned
287126972,1,2,1,FALSE,FALSE,TRUE,2,still_orphaned
287127038,1,0,1,FALSE,FALSE,TRUE,0,still_orphaned
287127069,2,3,1,TRUE,FALSE,FALSE,2,other
287127126,1,2,1,FALSE,FALSE,TRUE,2,still_orphaned
287127183,2,2,1,TRUE,FALSE,FALSE,1,other
287127565,3,3,2,FALSE,FALSE,FALSE,2,still_orphaned
287127632,4,3,2,TRUE,FALSE,FALSE,1,other
287127783,1,2,1,FALSE,FALSE,TRUE,2,still_orphaned
287127881,4,3,2,TRUE,FALSE,FALSE,1,other
287127963,5,5,3,FALSE,FALSE,FALSE,3,still_orphaned
287128122,4,5,2,TRUE,FALSE,FALSE,3,other
287128139,1,0,1,FALSE,FALSE,TRUE,0,still_orphaned
287128237,1,0,1,FALSE,FALSE,TRUE,0,still_orphaned
287128585,2,2,1,TRUE,FALSE,FALSE,1,other
287128635,1,3,1,FALSE,FALSE,TRUE,3,still_orphaned
287128664,4,4,2,TRUE,FALSE,FALSE,2,other
287128742,2,2,1,TRUE,FALSE,FALSE,1,other
287128841,2,3,1,TRUE,FALSE,FALSE,2,other
287128850,2,2,1,TRUE,FALSE,FALSE,1,other
287128922,3,5,2,FALSE,FALSE,FALSE,4,still_orphaned
287129064,2,2,1,TRUE,FALSE,FALSE,1,other
287129394,1,2,1,FALSE,FALSE,TRUE,2,still_orphaned
287129498,2,2,1,TRUE,FALSE,FALSE,1,other
287129514,5,3,3,FALSE,TRUE,FALSE,1,completed
287129655,4,3,2,TRUE,FALSE,FALSE,1,other
287129685,4,4,2,TRUE,FALSE,FALSE,2,other
287129740,3,3,2,FALSE,FALSE,FALSE,2,still_orphaned
287129902,4,2,2,TRUE,TRUE,FALSE,0,already_paired
287129939,3,2,2,FALSE,TRUE,FALSE,1,completed
287130050,1,3,1,FALSE,FALSE,TRUE,3,still_orphaned
287130329,4,5,2,TRUE,FALSE,FALSE,3,other
287130405,1,0,1,FALSE,FALSE,TRUE,0,still_orphaned
287130581,2,3,1,TRUE,FALSE,FALSE,2,other
287130641,2,2,1,TRUE,FALSE,FALSE,1,other
287130941,2,2,1,TRUE,FALSE,FALSE,1,other
287130997,2,2,1,TRUE,FALSE,FALSE,1,other
287131099,7,7,4,FALSE,FALSE,FALSE,4,still_orphaned
287131170,5,6,3,FALSE,FALSE,FALSE,4,still_orphaned
287131187,1,2,1,FALSE,FALSE,TRUE,2,still_orphaned
287131236,5,6,3,FALSE,FALSE,FALSE,4,still_orphaned
287131287,4,5,2,TRUE,FALSE,FALSE,3,other
287131316,4,4,2,TRUE,FALSE,FALSE,2,other
287131335,4,4,2,TRUE,FALSE,FALSE,2,other
287131361,2,3,1,TRUE,FALSE,FALSE,2,other
287131684,4,3,2,TRUE,FALSE,FALSE,1,other
287131716,2,1,1,TRUE,TRUE,FALSE,0,already_paired
287131996,1,0,1,FALSE,FALSE,TRUE,0,still_orphaned
287132174,2,3,1,TRUE,FALSE,FALSE,2,other
287132192,1,0,1,FALSE,FALSE,TRUE,0,still_orphaned
287132322,1,2,1,FALSE,FALSE,TRUE,2,still_orphaned
287132435,3,1,2,FALSE,FALSE,FALSE,0,still_orphaned
287132473,3,4,2,FALSE,FALSE,FALSE,3,still_orphaned
287132546,2,2,1,TRUE,FALSE,FALSE,1,other
287133063,2,2,1,TRUE,FALSE,FALSE,1,other
287133070,2,2,1,TRUE,FALSE,FALSE,1,other
287133218,5,5,3,FALSE,FALSE,FALSE,3,still_orphaned
287133314,3,4,2,FALSE,FALSE,FALSE,3,still_orphaned
287133331,2,2,1,TRUE,FALSE,FALSE,1,other
287133392,7,6,4,FALSE,FALSE,FALSE,3,still_orphaned
287133582,2,2,1,TRUE,FALSE,FALSE,1,other
287133663,5,4,3,FALSE,FALSE,FALSE,2,still_orphaned
287133677,2,1,1,TRUE,TRUE,FALSE,0,already_paired
287133734,2,3,1,TRUE,FALSE,FALSE,2,other
287133830,3,4,2,FALSE,FALSE,FALSE,3,still_orphaned
287133890,1,2,1,FALSE,FALSE,TRUE,2,still_orphaned
287134079,2,2,1,TRUE,FALSE,FALSE,1,other
287134428,4,4,2,TRUE,FALSE,FALSE,2,other
287134581,1,2,1,FALSE,FALSE,TRUE,2,still_orphaned
287134736,2,3,1,TRUE,FALSE,FALSE,2,other
287134751,1,0,1,FALSE,FALSE,TRUE,0,still_orphaned
287134857,4,3,2,TRUE,FALSE,FALSE,1,other
287134858,2,1,1,TRUE,TRUE,FALSE,0,already_paired
287134891,8,8,4,TRUE,FALSE,FALSE,4,other
287134993,3,2,2,FALSE,TRUE,FALSE,1,completed
287135428,5,4,3,FALSE,FALSE,FALSE,2,still_orphaned
287135554,3,2,2,FALSE,TRUE,FALSE,1,completed
287135570,4,3,2,TRUE,FALSE,FALSE,1,other
287135963,1,0,1,FALSE,FALSE,TRUE,0,still_orphaned
287136054,1,2,1,FALSE,FALSE,TRUE,2,still_orphaned
287136123,1,2,1,FALSE,FALSE,TRUE,2,still_orphaned
287143089,2,1,1,TRUE,TRUE,FALSE,0,already_paired
287143410,3,2,2,FALSE,TRUE,FALSE,1,completed
287143747,5,5,3,FALSE,FALSE,FALSE,3,still_orphaned
287143860,5,3,3,FALSE,TRUE,FALSE,1,completed
287143919,2,2,1,TRUE,FALSE,FALSE,1,other
287143992,4,4,2,TRUE,FALSE,FALSE,2,other
287144307,1,2,1,FALSE,FALSE,TRUE,2,still_orphaned
287144317,2,1,1,TRUE,TRUE,FALSE,0,already_paired
287144515,2,3,1,TRUE,FALSE,FALSE,2,other
287144575,2,3,1,TRUE,FALSE,FALSE,2,other
287144637,2,1,1,TRUE,TRUE,FALSE,0,already_paired
287144813,4,4,2,TRUE,FALSE,FALSE,2,other
287144840,2,1,1,TRUE,TRUE,FALSE,0,already_paired
287145059,4,3,2,TRUE,FALSE,FALSE,1,other
287145065,2,2,1,TRUE,FALSE,FALSE,1,other
287145301,4,2,2,TRUE,TRUE,FALSE,0,already_paired
287145330,3,3,2,FALSE,FALSE,FALSE,2,still_orphaned
287145333,2,2,1,TRUE,FALSE,FALSE,1,other
287145446,3,4,2,FALSE,FALSE,FALSE,3,still_orphaned
287145449,1,0,1,FALSE,FALSE,TRUE,0,still_orphaned
287145563,2,2,1,TRUE,FALSE,FALSE,1,other
287145586,1,2,1,FALSE,FALSE,TRUE,2,still_orphaned
287145651,2,4,1,TRUE,FALSE,FALSE,3,other
287145807,3,4,2,FALSE,FALSE,FALSE,3,still_orphaned
287145909,3,2,2,FALSE,TRUE,FALSE,1,completed
287145947,3,5,2,FALSE,FALSE,FALSE,4,still_orphaned
287146379,1,2,1,FALSE,FALSE,TRUE,2,still_orphaned
287146586,2,2,1,TRUE,FALSE,FALSE,1,other
287146633,3,3,2,FALSE,FALSE,FALSE,2,still_orphaned
287146689,3,5,2,FALSE,FALSE,FALSE,4,still_orphaned
287146737,1,0,1,FALSE,FALSE,TRUE,0,still_orphaned
287146992,2,2,1,TRUE,FALSE,FALSE,1,other
287147005,1,0,1,FALSE,FALSE,TRUE,0,still_orphaned
287147176,3,2,2,FALSE,TRUE,FALSE,1,completed
287147203,3,4,2,FALSE,FALSE,FALSE,3,still_orphaned
287147249,3,3,2,FALSE,FALSE,FALSE,2,still_orphaned
287147350,3,1,2,FALSE,FALSE,FALSE,0,still_orphaned
287147368,2,2,1,TRUE,FALSE,FALSE,1,other
287147785,4,3,2,TRUE,FALSE,FALSE,1,other
287147911,1,2,1,FALSE,FALSE,TRUE,2,still_orphaned
287147934,1,2,1,FALSE,FALSE,TRUE,2,still_orphaned
287148363,2,3,1,TRUE,FALSE,FALSE,2,other
287148365,2,2,1,TRUE,FALSE,FALSE,1,other
287148421,3,3,2,FALSE,FALSE,FALSE,2,still_orphaned
287148772,1,2,1,FALSE,FALSE,TRUE,2,still_orphaned
287148810,6,7,3,TRUE,FALSE,FALSE,4,other
287149154,1,0,1,FALSE,FALSE,TRUE,0,still_orphaned
287149314,3,3,2,FALSE,FALSE,FALSE,2,still_orphaned
287149738,2,3,1,TRUE,FALSE,FALSE,2,other
287149763,1,0,1,FALSE,FALSE,TRUE,0,still_orphaned
287149850,6,5,3,TRUE,FALSE,FALSE,2,other
287149899,3,3,2,FALSE,FALSE,FALSE,2,still_orphaned
287150231,5,4,3,FALSE,FALSE,FALSE,2,still_orphaned
287150239,3,6,2,FALSE,FALSE,FALSE,5,still_orphaned
287150430,2,3,1,TRUE,FALSE,FALSE,2,other
287150482,4,3,2,TRUE,FALSE,FALSE,1,other
287150553,3,3,2,FALSE,FALSE,FALSE,2,still_orphaned
287150801,2,1,1,TRUE,TRUE,FALSE,0,already_paired
287150931,5,7,3,FALSE,FALSE,FALSE,5,still_orphaned
287151007,2,3,1,TRUE,FALSE,FALSE,2,other
287151131,2,3,1,TRUE,FALSE,FALSE,2,other
287151255,2,2,1,TRUE,FALSE,FALSE,1,other
287151315,3,5,2,FALSE,FALSE,FALSE,4,still_orphaned
287151489,9,5,5,FALSE,TRUE,FALSE,1,completed
287151694,3,1,2,FALSE,FALSE,FALSE,0,still_orphaned
287151974,5,4,3,FALSE,FALSE,FALSE,2,still_orphaned
287152205,2,2,1,TRUE,FALSE,FALSE,1,other
287152240,4,3,2,TRUE,FALSE,FALSE,1,other
287152558,3,5,2,FALSE,FALSE,FALSE,4,still_orphaned
287152748,4,6,2,TRUE,FALSE,FALSE,4,other
287153214,3,5,2,FALSE,FALSE,FALSE,4,still_orphaned
287153542,3,2,2,FALSE,TRUE,FALSE,1,completed
287153687,2,2,1,TRUE,FALSE,FALSE,1,other
287153823,1,3,1,FALSE,FALSE,TRUE,3,still_orphaned
287153943,4,6,2,TRUE,FALSE,FALSE,4,other
287153950,2,2,1,TRUE,FALSE,FALSE,1,other
287154236,1,2,1,FALSE,FALSE,TRUE,2,still_orphaned
287154271,1,2,1,FALSE,FALSE,TRUE,2,still_orphaned
287154295,2,1,1,TRUE,TRUE,FALSE,0,already_paired
287154298,3,5,2,FALSE,FALSE,FALSE,4,still_orphaned
287154652,4,4,2,TRUE,FALSE,FALSE,2,other
287154901,5,4,3,FALSE,FALSE,FALSE,2,still_orphaned
287154902,2,2,1,TRUE,FALSE,FALSE,1,other
287155304,4,5,2,TRUE,FALSE,FALSE,3,other
287155967,3,1,2,FALSE,FALSE,FALSE,0,still_orphaned
287155999,5,3,3,FALSE,TRUE,FALSE,1,completed
287156073,1,0,1,FALSE,FALSE,TRUE,0,still_orphaned
287156100,5,6,3,FALSE,FALSE,FALSE,4,still_orphaned
287156600,4,5,2,TRUE,FALSE,FALSE,3,other
287156640,3,3,2,FALSE,FALSE,FALSE,2,still_orphaned
287156823,4,4,2,TRUE,FALSE,FALSE,2,other
287156869,3,3,2,FALSE,FALSE,FALSE,2,still_orphaned
287157049,3,3,2,FALSE,FALSE,FALSE,2,still_orphaned
287157153,3,3,2,FALSE,FALSE,FALSE,2,still_orphaned
287157225,3,4,2,FALSE,FALSE,FALSE,3,still_orphaned
287157300,2,2,1,TRUE,FALSE,FALSE,1,other
287157330,3,2,2,FALSE,TRUE,FALSE,1,completed
287157436,1,0,1,FALSE,FALSE,TRUE,0,still_orphaned
287157584,1,3,1,FALSE,FALSE,TRUE,3,still_orphaned
287157834,3,2,2,FALSE,TRUE,FALSE,1,completed
287158024,1,0,1,FALSE,FALSE,TRUE,0,still_orphaned
287158096,5,6,3,FALSE,FALSE,FALSE,4,still_orphaned
287158445,3,5,2,FALSE,FALSE,FALSE,4,still_orphaned
287158802,3,4,2,FALSE,FALSE,FALSE,3,still_orphaned
287158894,3,2,2,FALSE,TRUE,FALSE,1,completed
287158957,2,3,1,TRUE,FALSE,FALSE,2,other
287159162,3,5,2,FALSE,FALSE,FALSE,4,still_orphaned
287159246,2,1,1,TRUE,TRUE,FALSE,0,already_paired
287159411,4,4,2,TRUE,FALSE,FALSE,2,other
287159557,4,5,2,TRUE,FALSE,FALSE,3,other
287159625,4,3,2,TRUE,FALSE,FALSE,1,other
287159670,4,6,2,TRUE,FALSE,FALSE,4,other
287159837,5,5,3,FALSE,FALSE,FALSE,3,still_orphaned
287159923,3,2,2,FALSE,TRUE,FALSE,1,completed
287159929,3,3,2,FALSE,FALSE,FALSE,2,still_orphaned
287160280,3,2,2,FALSE,TRUE,FALSE,1,completed
287160304,3,6,2,FALSE,FALSE,FALSE,5,still_orphaned
287160378,1,2,1,FALSE,FALSE,TRUE,2,still_orphaned
287160501,4,5,2,TRUE,FALSE,FALSE,3,other
287160639,2,2,1,TRUE,FALSE,FALSE,1,other
287160790,3,3,2,FALSE,FALSE,FALSE,2,still_orphaned
287160921,2,3,1,TRUE,FALSE,FALSE,2,other
287161212,2,4,1,TRUE,FALSE,FALSE,3,other
287161240,4,4,2,TRUE,FALSE,FALSE,2,other
287161629,2,2,1,TRUE,FALSE,FALSE,1,other
287161776,5,5,3,FALSE,FALSE,FALSE,3,still_orphaned
287161783,1,2,1,FALSE,FALSE,TRUE,2,still_orphaned
287161820,3,2,2,FALSE,TRUE,FALSE,1,completed
287161954,4,5,2,TRUE,FALSE,FALSE,3,other
287162021,3,2,2,FALSE,TRUE,FALSE,1,completed
287162352,6,5,3,TRUE,FALSE,FALSE,2,other
287162435,10,6,5,TRUE,FALSE,FALSE,1,other
287162912,2,2,1,TRUE,FALSE,FALSE,1,other
287163079,1,3,1,FALSE,FALSE,TRUE,3,still_orphaned
287163120,1,2,1,FALSE,FALSE,TRUE,2,still_orphaned
287163362,2,2,1,TRUE,FALSE,FALSE,1,other
287163366,3,2,2,FALSE,TRUE,FALSE,1,completed
287163418,4,4,2,TRUE,FALSE,FALSE,2,other
287163549,4,4,2,TRUE,FALSE,FALSE,2,other
287163639,7,6,4,FALSE,FALSE,FALSE,3,still_orphaned
287163689,2,3,1,TRUE,FALSE,FALSE,2,other
287163795,5,7,3,FALSE,FALSE,FALSE,5,still_orphaned
287164118,4,3,2,TRUE,FALSE,FALSE,1,other
287164281,6,5,3,TRUE,FALSE,FALSE,2,other
287164356,1,0,1,FALSE,FALSE,TRUE,0,still_orphaned
287164379,2,2,1,TRUE,FALSE,FALSE,1,other
287164449,4,5,2,TRUE,FALSE,FALSE,3,other
287164692,3,3,2,FALSE,FALSE,FALSE,2,still_orphaned
287165204,4,3,2,TRUE,FALSE,FALSE,1,other
287165232,2,2,1,TRUE,FALSE,FALSE,1,other
287165320,2,2,1,TRUE,FALSE,FALSE,1,other
287165428,6,6,3,TRUE,FALSE,FALSE,3,other
287165445,2,2,1,TRUE,FALSE,FALSE,1,other
287165521,3,4,2,FALSE,FALSE,FALSE,3,still_orphaned
287165718,3,2,2,FALSE,TRUE,FALSE,1,completed
287165751,2,2,1,TRUE,FALSE,FALSE,1,other
287165789,6,7,3,TRUE,FALSE,FALSE,4,other
287166048,4,3,2,TRUE,FALSE,FALSE,1,other
287166102,1,0,1,FALSE,FALSE,TRUE,0,still_orphaned
287166168,3,3,2,FALSE,FALSE,FALSE,2,still_orphaned
287166181,6,5,3,TRUE,FALSE,FALSE,2,other
287166472,5,5,3,FALSE,FALSE,FALSE,3,still_orphaned
287166705,2,2,1,TRUE,FALSE,FALSE,1,other
287166714,3,2,2,FALSE,TRUE,FALSE,1,completed
287166961,4,5,2,TRUE,FALSE,FALSE,3,other
287167234,4,5,2,TRUE,FALSE,FALSE,3,other
287167372,4,4,2,TRUE,FALSE,FALSE,2,other
287167383,5,3,3,FALSE,TRUE,FALSE,1,completed
287167478,4,6,2,TRUE,FALSE,FALSE,4,other
287167662,2,3,1,TRUE,FALSE,FALSE,2,other
287167758,2,1,1,TRUE,TRUE,FALSE,0,already_paired
287167772,4,3,2,TRUE,FALSE,FALSE,1,other
287167917,2,4,1,TRUE,FALSE,FALSE,3,other
287167955,2,3,1,TRUE,FALSE,FALSE,2,other
287167963,1,0,1,FALSE,FALSE,TRUE,0,still_orphaned
287168005,2,1,1,TRUE,TRUE,FALSE,0,already_paired
287168225,4,5,2,TRUE,FALSE,FALSE,3,other
287168343,6,6,3,TRUE,FALSE,FALSE,3,other
287168428,3,3,2,FALSE,FALSE,FALSE,2,still_orphaned
287168620,3,5,2,FALSE,FALSE,FALSE,4,still_orphaned
287168757,2,1,1,TRUE,TRUE,FALSE,0,already_paired
287168812,1,0,1,FALSE,FALSE,TRUE,0,still_orphaned
287168865,3,4,2,FALSE,FALSE,FALSE,3,still_orphaned
287169031,3,5,2,FALSE,FALSE,FALSE,4,still_orphaned
287169266,1,3,1,FALSE,FALSE,TRUE,3,still_orphaned
287169579,1,0,1,FALSE,FALSE,TRUE,0,still_orphaned
287169709,6,5,3,TRUE,FALSE,FALSE,2,other
287170385,3,2,2,FALSE,TRUE,FALSE,1,completed
287170400,2,2,1,TRUE,FALSE,FALSE,1,other
287170433,5,5,3,FALSE,FALSE,FALSE,3,still_orphaned
287171007,5,4,3,FALSE,FALSE,FALSE,2,still_orphaned
287171104,3,4,2,FALSE,FALSE,FALSE,3,still_orphaned
287171285,2,2,1,TRUE,FALSE,FALSE,1,other
287171391,3,6,2,FALSE,FALSE,FALSE,5,still_orphaned
287171503,3,4,2,FALSE,FALSE,FALSE,3,still_orphaned
287171569,5,5,3,FALSE,FALSE,FALSE,3,still_orphaned
287171836,2,1,1,TRUE,TRUE,FALSE,0,already_paired
287171907,3,2,2,FALSE,TRUE,FALSE,1,completed
287171940,1,0,1,FALSE,FALSE,TRUE,0,still_orphaned
287172057,4,2,2,TRUE,TRUE,FALSE,0,already_paired
287172076,4,3,2,TRUE,FALSE,FALSE,1,other
287172168,3,6,2,FALSE,FALSE,FALSE,5,still_orphaned
287172270,3,5,2,FALSE,FALSE,FALSE,4,still_orphaned
287172512,5,5,3,FALSE,FALSE,FALSE,3,still_orphaned
287172776,4,5,2,TRUE,FALSE,FALSE,3,other
287172920,4,2,2,TRUE,TRUE,FALSE,0,already_paired
287172922,2,3,1,TRUE,FALSE,FALSE,2,other
287173164,1,2,1,FALSE,FALSE,TRUE,2,still_orphaned
287173407,1,0,1,FALSE,FALSE,TRUE,0,still_orphaned
287173894,1,2,1,FALSE,FALSE,TRUE,2,still_orphaned
287173976,3,4,2,FALSE,FALSE,FALSE,3,still_orphaned
287198410,2,4,1,TRUE,FALSE,FALSE,3,other
287198538,1,0,1,FALSE,FALSE,TRUE,0,still_orphaned
287198767,3,1,2,FALSE,FALSE,FALSE,0,still_orphaned
287199044,1,2,1,FALSE,FALSE,TRUE,2,still_orphaned
287199231,4,4,2,TRUE,FALSE,FALSE,2,other
287199243,5,4,3,FALSE,FALSE,FALSE,2,still_orphaned
287199306,1,2,1,FALSE,FALSE,TRUE,2,still_orphaned
287199675,7,6,4,FALSE,FALSE,FALSE,3,still_orphaned
287199716,8,7,4,TRUE,FALSE,FALSE,3,other
287199820,1,0,1,FALSE,FALSE,TRUE,0,still_orphaned
287200076,5,5,3,FALSE,FALSE,FALSE,3,still_orphaned
287200138,4,2,2,TRUE,TRUE,FALSE,0,already_paired
287200254,1,0,1,FALSE,FALSE,TRUE,0,still_orphaned
287200584,4,4,2,TRUE,FALSE,FALSE,2,other
287200626,4,4,2,TRUE,FALSE,FALSE,2,other
287200671,3,5,2,FALSE,FALSE,FALSE,4,still_orphaned
287200677,2,2,1,TRUE,FALSE,FALSE,1,other
287200899,4,5,2,TRUE,FALSE,FALSE,3,other
287200936,7,4,4,FALSE,TRUE,FALSE,1,completed
287201063,3,2,2,FALSE,TRUE,FALSE,1,completed
287201137,1,3,1,FALSE,FALSE,TRUE,3,still_orphaned
287201293,2,3,1,TRUE,FALSE,FALSE,2,other
287201521,3,3,2,FALSE,FALSE,FALSE,2,still_orphaned
287201550,7,7,4,FALSE,FALSE,FALSE,4,still_orphaned
287201566,4,2,2,TRUE,TRUE,FALSE,0,already_paired
287201767,2,1,1,TRUE,TRUE,FALSE,0,already_paired
287201804,4,4,2,TRUE,FALSE,FALSE,2,other
287202195,5,5,3,FALSE,FALSE,FALSE,3,still_orphaned
287202264,3,2,2,FALSE,TRUE,FALSE,1,completed
287202308,5,6,3,FALSE,FALSE,FALSE,4,still_orphaned
287202322,2,3,1,TRUE,FALSE,FALSE,2,other
287202384,2,1,1,TRUE,TRUE,FALSE,0,already_paired
287202387,2,1,1,TRUE,TRUE,FALSE,0,already_paired
287202433,2,3,1,TRUE,FALSE,FALSE,2,other
287202747,6,6,3,TRUE,FALSE,FALSE,3,other
287202783,3,5,2,FALSE,FALSE,FALSE,4,still_orphaned
287202878,1,0,1,FALSE,FALSE,TRUE,0,still_orphaned
287202887,2,2,1,TRUE,FALSE,FALSE,1,other
287203099,4,6,2,TRUE,FALSE,FALSE,4,other
287203157,5,5,3,FALSE,FALSE,FALSE,3,still_orphaned
287203291,5,4,3,FALSE,FALSE,FALSE,2,still_orphaned
287203456,3,2,2,FALSE,TRUE,FALSE,1,completed
287203859,2,3,1,TRUE,FALSE,FALSE,2,other
287204185,4,5,2,TRUE,FALSE,FALSE,3,other
287204395,2,3,1,TRUE,FALSE,FALSE,2,other
287204505,3,2,2,FALSE,TRUE,FALSE,1,completed
287204602,3,5,2,FALSE,FALSE,FALSE,4,still_orphaned
287204760,2,2,1,TRUE,FALSE,FALSE,1,other
287204876,2,2,1,TRUE,FALSE,FALSE,1,other
287204936,1,3,1,FALSE,FALSE,TRUE,3,still_orphaned
287205015,1,2,1,FALSE,FALSE,TRUE,2,still_orphaned
287205267,5,4,3,FALSE,FALSE,FALSE,2,still_orphaned
287205399,8,8,4,TRUE,FALSE,FALSE,4,other
287205452,1,0,1,FALSE,FALSE,TRUE,0,still_orphaned
287205933,5,2,3,FALSE,FALSE,FALSE,0,still_orphaned
287206557,5,5,3,FALSE,FALSE,FALSE,3,still_orphaned
287206558,4,3,2,TRUE,FALSE,FALSE,1,other
287207011,3,4,2,FALSE,FALSE,FALSE,3,still_orphaned
287207039,2,2,1,TRUE,FALSE,FALSE,1,other
287207101,2,2,1,TRUE,FALSE,FALSE,1,other
287207137,2,2,1,TRUE,FALSE,FALSE,1,other
287207182,3,2,2,FALSE,TRUE,FALSE,1,completed
287207577,5,3,3,FALSE,TRUE,FALSE,1,completed
287207806,5,6,3,FALSE,FALSE,FALSE,4,still_orphaned
287207874,1,0,1,FALSE,FALSE,TRUE,0,still_orphaned
287207917,5,3,3,FALSE,TRUE,FALSE,1,completed
287208461,1,3,1,FALSE,FALSE,TRUE,3,still_orphaned
287208520,2,3,1,TRUE,FALSE,FALSE,2,other
287208630,2,1,1,TRUE,TRUE,FALSE,0,already_paired
287208727,2,3,1,TRUE,FALSE,FALSE,2,other
287208855,2,2,1,TRUE,FALSE,FALSE,1,other
287208927,3,5,2,FALSE,FALSE,FALSE,4,still_orphaned
287209010,2,1,1,TRUE,TRUE,FALSE,0,already_paired
287209084,4,4,2,TRUE,FALSE,FALSE,2,other
287209191,7,6,4,FALSE,FALSE,FALSE,3,still_orphaned
287209365,3,5,2,FALSE,FALSE,FALSE,4,still_orphaned
287209886,3,2,2,FALSE,TRUE,FALSE,1,completed
287210288,2,1,1,TRUE,TRUE,FALSE,0,already_paired
287210488,4,6,2,TRUE,FALSE,FALSE,4,other
287210790,3,4,2,FALSE,FALSE,FALSE,3,still_orphaned
287210971,5,5,3,FALSE,FALSE,FALSE,3,still_orphaned
287211071,1,0,1,FALSE,FALSE,TRUE,0,still_orphaned
287211419,3,4,2,FALSE,FALSE,FALSE,3,still_orphaned
287211421,3,1,2,FALSE,FALSE,FALSE,0,still_orphaned
287211621,5,2,3,FALSE,FALSE,FALSE,0,still_orphaned
287211672,5,5,3,FALSE,FALSE,FALSE,3,still_orphaned
287212092,5,4,3,FALSE,FALSE,FALSE,2,still_orphaned
287212221,2,2,1,TRUE,FALSE,FALSE,1,other
287212380,4,4,2,TRUE,FALSE,FALSE,2,other
287212546,1,2,1,FALSE,FALSE,TRUE,2,still_orphaned
287212616,6,4,3,TRUE,FALSE,FALSE,1,other
287212814,5,3,3,FALSE,TRUE,FALSE,1,completed
287213008,2,3,1,TRUE,FALSE,FALSE,2,other
287213232,7,7,4,FALSE,FALSE,FALSE,4,still_orphaned
287213235,2,1,1,TRUE,TRUE,FALSE,0,already_paired
287213375,6,7,3,TRUE,FALSE,FALSE,4,other
287213432,4,4,2,TRUE,FALSE,FALSE,2,other
287213483,5,5,3,FALSE,FALSE,FALSE,3,still_orphaned
287213607,4,5,2,TRUE,FALSE,FALSE,3,other
287214097,1,0,1,FALSE,FALSE,TRUE,0,still_orphaned
287214276,2,2,1,TRUE,FALSE,FALSE,1,other
287214360,2,4,1,TRUE,FALSE,FALSE,3,other
287214683,2,1,1,TRUE,TRUE,FALSE,0,already_paired
287214689,5,4,3,FALSE,FALSE,FALSE,2,still_orphaned
287214945,2,2,1,TRUE,FALSE,FALSE,1,other
287215010,1,0,1,FALSE,FALSE,TRUE,0,still_orphaned
287215079,3,2,2,FALSE,TRUE,FALSE,1,completed
287215441,4,5,2,TRUE,FALSE,FALSE,3,other
287215565,4,3,2,TRUE,FALSE,FALSE,1,other
287215616,3,3,2,FALSE,FALSE,FALSE,2,still_orphaned
287215706,1,2,1,FALSE,FALSE,TRUE,2,still_orphaned
287215782,4,5,2,TRUE,FALSE,FALSE,3,other
287216251,6,4,3,TRUE,FALSE,FALSE,1,other
287216325,5,6,3,FALSE,FALSE,FALSE,4,still_orphaned
287216555,8,8,4,TRUE,FALSE,FALSE,4,other
287216630,2,2,1,TRUE,FALSE,FALSE,1,other
287216872,1,0,1,FALSE,FALSE,TRUE,0,still_orphaned
287217075,1,3,1,FALSE,FALSE,TRUE,3,still_orphaned
287217147,3,3,2,FALSE,FALSE,FALSE,2,still_orphaned
287217220,4,5,2,TRUE,FALSE,FALSE,3,other
287217230,1,2,1,FALSE,FALSE,TRUE,2,still_orphaned
287217242,2,3,1,TRUE,FALSE,FALSE,2,other
287217295,2,2,1,TRUE,FALSE,FALSE,1,other
287217397,4,3,2,TRUE,FALSE,FALSE,1,other
287217464,5,5,3,FALSE,FALSE,FALSE,3,still_orphaned
287217671,3,5,2,FALSE,FALSE,FALSE,4,still_orphaned
287217760,2,1,1,TRUE,TRUE,FALSE,0,already_paired
287217859,6,5,3,TRUE,FALSE,FALSE,2,other
287218163,2,2,1,TRUE,FALSE,FALSE,1,other
287218265,5,6,3,FALSE,FALSE,FALSE,4,still_orphaned
287218913,3,6,2,FALSE,FALSE,FALSE,5,still_orphaned
287218984,2,3,1,TRUE,FALSE,FALSE,2,other
287219196,2,1,1,TRUE,TRUE,FALSE,0,already_paired
287219205,2,3,1,TRUE,FALSE,FALSE,2,other
287219507,2,2,1,TRUE,FALSE,FALSE,1,other
287219618,2,1,1,TRUE,TRUE,FALSE,0,already_paired
287219781,4,4,2,TRUE,FALSE,FALSE,2,other
287220020,2,2,1,TRUE,FALSE,FALSE,1,other
287220169,2,2,1,TRUE,FALSE,FALSE,1,other
287220499,1,0,1,FALSE,FALSE,TRUE,0,still_orphaned
287220556,3,4,2,FALSE,FALSE,FALSE,3,still_orphaned
287220618,3,5,2,FALSE,FALSE,FALSE,4,still_orphaned
287220755,1,2,1,FALSE,FALSE,TRUE,2,still_orphaned
287220779,2,1,1,TRUE,TRUE,FALSE,0,already_paired
287220836,5,2,3,FALSE,FALSE,FALSE,0,still_orphaned
287221273,7,4,4,FALSE,TRUE,FALSE,1,completed
287221555,1,0,1,FALSE,FALSE,TRUE,0,still_orphaned
287221650,4,4,2,TRUE,FALSE,FALSE,2,other
287221767,7,7,4,FALSE,FALSE,FALSE,4,still_orphaned
287221914,2,2,1,TRUE,FALSE,FALSE,1,other
287222109,2,1,1,TRUE,TRUE,FALSE,0,already_paired
287222194,3,1,2,FALSE,FALSE,FALSE,0,still_orphaned
287222320,7,9,4,FALSE,FALSE,FALSE,6,still_orphaned
287222332,3,2,2,FALSE,TRUE,FALSE,1,completed
287222424,1,2,1,FALSE,FALSE,TRUE,2,still_orphaned
287222483,5,7,3,FALSE,FALSE,FALSE,5,still_orphaned
287222631,2,2,1,TRUE,FALSE,FALSE,1,other
287222857,1,2,1,FALSE,FALSE,TRUE,2,still_orphaned
287223056,4,4,2,TRUE,FALSE,FALSE,2,other
287223066,6,4,3,TRUE,FALSE,FALSE,1,other
287223273,1,0,1,FALSE,FALSE,TRUE,0,still_orphaned
287223319,2,2,1,TRUE,FALSE,FALSE,1,other
287223612,2,4,1,TRUE,FALSE,FALSE,3,other
287223661,3,3,2,FALSE,FALSE,FALSE,2,still_orphaned
287223749,3,2,2,FALSE,TRUE,FALSE,1,completed
287223983,7,5,4,FALSE,FALSE,FALSE,2,still_orphaned
287224092,1,4,1,FALSE,FALSE,TRUE,4,still_orphaned
287224117,2,3,1,TRUE,FALSE,FALSE,2,other
287224246,3,3,2,FALSE,FALSE,FALSE,2,still_orphaned
287224298,2,1,1,TRUE,TRUE,FALSE,0,already_paired
287224333,4,5,2,TRUE,FALSE,FALSE,3,other
287224352,1,0,1,FALSE,FALSE,TRUE,0,still_orphaned
287224489,5,3,3,FALSE,TRUE,FALSE,1,completed
287224509,1,0,1,FALSE,FALSE,TRUE,0,still_orphaned
287224589,3,3,2,FALSE,FALSE,FALSE,2,still_orphaned
287224669,1,3,1,FALSE,FALSE,TRUE,3,still_orphaned
287225011,3,3,2,FALSE,FALSE,FALSE,2,still_orphaned
287225044,1,2,1,FALSE,FALSE,TRUE,2,still_orphaned
287225314,3,3,2,FALSE,FALSE,FALSE,2,still_orphaned
287225467,2,3,1,TRUE,FALSE,FALSE,2,other
287225544,1,3,1,FALSE,FALSE,TRUE,3,still_orphaned
287225745,3,2,2,FALSE,TRUE,FALSE,1,completed
287225773,1,0,1,FALSE,FALSE,TRUE,0,still_orphaned
287225789,3,5,2,FALSE,FALSE,FALSE,4,still_orphaned
287225790,2,2,1,TRUE,FALSE,FALSE,1,other
287226259,3,4,2,FALSE,FALSE,FALSE,3,still_orphaned
287226268,6,6,3,TRUE,FALSE,FALSE,3,other
287226271,2,3,1,TRUE,FALSE,FALSE,2,other
287226508,2,3,1,TRUE,FALSE,FALSE,2,other
287226538,5,5,3,FALSE,FALSE,FALSE,3,still_orphaned
287226753,2,1,1,TRUE,TRUE,FALSE,0,already_paired
287226795,5,3,3,FALSE,TRUE,FALSE,1,completed
287227025,2,2,1,TRUE,FALSE,FALSE,1,other
287227575,1,2,1,FALSE,FALSE,TRUE,2,still_orphaned
287227848,3,2,2,FALSE,TRUE,FALSE,1,completed
287227934,4,4,2,TRUE,FALSE,FALSE,2,other
287227958,4,3,2,TRUE,FALSE,FALSE,1,other
287228350,4,2,2,TRUE,TRUE,FALSE,0,already_paired
287228453,2,4,1,TRUE,FALSE,FALSE,3,other
287228539,3,2,2,FALSE,TRUE,FALSE,1,completed
287228563,6,7,3,TRUE,FALSE,FALSE,4,other
287228595,4,2,2,TRUE,TRUE,FALSE,0,already_paired
287228713,4,3,2,TRUE,FALSE,FALSE,1,other
287228910,4,4,2,TRUE,FALSE,FALSE,2,other
287228914,6,7,3,TRUE,FALSE,FALSE,4,other
287229051,3,3,2,FALSE,FALSE,FALSE,2,still_orphaned
287229077,7,5,4,FALSE,FALSE,FALSE,2,still_orphaned
287229254,3,4,2,FALSE,FALSE,FALSE,3,still_orphaned
287229839,1,2,1,FALSE,FALSE,TRUE,2,still_orphaned
287229841,1,4,1,FALSE,FALSE,TRUE,4,still_orphaned
287230007,3,4,2,FALSE,FALSE,FALSE,3,still_orphaned
287230157,1,3,1,FALSE,FALSE,TRUE,3,still_orphaned
287230214,6,4,3,TRUE,FALSE,FALSE,1,other
287230447,5,3,3,FALSE,TRUE,FALSE,1,completed
287257251,4,4,2,TRUE,FALSE,FALSE,2,other
287257591,4,4,2,TRUE,FALSE,FALSE,2,other
287257686,3,3,2,FALSE,FALSE,FALSE,2,still_orphaned
287258106,4,5,2,TRUE,FALSE,FALSE,3,other
287258179,1,2,1,FALSE,FALSE,TRUE,2,still_orphaned
287258343,2,3,1,TRUE,FALSE,FALSE,2,other
287258826,1,0,1,FALSE,FALSE,TRUE,0,still_orphaned
287258837,3,5,2,FALSE,FALSE,FALSE,4,still_orphaned
287259049,3,2,2,FALSE,TRUE,FALSE,1,completed
287259079,5,4,3,FALSE,FALSE,FALSE,2,still_orphaned
287259205,1,0,1,FALSE,FALSE,TRUE,0,still_orphaned
287259403,3,2,2,FALSE,TRUE,FALSE,1,completed
287259547,6,5,3,TRUE,FALSE,FALSE,2,other
287259671,5,4,3,FALSE,FALSE,FALSE,2,still_orphaned
287259850,1,2,1,FALSE,FALSE,TRUE,2,still_orphaned
287259861,3,4,2,FALSE,FALSE,FALSE,3,still_orphaned
287259970,5,3,3,FALSE,TRUE,FALSE,1,completed
287260102,2,3,1,TRUE,FALSE,FALSE,2,other
287260110,1,0,1,FALSE,FALSE,TRUE,0,still_orphaned
287260142,4,4,2,TRUE,FALSE,FALSE,2,other
287260270,5,5,3,FALSE,FALSE,FALSE,3,still_orphaned
287260573,4,3,2,TRUE,FALSE,FALSE,1,other
287260574,3,2,2,FALSE,TRUE,FALSE,1,completed
287260613,4,4,2,TRUE,FALSE,FALSE,2,other
287260985,6,5,3,TRUE,FALSE,FALSE,2,other
287261145,5,5,3,FALSE,FALSE,FALSE,3,still_orphaned
287261237,3,2,2,FALSE,TRUE,FALSE,1,completed
287261281,4,2,2,TRUE,TRUE,FALSE,0,already_paired
287261390,1,0,1,FALSE,FALSE,TRUE,0,still_orphaned
287261459,1,0,1,FALSE,FALSE,TRUE,0,still_orphaned
287261720,7,5,4,FALSE,FALSE,FALSE,2,still_orphaned
287261735,4,4,2,TRUE,FALSE,FALSE,2,other
287261737,2,3,1,TRUE,FALSE,FALSE,2,other
287261833,2,3,1,TRUE,FALSE,FALSE,2,other
287262103,5,4,3,FALSE,FALSE,FALSE,2,still_orphaned
287262220,2,2,1,TRUE,FALSE,FALSE,1,other
287262289,4,3,2,TRUE,FALSE,FALSE,1,other
287262392,4,3,2,TRUE,FALSE,FALSE,1,other
287262715,5,3,3,FALSE,TRUE,FALSE,1,completed
287262892,1,2,1,FALSE,FALSE,TRUE,2,still_orphaned
287262933,4,3,2,TRUE,FALSE,FALSE,1,other
287262962,3,2,2,FALSE,TRUE,FALSE,1,completed
287263069,1,2,1,FALSE,FALSE,TRUE,2,still_orphaned
287263199,5,4,3,FALSE,FALSE,FALSE,2,still_orphaned
287263260,2,2,1,TRUE,FALSE,FALSE,1,other
287263403,2,2,1,TRUE,FALSE,FALSE,1,other
287263497,1,2,1,FALSE,FALSE,TRUE,2,still_orphaned
287263747,1,4,1,FALSE,FALSE,TRUE,4,still_orphaned
287264124,2,2,1,TRUE,FALSE,FALSE,1,other
287264277,2,2,1,TRUE,FALSE,FALSE,1,other
287264325,5,5,3,FALSE,FALSE,FALSE,3,still_orphaned
287264786,2,2,1,TRUE,FALSE,FALSE,1,other
287264835,5,3,3,FALSE,TRUE,FALSE,1,completed
287265054,2,2,1,TRUE,FALSE,FALSE,1,other
287265208,4,5,2,TRUE,FALSE,FALSE,3,other
287265360,4,4,2,TRUE,FALSE,FALSE,2,other
287265416,1,0,1,FALSE,FALSE,TRUE,0,still_orphaned
287265552,1,2,1,FALSE,FALSE,TRUE,2,still_orphaned
287265645,4,3,2,TRUE,FALSE,FALSE,1,other
287265647,1,0,1,FALSE,FALSE,TRUE,0,still_orphaned
287265827,2,2,1,TRUE,FALSE,FALSE,1,other
287265968,3,4,2,FALSE,FALSE,FALSE,3,still_orphaned
287266100,2,3,1,TRUE,FALSE,FALSE,2,other
287266253,1,2,1,FALSE,FALSE,TRUE,2,still_orphaned
287266348,3,2,2,FALSE,TRUE,FALSE,1,completed
287266434,6,4,3,TRUE,FALSE,FALSE,1,other
287266555,7,4,4,FALSE,TRUE,FALSE,1,completed
287266739,3,2,2,FALSE,TRUE,FALSE,1,completed
287266843,1,0,1,FALSE,FALSE,TRUE,0,still_orphaned
287267259,1,3,1,FALSE,FALSE,TRUE,3,still_orphaned
287267276,1,2,1,FALSE,FALSE,TRUE,2,still_orphaned
287267339,2,2,1,TRUE,FALSE,FALSE,1,other
287267522,3,4,2,FALSE,FALSE,FALSE,3,still_orphaned
287267684,1,2,1,FALSE,FALSE,TRUE,2,still_orphaned
287267838,2,3,1,TRUE,FALSE,FALSE,2,other
287267887,1,0,1,FALSE,FALSE,TRUE,0,still_orphaned
287267999,2,1,1,TRUE,TRUE,FALSE,0,already_paired
287268285,3,4,2,FALSE,FALSE,FALSE,3,still_orphaned
287268554,3,6,2,FALSE,FALSE,FALSE,5,still_orphaned
287268927,2,1,1,TRUE,TRUE,FALSE,0,already_paired
287268988,7,4,4,FALSE,TRUE,FALSE,1,completed
287269002,2,3,1,TRUE,FALSE,FALSE,2,other
287269004,5,6,3,FALSE,FALSE,FALSE,4,still_orphaned
287269158,2,2,1,TRUE,FALSE,FALSE,1,other
287269217,3,4,2,FALSE,FALSE,FALSE,3,still_orphaned
287269599,6,4,3,TRUE,FALSE,FALSE,1,other
287269622,2,3,1,TRUE,FALSE,FALSE,2,other
287269888,1,2,1,FALSE,FALSE,TRUE,2,still_orphaned
287269902,2,1,1,TRUE,TRUE,FALSE,0,already_paired
287270009,5,6,3,FALSE,FALSE,FALSE,4,still_orphaned
287270500,1,0,1,FALSE,FALSE,TRUE,0,still_orphaned
287270581,4,4,2,TRUE,FALSE,FALSE,2,other
287270604,1,0,1,FALSE,FALSE,TRUE,0,still_orphaned
287271088,5,3,3,FALSE,TRUE,FALSE,1,completed
287271190,2,3,1,TRUE,FALSE,FALSE,2,other
287271194,3,5,2,FALSE,FALSE,FALSE,4,still_orphaned
287271245,3,3,2,FALSE,FALSE,FALSE,2,still_orphaned
287271252,5,4,3,FALSE,FALSE,FALSE,2,still_orphaned
287271449,5,3,3,FALSE,TRUE,FALSE,1,completed
287271803,3,3,2,FALSE,FALSE,FALSE,2,still_orphaned
287271977,4,4,2,TRUE,FALSE,FALSE,2,other
287272107,3,1,2,FALSE,FALSE,FALSE,0,still_orphaned
287272225,3,4,2,FALSE,FALSE,FALSE,3,still_orphaned
287272247,3,2,2,FALSE,TRUE,FALSE,1,completed
287272287,2,2,1,TRUE,FALSE,FALSE,1,other
287272449,2,3,1,TRUE,FALSE,FALSE,2,other
287272494,4,5,2,TRUE,FALSE,FALSE,3,other
287272610,1,0,1,FALSE,FALSE,TRUE,0,still_orphaned
287272873,3,4,2,FALSE,FALSE,FALSE,3,still_orphaned
287273060,2,3,1,TRUE,FALSE,FALSE,2,other
287273326,3,5,2,FALSE,FALSE,FALSE,4,still_orphaned
287273572,2,2,1,TRUE,FALSE,FALSE,1,other
287273625,4,2,2,TRUE,TRUE,FALSE,0,already_paired
287273774,2,1,1,TRUE,TRUE,FALSE,0,already_paired
287273882,2,1,1,TRUE,TRUE,FALSE,0,already_paired
287274098,3,1,2,FALSE,FALSE,FALSE,0,still_orphaned
287274206,2,2,1,TRUE,FALSE,FALSE,1,other
287274240,4,2,2,TRUE,TRUE,FALSE,0,already_paired
287274697,4,5,2,TRUE,FALSE,FALSE,3,other
287274826,1,0,1,FALSE,FALSE,TRUE,0,still_orphaned
287275043,5,4,3,FALSE,FALSE,FALSE,2,still_orphaned
287275137,3,2,2,FALSE,TRUE,FALSE,1,completed
287275143,2,2,1,TRUE,FALSE,FALSE,1,other
287275155,2,1,1,TRUE,TRUE,FALSE,0,already_paired
287275234,4,4,2,TRUE,FALSE,FALSE,2,other
287275285,4,3,2,TRUE,FALSE,FALSE,1,other
287275339,1,0,1,FALSE,FALSE,TRUE,0,still_orphaned
287275752,1,2,1,FALSE,FALSE,TRUE,2,still_orphaned
287276003,4,4,2,TRUE,FALSE,FALSE,2,other
287276100,2,2,1,TRUE,FALSE,FALSE,1,other
287276250,1,0,1,FALSE,FALSE,TRUE,0,still_orphaned
287276370,3,2,2,FALSE,TRUE,FALSE,1,completed
287276535,3,4,2,FALSE,FALSE,FALSE,3,still_orphaned
287277000,3,5,2,FALSE,FALSE,FALSE,4,still_orphaned
287277480,3,3,2,FALSE,FALSE,FALSE,2,still_orphaned
287277563,3,5,2,FALSE,FALSE,FALSE,4,still_orphaned
287277679,1,2,1,FALSE,FALSE,TRUE,2,still_orphaned
287277755,3,3,2,FALSE,FALSE,FALSE,2,still_orphaned
287277971,4,5,2,TRUE,FALSE,FALSE,3,other
287278050,2,2,1,TRUE,FALSE,FALSE,1,other
287278200,1,0,1,FALSE,FALSE,TRUE,0,still_orphaned
287278220,3,5,2,FALSE,FALSE,FALSE,4,still_orphaned
287278279,4,2,2,TRUE,TRUE,FALSE,0,already_paired
287278446,3,5,2,FALSE,FALSE,FALSE,4,still_orphaned
287278563,3,2,2,FALSE,TRUE,FALSE,1,completed
287278585,4,3,2,TRUE,FALSE,FALSE,1,other
287278924,1,0,1,FALSE,FALSE,TRUE,0,still_orphaned
287279595,4,4,2,TRUE,FALSE,FALSE,2,other
287279855,5,6,3,FALSE,FALSE,FALSE,4,still_orphaned
287279876,1,2,1,FALSE,FALSE,TRUE,2,still_orphaned
287280011,1,0,1,FALSE,FALSE,TRUE,0,still_orphaned
287280080,4,6,2,TRUE,FALSE,FALSE,4,other
287280092,3,3,2,FALSE,FALSE,FALSE,2,still_orphaned
287280099,1,0,1,FALSE,FALSE,TRUE,0,still_orphaned
287280172,4,4,2,TRUE,FALSE,FALSE,2,other
287280231,2,2,1,TRUE,FALSE,FALSE,1,other
287280279,1,2,1,FALSE,FALSE,TRUE,2,still_orphaned
287280494,3,3,2,FALSE,FALSE,FALSE,2,still_orphaned
287280748,1,2,1,FALSE,FALSE,TRUE,2,still_orphaned
287280912,6,3,3,TRUE,TRUE,FALSE,0,already_paired
287280934,3,2,2,FALSE,TRUE,FALSE,1,completed
287281043,2,1,1,TRUE,TRUE,FALSE,0,already_paired
287281406,2,1,1,TRUE,TRUE,FALSE,0,already_paired
287281408,2,2,1,TRUE,FALSE,FALSE,1,other
287281481,7,7,4,FALSE,FALSE,FALSE,4,still_orphaned
287281526,3,3,2,FALSE,FALSE,FALSE,2,still_orphaned
287281574,1,0,1,FALSE,FALSE,TRUE,0,still_orphaned
287281751,2,3,1,TRUE,FALSE,FALSE,2,other
287281872,3,5,2,FALSE,FALSE,FALSE,4,still_orphaned
287281948,1,0,1,FALSE,FALSE,TRUE,0,still_orphaned
287282000,2,3,1,TRUE,FALSE,FALSE,2,other
287282080,4,4,2,TRUE,FALSE,FALSE,2,other
287282257,4,4,2,TRUE,FALSE,FALSE,2,other
287282374,4,4,2,TRUE,FALSE,FALSE,2,other
287282467,3,3,2,FALSE,FALSE,FALSE,2,still_orphaned
287282555,2,2,1,TRUE,FALSE,FALSE,1,other
287282568,3,3,2,FALSE,FALSE,FALSE,2,still_orphaned
287282903,3,4,2,FALSE,FALSE,FALSE,3,still_orphaned
287282917,2,2,1,TRUE,FALSE,FALSE,1,other
287282955,1,0,1,FALSE,FALSE,TRUE,0,still_orphaned
287282995,3,2,2,FALSE,TRUE,FALSE,1,completed
287283163,2,2,1,TRUE,FALSE,FALSE,1,other
287283273,5,5,3,FALSE,FALSE,FALSE,3,still_orphaned
287283282,4,6,2,TRUE,FALSE,FALSE,4,other
287283627,1,0,1,FALSE,FALSE,TRUE,0,still_orphaned
287283951,6,6,3,TRUE,FALSE,FALSE,3,other
287283983,5,6,3,FALSE,FALSE,FALSE,4,still_orphaned
287284034,1,0,1,FALSE,FALSE,TRUE,0,still_orphaned
287284151,2,2,1,TRUE,FALSE,FALSE,1,other
287284838,3,2,2,FALSE,TRUE,FALSE,1,completed
287284908,2,4,1,TRUE,FALSE,FALSE,3,other
287285016,3,3,2,FALSE,FALSE,FALSE,2,still_orphaned
287285106,3,4,2,FALSE,FALSE,FALSE,3,still_orphaned
287285243,2,2,1,TRUE,FALSE,FALSE,1,other
287285253,1,2,1,FALSE,FALSE,TRUE,2,still_orphaned
287285479,4,3,2,TRUE,FALSE,FALSE,1,other
287285552,4,2,2,TRUE,TRUE,FALSE,0,already_paired
287285586,3,2,2,FALSE,TRUE,FALSE,1,completed
287286086,3,4,2,FALSE,FALSE,FALSE,3,still_orphaned
287286315,1,4,1,FALSE,FALSE,TRUE,4,still_orphaned
287286431,2,2,1,TRUE,FALSE,FALSE,1,other
287286464,1,2,1,FALSE,FALSE,TRUE,2,still_orphaned
287286542,1,4,1,FALSE,FALSE,TRUE,4,still_orphaned
287286841,2,2,1,TRUE,FALSE,FALSE,1,other
287286976,3,6,2,FALSE,FALSE,FALSE,5,still_orphaned
287287088,3,2,2,FALSE,TRUE,FALSE,1,completed
287287100,3,4,2,FALSE,FALSE,FALSE,3,still_orphaned
287287123,3,5,2,FALSE,FALSE,FALSE,4,still_orphaned
287287163,3,3,2,FALSE,FALSE,FALSE,2,still_orphaned
287287370,3,4,2,FALSE,FALSE,FALSE,3,still_orphaned
287287549,3,2,2,FALSE,TRUE,FALSE,1,completed
287287989,1,3,1,FALSE,FALSE,TRUE,3,still_orphaned
287288017,1,4,1,FALSE,FALSE,TRUE,4,still_orphaned
287288327,2,1,1,TRUE,TRUE,FALSE,0,already_paired
287288845,5,4,3,FALSE,FALSE,FALSE,2,still_orphaned
287307097,1,4,1,FALSE,FALSE,TRUE,4,still_orphaned
287308010,4,5,2,TRUE,FALSE,FALSE,3,other
287308319,2,3,1,TRUE,FALSE,FALSE,2,other
287308679,3,1,2,FALSE,FALSE,FALSE,0,still_orphaned
287308955,4,5,2,TRUE,FALSE,FALSE,3,other
287308976,2,3,1,TRUE,FALSE,FALSE,2,other
287309045,3,4,2,FALSE,FALSE,FALSE,3,still_orphaned
287309211,1,1,1,FALSE,TRUE,TRUE,1,completed
287309578,4,4,2,TRUE,FALSE,FALSE,2,other
287309926,3,4,2,FALSE,FALSE,FALSE,3,still_orphaned
287309931,2,2,1,TRUE,FALSE,FALSE,1,other
287310092,3,2,2,FALSE,TRUE,FALSE,1,completed
287310265,1,0,1,FALSE,FALSE,TRUE,0,still_orphaned
287310305,3,5,2,FALSE,FALSE,FALSE,4,still_orphaned
287310464,1,2,1,FALSE,FALSE,TRUE,2,still_orphaned
287310478,2,3,1,TRUE,FALSE,FALSE,2,other
287310707,2,3,1,TRUE,FALSE,FALSE,2,other
287310734,2,2,1,TRUE,FALSE,FALSE,1,other
287310784,5,4,3,FALSE,FALSE,FALSE,2,still_orphaned
287310912,1,0,1,FALSE,FALSE,TRUE,0,still_orphaned
287310942,1,3,1,FALSE,FALSE,TRUE,3,still_orphaned
287311085,2,2,1,TRUE,FALSE,FALSE,1,other
287311184,5,4,3,FALSE,FALSE,FALSE,2,still_orphaned
287311442,2,3,1,TRUE,FALSE,FALSE,2,other
287311462,4,4,2,TRUE,FALSE,FALSE,2,other
287311658,4,5,2,TRUE,FALSE,FALSE,3,other
287311779,2,2,1,TRUE,FALSE,FALSE,1,other
287312051,5,3,3,FALSE,TRUE,FALSE,1,completed
287312145,5,5,3,FALSE,FALSE,FALSE,3,still_orphaned
287312181,1,0,1,FALSE,FALSE,TRUE,0,still_orphaned
287312342,4,3,2,TRUE,FALSE,FALSE,1,other
287312533,5,5,3,FALSE,FALSE,FALSE,3,still_orphaned
287312573,7,7,4,FALSE,FALSE,FALSE,4,still_orphaned
287312574,6,5,3,TRUE,FALSE,FALSE,2,other
287312695,1,2,1,FALSE,FALSE,TRUE,2,still_orphaned
287312751,2,3,1,TRUE,FALSE,FALSE,2,other
287312842,4,4,2,TRUE,FALSE,FALSE,2,other
287312989,5,6,3,FALSE,FALSE,FALSE,4,still_orphaned
287313154,2,2,1,TRUE,FALSE,FALSE,1,other
287313184,2,2,1,TRUE,FALSE,FALSE,1,other
287313188,6,5,3,TRUE,FALSE,FALSE,2,other
287313783,3,4,2,FALSE,FALSE,FALSE,3,still_orphaned
287313843,2,1,1,TRUE,TRUE,FALSE,0,already_paired
287314028,1,0,1,FALSE,FALSE,TRUE,0,still_orphaned
287314052,2,3,1,TRUE,FALSE,FALSE,2,other
287314123,3,2,2,FALSE,TRUE,FALSE,1,completed
287314268,1,0,1,FALSE,FALSE,TRUE,0,still_orphaned
287314327,2,1,1,TRUE,TRUE,FALSE,0,already_paired
287314571,1,0,1,FALSE,FALSE,TRUE,0,still_orphaned
287314643,3,2,2,FALSE,TRUE,FALSE,1,completed
287314763,3,5,2,FALSE,FALSE,FALSE,4,still_orphaned
287315017,2,3,1,TRUE,FALSE,FALSE,2,other
287315142,1,0,1,FALSE,FALSE,TRUE,0,still_orphaned
287315149,3,3,2,FALSE,FALSE,FALSE,2,still_orphaned
287315678,1,0,1,FALSE,FALSE,TRUE,0,still_orphaned
287315682,1,0,1,FALSE,FALSE,TRUE,0,still_orphaned
287315816,4,4,2,TRUE,FALSE,FALSE,2,other
287315823,1,0,1,FALSE,FALSE,TRUE,0,still_orphaned
287316087,4,4,2,TRUE,FALSE,FALSE,2,other
287316209,4,4,2,TRUE,FALSE,FALSE,2,other
287316223,4,2,2,TRUE,TRUE,FALSE,0,already_paired
287316254,1,2,1,FALSE,FALSE,TRUE,2,still_orphaned
287316398,3,3,2,FALSE,FALSE,FALSE,2,still_orphaned
287317007,1,2,1,FALSE,FALSE,TRUE,2,still_orphaned
287317180,4,3,2,TRUE,FALSE,FALSE,1,other
287317346,1,0,1,FALSE,FALSE,TRUE,0,still_orphaned
287317441,2,3,1,TRUE,FALSE,FALSE,2,other
287317453,6,4,3,TRUE,FALSE,FALSE,1,other
287317552,2,3,1,TRUE,FALSE,FALSE,2,other
287317649,7,7,4,FALSE,FALSE,FALSE,4,still_orphaned
287317670,3,2,2,FALSE,TRUE,FALSE,1,completed
287317777,7,4,4,FALSE,TRUE,FALSE,1,completed
287317889,1,2,1,FALSE,FALSE,TRUE,2,still_orphaned
287318230,6,5,3,TRUE,FALSE,FALSE,2,other
287318390,1,2,1,FALSE,FALSE,TRUE,2,still_orphaned
287318652,2,3,1,TRUE,FALSE,FALSE,2,other
287318665,1,3,1,FALSE,FALSE,TRUE,3,still_orphaned
287318804,4,3,2,TRUE,FALSE,FALSE,1,other
287319050,1,2,1,FALSE,FALSE,TRUE,2,still_orphaned
287319120,1,2,1,FALSE,FALSE,TRUE,2,still_orphaned
287319151,1,0,1,FALSE,FALSE,TRUE,0,still_orphaned
287319492,2,4,1,TRUE,FALSE,FALSE,3,other
287319560,1,0,1,FALSE,FALSE,TRUE,0,still_orphaned
287319944,8,7,4,TRUE,FALSE,FALSE,3,other
287320064,3,3,2,FALSE,FALSE,FALSE,2,still_orphaned
287320139,4,6,2,TRUE,FALSE,FALSE,4,other
287320235,1,3,1,FALSE,FALSE,TRUE,3,still_orphaned
287320242,4,5,2,TRUE,FALSE,FALSE,3,other
287320446,2,2,1,TRUE,FALSE,FALSE,1,other
287320538,1,0,1,FALSE,FALSE,TRUE,0,still_orphaned
287320613,2,4,1,TRUE,FALSE,FALSE,3,other
287321049,1,0,1,FALSE,FALSE,TRUE,0,still_orphaned
287321204,6,4,3,TRUE,FALSE,FALSE,1,other
287321214,4,4,2,TRUE,FALSE,FALSE,2,other
287321589,4,4,2,TRUE,FALSE,FALSE,2,other
287322171,4,3,2,TRUE,FALSE,FALSE,1,other
287322186,4,5,2,TRUE,FALSE,FALSE,3,other
287322196,1,3,1,FALSE,FALSE,TRUE,3,still_orphaned
287322211,3,1,2,FALSE,FALSE,FALSE,0,still_orphaned
287322264,3,2,2,FALSE,TRUE,FALSE,1,completed
287322278,4,4,2,TRUE,FALSE,FALSE,2,other
287322755,5,3,3,FALSE,TRUE,FALSE,1,completed
287322809,4,3,2,TRUE,FALSE,FALSE,1,other
287322974,5,4,3,FALSE,FALSE,FALSE,2,still_orphaned
287323096,2,2,1,TRUE,FALSE,FALSE,1,other
287323289,2,1,1,TRUE,TRUE,FALSE,0,already_paired
287323469,5,5,3,FALSE,FALSE,FALSE,3,still_orphaned
287323509,3,2,2,FALSE,TRUE,FALSE,1,completed
287323564,1,2,1,FALSE,FALSE,TRUE,2,still_orphaned
287323686,3,4,2,FALSE,FALSE,FALSE,3,still_orphaned
287324858,4,5,2,TRUE,FALSE,FALSE,3,other
287325003,2,2,1,TRUE,FALSE,FALSE,1,other
287325016,7,5,4,FALSE,FALSE,FALSE,2,still_orphaned
287325078,1,0,1,FALSE,FALSE,TRUE,0,still_orphaned
287325264,1,2,1,FALSE,FALSE,TRUE,2,still_orphaned
287325272,1,3,1,FALSE,FALSE,TRUE,3,still_orphaned
287325306,2,3,1,TRUE,FALSE,FALSE,2,other
287325774,4,5,2,TRUE,FALSE,FALSE,3,other
287325854,3,3,2,FALSE,FALSE,FALSE,2,still_orphaned
287325992,2,1,1,TRUE,TRUE,FALSE,0,already_paired
287325997,1,2,1,FALSE,FALSE,TRUE,2,still_orphaned
287326056,2,3,1,TRUE,FALSE,FALSE,2,other
287326146,3,6,2,FALSE,FALSE,FALSE,5,still_orphaned
287326487,2,3,1,TRUE,FALSE,FALSE,2,other
287326513,3,3,2,FALSE,FALSE,FALSE,2,still_orphaned
287326603,2,2,1,TRUE,FALSE,FALSE,1,other
287326673,4,2,2,TRUE,TRUE,FALSE,0,already_paired
287326873,4,3,2,TRUE,FALSE,FALSE,1,other
287326975,3,2,2,FALSE,TRUE,FALSE,1,completed
287327120,1,2,1,FALSE,FALSE,TRUE,2,still_orphaned
287327281,1,0,1,FALSE,FALSE,TRUE,0,still_orphaned
287327284,1,0,1,FALSE,FALSE,TRUE,0,still_orphaned
287327789,1,0,1,FALSE,FALSE,TRUE,0,still_orphaned
287328177,7,7,4,FALSE,FALSE,FALSE,4,still_orphaned
287328269,4,4,2,TRUE,FALSE,FALSE,2,other
287328804,4,4,2,TRUE,FALSE,FALSE,2,other
287328863,1,2,1,FALSE,FALSE,TRUE,2,still_orphaned
287328864,1,3,1,FALSE,FALSE,TRUE,3,still_orphaned
287329142,5,5,3,FALSE,FALSE,FALSE,3,still_orphaned
287329150,5,3,3,FALSE,TRUE,FALSE,1,completed
287329201,1,2,1,FALSE,FALSE,TRUE,2,still_orphaned
287329253,2,2,1,TRUE,FALSE,FALSE,1,other
287329325,1,0,1,FALSE,FALSE,TRUE,0,still_orphaned
287329454,2,3,1,TRUE,FALSE,FALSE,2,other
287329529,1,2,1,FALSE,FALSE,TRUE,2,still_orphaned
287329597,4,3,2,TRUE,FALSE,FALSE,1,other
287329712,2,2,1,TRUE,FALSE,FALSE,1,other
287329740,4,4,2,TRUE,FALSE,FALSE,2,other
287330079,4,7,2,TRUE,FALSE,FALSE,5,other
287330328,4,4,2,TRUE,FALSE,FALSE,2,other
287330476,5,3,3,FALSE,TRUE,FALSE,1,completed
287330646,4,5,2,TRUE,FALSE,FALSE,3,other
287330867,1,0,1,FALSE,FALSE,TRUE,0,still_orphaned
287330878,1,3,1,FALSE,FALSE,TRUE,3,still_orphaned
287330942,2,4,1,TRUE,FALSE,FALSE,3,other
287331025,4,3,2,TRUE,FALSE,FALSE,1,other
287331463,1,3,1,FALSE,FALSE,TRUE,3,still_orphaned
287331510,1,2,1,FALSE,FALSE,TRUE,2,still_orphaned
287331528,2,4,1,TRUE,FALSE,FALSE,3,other
287331550,5,5,3,FALSE,FALSE,FALSE,3,still_orphaned
287331645,3,2,2,FALSE,TRUE,FALSE,1,completed
287331680,1,0,1,FALSE,FALSE,TRUE,0,still_orphaned
287331746,6,4,3,TRUE,FALSE,FALSE,1,other
287331850,1,0,1,FALSE,FALSE,TRUE,0,still_orphaned
287331935,3,3,2,FALSE,FALSE,FALSE,2,still_orphaned
287332150,1,3,1,FALSE,FALSE,TRUE,3,still_orphaned
287332187,1,0,1,FALSE,FALSE,TRUE,0,still_orphaned
287332267,6,8,3,TRUE,FALSE,FALSE,5,other
287332362,2,2,1,TRUE,FALSE,FALSE,1,other
287332386,4,5,2,TRUE,FALSE,FALSE,3,other
287333003,5,6,3,FALSE,FALSE,FALSE,4,still_orphaned
287333272,4,5,2,TRUE,FALSE,FALSE,3,other
287333616,1,0,1,FALSE,FALSE,TRUE,0,still_orphaned
287333624,2,3,1,TRUE,FALSE,FALSE,2,other
287333966,4,3,2,TRUE,FALSE,FALSE,1,other
287333980,2,2,1,TRUE,FALSE,FALSE,1,other
287334009,5,5,3,FALSE,FALSE,FALSE,3,still_orphaned
287334076,5,3,3,FALSE,TRUE,FALSE,1,completed
287334301,3,3,2,FALSE,FALSE,FALSE,2,still_orphaned
287334303,4,5,2,TRUE,FALSE,FALSE,3,other
287334310,2,2,1,TRUE,FALSE,FALSE,1,other
287334439,1,2,1,FALSE,FALSE,TRUE,2,still_orphaned
287334448,2,3,1,TRUE,FALSE,FALSE,2,other
287334602,1,0,1,FALSE,FALSE,TRUE,0,still_orphaned
287334793,5,3,3,FALSE,TRUE,FALSE,1,completed
287334926,2,3,1,TRUE,FALSE,FALSE,2,other
287334941,3,2,2,FALSE,TRUE,FALSE,1,completed
287334960,3,2,2,FALSE,TRUE,FALSE,1,completed
287334996,2,1,1,TRUE,TRUE,FALSE,0,already_paired
287335533,4,4,2,TRUE,FALSE,FALSE,2,other
287335542,2,3,1,TRUE,FALSE,FALSE,2,other
287335581,2,4,1,TRUE,FALSE,FALSE,3,other
287335590,1,0,1,FALSE,FALSE,TRUE,0,still_orphaned
287336379,1,0,1,FALSE,FALSE,TRUE,0,still_orphaned
287336436,1,2,1,FALSE,FALSE,TRUE,2,still_orphaned
287336660,6,6,3,TRUE,FALSE,FALSE,3,other
287336718,4,3,2,TRUE,FALSE,FALSE,1,other
287337134,3,1,2,FALSE,FALSE,FALSE,0,still_orphaned
287337368,5,4,3,FALSE,FALSE,FALSE,2,still_orphaned
287337600,3,6,2,FALSE,FALSE,FALSE,5,still_orphaned
287337639,2,3,1,TRUE,FALSE,FALSE,2,other
287338070,5,5,3,FALSE,FALSE,FALSE,3,still_orphaned
287338109,1,2,1,FALSE,FALSE,TRUE,2,still_orphaned
287338303,1,2,1,FALSE,FALSE,TRUE,2,still_orphaned
287338389,3,3,2,FALSE,FALSE,FALSE,2,still_orphaned
287338399,4,3,2,TRUE,FALSE,FALSE,1,other
287338562,6,5,3,TRUE,FALSE,FALSE,2,other
287338609,2,2,1,TRUE,FALSE,FALSE,1,other
287338702,2,3,1,TRUE,FALSE,FALSE,2,other
287338713,6,4,3,TRUE,FALSE,FALSE,1,other
287338831,1,0,1,FALSE,FALSE,TRUE,0,still_orphaned
287338980,2,2,1,TRUE,FALSE,FALSE,1,other
287339183,5,6,3,FALSE,FALSE,FALSE,4,still_orphaned
287339667,1,3,1,FALSE,FALSE,TRUE,3,still_orphaned
287339855,2,2,1,TRUE,FALSE,FALSE,1,other
287340115,5,2,3,FALSE,FALSE,FALSE,0,still_orphaned
287340427,3,1,2,FALSE,FALSE,FALSE,0,still_orphaned
287364572,1,2,1,FALSE,FALSE,TRUE,2,still_orphaned
287365511,1,3,1,FALSE,FALSE,TRUE,3,still_orphaned
287365791,1,0,1,FALSE,FALSE,TRUE,0,still_orphaned
287365803,2,3,1,TRUE,FALSE,FALSE,2,other
287366071,5,4,3,FALSE,FALSE,FALSE,2,still_orphaned
287366411,2,2,1,TRUE,FALSE,FALSE,1,other
287366564,1,3,1,FALSE,FALSE,TRUE,3,still_orphaned
287366655,2,4,1,TRUE,FALSE,FALSE,3,other
287367039,1,0,1,FALSE,FALSE,TRUE,0,still_orphaned
287367117,2,1,1,TRUE,TRUE,FALSE,0,already_paired
287367397,3,2,2,FALSE,TRUE,FALSE,1,completed
287367404,5,4,3,FALSE,FALSE,FALSE,2,still_orphaned
287367528,1,0,1,FALSE,FALSE,TRUE,0,still_orphaned
287367965,2,2,1,TRUE,FALSE,FALSE,1,other
287368006,1,2,1,FALSE,FALSE,TRUE,2,still_orphaned
287368017,1,1,1,FALSE,TRUE,TRUE,1,completed
287368188,5,4,3,FALSE,FALSE,FALSE,2,still_orphaned
287368200,4,3,2,TRUE,FALSE,FALSE,1,other
287368207,2,2,1,TRUE,FALSE,FALSE,1,other
287368239,4,3,2,TRUE,FALSE,FALSE,1,other
287368373,2,2,1,TRUE,FALSE,FALSE,1,other
287368466,1,3,1,FALSE,FALSE,TRUE,3,still_orphaned
287368634,3,5,2,FALSE,FALSE,FALSE,4,still_orphaned
287368703,3,2,2,FALSE,TRUE,FALSE,1,completed
287368716,2,3,1,TRUE,FALSE,FALSE,2,other
287368802,5,3,3,FALSE,TRUE,FALSE,1,completed
287368807,1,2,1,FALSE,FALSE,TRUE,2,still_orphaned
287368891,4,4,2,TRUE,FALSE,FALSE,2,other
287369271,6,3,3,TRUE,TRUE,FALSE,0,already_paired
287369278,2,2,1,TRUE,FALSE,FALSE,1,other
287369391,8,7,4,TRUE,FALSE,FALSE,3,other
287369683,3,3,2,FALSE,FALSE,FALSE,2,still_orphaned
287369818,4,5,2,TRUE,FALSE,FALSE,3,other
287369850,2,2,1,TRUE,FALSE,FALSE,1,other
287369875,3,2,2,FALSE,TRUE,FALSE,1,completed
287370075,4,3,2,TRUE,FALSE,FALSE,1,other
287370145,7,7,4,FALSE,FALSE,FALSE,4,still_orphaned
287370153,7,6,4,FALSE,FALSE,FALSE,3,still_orphaned
287370244,1,0,1,FALSE,FALSE,TRUE,0,still_orphaned
287370326,2,2,1,TRUE,FALSE,FALSE,1,other
287370364,2,2,1,TRUE,FALSE,FALSE,1,other
287370491,2,3,1,TRUE,FALSE,FALSE,2,other
287370511,5,3,3,FALSE,TRUE,FALSE,1,completed
287370720,4,5,2,TRUE,FALSE,FALSE,3,other
287370786,1,0,1,FALSE,FALSE,TRUE,0,still_orphaned
287371182,3,4,2,FALSE,FALSE,FALSE,3,still_orphaned
287371285,2,2,1,TRUE,FALSE,FALSE,1,other
287371317,8,7,4,TRUE,FALSE,FALSE,3,other
287371410,1,0,1,FALSE,FALSE,TRUE,0,still_orphaned
287371674,2,1,1,TRUE,TRUE,FALSE,0,already_paired
287371694,4,6,2,TRUE,FALSE,FALSE,4,other
287372125,3,1,2,FALSE,FALSE,FALSE,0,still_orphaned
287372410,7,7,4,FALSE,FALSE,FALSE,4,still_orphaned
287372476,4,4,2,TRUE,FALSE,FALSE,2,other
287372478,2,1,1,TRUE,TRUE,FALSE,0,already_paired
287372691,4,4,2,TRUE,FALSE,FALSE,2,other
287372713,1,0,1,FALSE,FALSE,TRUE,0,still_orphaned
287373224,3,2,2,FALSE,TRUE,FALSE,1,completed
287373311,2,1,1,TRUE,TRUE,FALSE,0,already_paired
287373377,1,2,1,FALSE,FALSE,TRUE,2,still_orphaned
287373407,4,4,2,TRUE,FALSE,FALSE,2,other
287373650,2,1,1,TRUE,TRUE,FALSE,0,already_paired
287373776,5,7,3,FALSE,FALSE,FALSE,5,still_orphaned
287373880,2,3,1,TRUE,FALSE,FALSE,2,other
287374002,3,1,2,FALSE,FALSE,FALSE,0,still_orphaned
287374057,1,2,1,FALSE,FALSE,TRUE,2,still_orphaned
287374124,4,3,2,TRUE,FALSE,FALSE,1,other
287374364,2,3,1,TRUE,FALSE,FALSE,2,other
287374446,3,2,2,FALSE,TRUE,FALSE,1,completed
287374960,1,3,1,FALSE,FALSE,TRUE,3,still_orphaned
287375021,4,4,2,TRUE,FALSE,FALSE,2,other
287375090,3,3,2,FALSE,FALSE,FALSE,2,still_orphaned
287375117,1,0,1,FALSE,FALSE,TRUE,0,still_orphaned
287375232,3,3,2,FALSE,FALSE,FALSE,2,still_orphaned
287375269,6,3,3,TRUE,TRUE,FALSE,0,already_paired
287375706,3,4,2,FALSE,FALSE,FALSE,3,still_orphaned
287375799,2,4,1,TRUE,FALSE,FALSE,3,other
287375926,1,0,1,FALSE,FALSE,TRUE,0,still_orphaned
287376185,2,3,1,TRUE,FALSE,FALSE,2,other
287376383,1,2,1,FALSE,FALSE,TRUE,2,still_orphaned
287376470,1,2,1,FALSE,FALSE,TRUE,2,still_orphaned
287376534,1,2,1,FALSE,FALSE,TRUE,2,still_orphaned
287376545,2,3,1,TRUE,FALSE,FALSE,2,other
287376784,4,5,2,TRUE,FALSE,FALSE,3,other
287376815,2,3,1,TRUE,FALSE,FALSE,2,other
287377355,2,2,1,TRUE,FALSE,FALSE,1,other
287377420,2,3,1,TRUE,FALSE,FALSE,2,other
287377487,4,4,2,TRUE,FALSE,FALSE,2,other
287377566,2,3,1,TRUE,FALSE,FALSE,2,other
287377702,4,3,2,TRUE,FALSE,FALSE,1,other
287377772,3,3,2,FALSE,FALSE,FALSE,2,still_orphaned
287378139,3,6,2,FALSE,FALSE,FALSE,5,still_orphaned
287378262,2,2,1,TRUE,FALSE,FALSE,1,other
287378263,2,1,1,TRUE,TRUE,FALSE,0,already_paired
287378298,2,2,1,TRUE,FALSE,FALSE,1,other
287378351,2,1,1,TRUE,TRUE,FALSE,0,already_paired
287378580,4,3,2,TRUE,FALSE,FALSE,1,other
287378690,2,2,1,TRUE,FALSE,FALSE,1,other
287379081,3,2,2,FALSE,TRUE,FALSE,1,completed
287379838,3,2,2,FALSE,TRUE,FALSE,1,completed
287379885,2,3,1,TRUE,FALSE,FALSE,2,other
287379904,4,3,2,TRUE,FALSE,FALSE,1,other
287380073,1,2,1,FALSE,FALSE,TRUE,2,still_orphaned
287380400,4,6,2,TRUE,FALSE,FALSE,4,other
287380454,1,0,1,FALSE,FALSE,TRUE,0,still_orphaned
287380604,3,3,2,FALSE,FALSE,FALSE,2,still_orphaned
287380632,3,4,2,FALSE,FALSE,FALSE,3,still_orphaned
287380643,1,0,1,FALSE,FALSE,TRUE,0,still_orphaned
287380995,2,2,1,TRUE,FALSE,FALSE,1,other
287381012,5,3,3,FALSE,TRUE,FALSE,1,completed
287381045,3,5,2,FALSE,FALSE,FALSE,4,still_orphaned
287381131,3,1,2,FALSE,FALSE,FALSE,0,still_orphaned
287381454,1,0,1,FALSE,FALSE,TRUE,0,still_orphaned
287381455,3,1,2,FALSE,FALSE,FALSE,0,still_orphaned
287381804,3,2,2,FALSE,TRUE,FALSE,1,completed
287381806,1,0,1,FALSE,FALSE,TRUE,0,still_orphaned
287382115,3,2,2,FALSE,TRUE,FALSE,1,completed
287382191,3,3,2,FALSE,FALSE,FALSE,2,still_orphaned
287382366,1,0,1,FALSE,FALSE,TRUE,0,still_orphaned
287382519,1,3,1,FALSE,FALSE,TRUE,3,still_orphaned
287382866,4,4,2,TRUE,FALSE,FALSE,2,other
287382907,1,2,1,FALSE,FALSE,TRUE,2,still_orphaned
287383521,6,6,3,TRUE,FALSE,FALSE,3,other
287383631,4,4,2,TRUE,FALSE,FALSE,2,other
287383653,1,2,1,FALSE,FALSE,TRUE,2,still_orphaned
287383751,2,3,1,TRUE,FALSE,FALSE,2,other
287383787,1,0,1,FALSE,FALSE,TRUE,0,still_orphaned
287383850,2,1,1,TRUE,TRUE,FALSE,0,already_paired
287383975,4,3,2,TRUE,FALSE,FALSE,1,other
287384058,1,2,1,FALSE,FALSE,TRUE,2,still_orphaned
287384305,2,1,1,TRUE,TRUE,FALSE,0,already_paired
287384537,1,2,1,FALSE,FALSE,TRUE,2,still_orphaned
287384654,3,3,2,FALSE,FALSE,FALSE,2,still_orphaned
287384770,3,2,2,FALSE,TRUE,FALSE,1,completed
287384826,2,2,1,TRUE,FALSE,FALSE,1,other
287384964,1,2,1,FALSE,FALSE,TRUE,2,still_orphaned
287385006,1,2,1,FALSE,FALSE,TRUE,2,still_orphaned
287385102,3,2,2,FALSE,TRUE,FALSE,1,completed
287385371,2,2,1,TRUE,FALSE,FALSE,1,other
287385413,5,5,3,FALSE,FALSE,FALSE,3,still_orphaned
287385455,3,3,2,FALSE,FALSE,FALSE,2,still_orphaned
287385494,1,0,1,FALSE,FALSE,TRUE,0,still_orphaned
287386049,3,2,2,FALSE,TRUE,FALSE,1,completed
287386468,1,2,1,FALSE,FALSE,TRUE,2,still_orphaned
287386507,3,4,2,FALSE,FALSE,FALSE,3,still_orphaned
287386684,3,5,2,FALSE,FALSE,FALSE,4,still_orphaned
287386695,3,5,2,FALSE,FALSE,FALSE,4,still_orphaned
287386849,2,1,1,TRUE,TRUE,FALSE,0,already_paired
287386892,5,5,3,FALSE,FALSE,FALSE,3,still_orphaned
287387155,3,2,2,FALSE,TRUE,FALSE,1,completed
287387464,5,5,3,FALSE,FALSE,FALSE,3,still_orphaned
287387512,2,2,1,TRUE,FALSE,FALSE,1,other
287387514,1,3,1,FALSE,FALSE,TRUE,3,still_orphaned
287387583,1,2,1,FALSE,FALSE,TRUE,2,still_orphaned
287387641,3,2,2,FALSE,TRUE,FALSE,1,completed
287387776,4,4,2,TRUE,FALSE,FALSE,2,other
287387889,2,2,1,TRUE,FALSE,FALSE,1,other
287388010,2,2,1,TRUE,FALSE,FALSE,1,other
287388065,3,3,2,FALSE,FALSE,FALSE,2,still_orphaned
287388513,2,2,1,TRUE,FALSE,FALSE,1,other
287388576,2,2,1,TRUE,FALSE,FALSE,1,other
287389174,2,2,1,TRUE,FALSE,FALSE,1,other
287389255,2,2,1,TRUE,FALSE,FALSE,1,other
287389282,2,1,1,TRUE,TRUE,FALSE,0,already_paired
287389326,3,4,2,FALSE,FALSE,FALSE,3,still_orphaned
287389328,3,3,2,FALSE,FALSE,FALSE,2,still_orphaned
287389424,7,5,4,FALSE,FALSE,FALSE,2,still_orphaned
287389983,3,5,2,FALSE,FALSE,FALSE,4,still_orphaned
287390071,5,2,3,FALSE,FALSE,FALSE,0,still_orphaned
287390118,2,2,1,TRUE,FALSE,FALSE,1,other
287390128,1,0,1,FALSE,FALSE,TRUE,0,still_orphaned
287390224,2,1,1,TRUE,TRUE,FALSE,0,already_paired
287390321,3,2,2,FALSE,TRUE,FALSE,1,completed
287390474,1,0,1,FALSE,FALSE,TRUE,0,still_orphaned
287390542,2,2,1,TRUE,FALSE,FALSE,1,other
287390609,2,1,1,TRUE,TRUE,FALSE,0,already_paired
287390841,2,2,1,TRUE,FALSE,FALSE,1,other
287390876,4,2,2,TRUE,TRUE,FALSE,0,already_paired
287390887,3,2,2,FALSE,TRUE,FALSE,1,completed
287390909,5,3,3,FALSE,TRUE,FALSE,1,completed
287391163,3,3,2,FALSE,FALSE,FALSE,2,still_orphaned
287391167,3,3,2,FALSE,FALSE,FALSE,2,still_orphaned
287391193,1,2,1,FALSE,FALSE,TRUE,2,still_orphaned
287391267,1,0,1,FALSE,FALSE,TRUE,0,still_orphaned
287391425,2,3,1,TRUE,FALSE,FALSE,2,other
287391699,4,5,2,TRUE,FALSE,FALSE,3,other
287391809,3,4,2,FALSE,FALSE,FALSE,3,still_orphaned
287391871,3,3,2,FALSE,FALSE,FALSE,2,still_orphaned
287392155,3,1,2,FALSE,FALSE,FALSE,0,still_orphaned
287392181,1,2,1,FALSE,FALSE,TRUE,2,still_orphaned
287392212,1,1,1,FALSE,TRUE,TRUE,1,completed
287392224,4,3,2,TRUE,FALSE,FALSE,1,other
287392235,6,6,3,TRUE,FALSE,FALSE,3,other
287392308,1,2,1,FALSE,FALSE,TRUE,2,still_orphaned
287392353,1,0,1,FALSE,FALSE,TRUE,0,still_orphaned
287392553,1,0,1,FALSE,FALSE,TRUE,0,still_orphaned
287392909,2,2,1,TRUE,FALSE,FALSE,1,other
287393015,3,4,2,FALSE,FALSE,FALSE,3,still_orphaned
287393144,4,4,2,TRUE,FALSE,FALSE,2,other
287393445,1,0,1,FALSE,FALSE,TRUE,0,still_orphaned
287393447,3,2,2,FALSE,TRUE,FALSE,1,completed
287393663,3,4,2,FALSE,FALSE,FALSE,3,still_orphaned
287393678,2,4,1,TRUE,FALSE,FALSE,3,other
287393718,2,3,1,TRUE,FALSE,FALSE,2,other
287393845,1,1,1,FALSE,TRUE,TRUE,1,completed
287394168,1,0,1,FALSE,FALSE,TRUE,0,still_orphaned
287394477,2,2,1,TRUE,FALSE,FALSE,1,other
287395164,4,4,2,TRUE,FALSE,FALSE,2,other
287395298,1,4,1,FALSE,FALSE,TRUE,4,still_orphaned
287395534,1,2,1,FALSE,FALSE,TRUE,2,still_orphaned
287395649,3,2,2,FALSE,TRUE,FALSE,1,completed
287395782,4,4,2,TRUE,FALSE,FALSE,2,other
287395864,3,3,2,FALSE,FALSE,FALSE,2,still_orphaned
287396033,2,3,1,TRUE,FALSE,FALSE,2,other
287396111,3,2,2,FALSE,TRUE,FALSE,1,completed
287396352,1,0,1,FALSE,FALSE,TRUE,0,still_orphaned
287396384,3,3,2,FALSE,FALSE,FALSE,2,still_orphaned
287396563,2,1,1,TRUE,TRUE,FALSE,0,already_paired
287396596,4,3,2,TRUE,FALSE,FALSE,1,other
287396714,2,2,1,TRUE,FALSE,FALSE,1,other
287396770,2,2,1,TRUE,FALSE,FALSE,1,other
287396790,2,2,1,TRUE,FALSE,FALSE,1,other
287396866,1,2,1,FALSE,FALSE,TRUE,2,still_orphaned
287396936,3,3,2,FALSE,FALSE,FALSE,2,still_orphaned
287397018,4,3,2,TRUE,FALSE,FALSE,1,other
287397046,4,2,2,TRUE,TRUE,FALSE,0,already_paired
287397271,1,2,1,FALSE,FALSE,TRUE,2,still_orphaned
287397882,1,0,1,FALSE,FALSE,TRUE,0,still_orphaned
287398440,4,3,2,TRUE,FALSE,FALSE,1,other
287420078,2,3,1,TRUE,FALSE,FALSE,2,other
287421343,4,3,2,TRUE,FALSE,FALSE,1,other
287421413,1,0,1,FALSE,FALSE,TRUE,0,still_orphaned
287421494,3,2,2,FALSE,TRUE,FALSE,1,completed
287421691,1,2,1,FALSE,FALSE,TRUE,2,still_orphaned
287421943,2,1,1,TRUE,TRUE,FALSE,0,already_paired
287422104,2,2,1,TRUE,FALSE,FALSE,1,other
287422251,2,1,1,TRUE,TRUE,FALSE,0,already_paired
287422291,4,5,2,TRUE,FALSE,FALSE,3,other
287422562,2,3,1,TRUE,FALSE,FALSE,2,other
287423078,5,5,3,FALSE,FALSE,FALSE,3,still_orphaned
287423123,3,3,2,FALSE,FALSE,FALSE,2,still_orphaned
287423370,3,1,2,FALSE,FALSE,FALSE,0,still_orphaned
287423413,4,4,2,TRUE,FALSE,FALSE,2,other
287423546,2,2,1,TRUE,FALSE,FALSE,1,other
287423757,5,6,3,FALSE,FALSE,FALSE,4,still_orphaned
287423822,3,5,2,FALSE,FALSE,FALSE,4,still_orphaned
287423913,4,3,2,TRUE,FALSE,FALSE,1,other
287423920,2,2,1,TRUE,FALSE,FALSE,1,other
287423948,2,1,1,TRUE,TRUE,FALSE,0,already_paired
287423955,5,5,3,FALSE,FALSE,FALSE,3,still_orphaned
287424071,1,2,1,FALSE,FALSE,TRUE,2,still_orphaned
287424184,1,2,1,FALSE,FALSE,TRUE,2,still_orphaned
287424268,2,1,1,TRUE,TRUE,FALSE,0,already_paired
287424372,2,3,1,TRUE,FALSE,FALSE,2,other
287424403,3,2,2,FALSE,TRUE,FALSE,1,completed
287424518,4,3,2,TRUE,FALSE,FALSE,1,other
287424734,8,7,4,TRUE,FALSE,FALSE,3,other
287425082,3,3,2,FALSE,FALSE,FALSE,2,still_orphaned
287425110,2,2,1,TRUE,FALSE,FALSE,1,other
287425142,1,0,1,FALSE,FALSE,TRUE,0,still_orphaned
287425275,4,3,2,TRUE,FALSE,FALSE,1,other
287425373,2,2,1,TRUE,FALSE,FALSE,1,other
287425385,5,4,3,FALSE,FALSE,FALSE,2,still_orphaned
287425387,3,2,2,FALSE,TRUE,FALSE,1,completed
287425799,3,2,2,FALSE,TRUE,FALSE,1,completed
287425829,1,0,1,FALSE,FALSE,TRUE,0,still_orphaned
287425979,2,2,1,TRUE,FALSE,FALSE,1,other
287426069,3,3,2,FALSE,FALSE,FALSE,2,still_orphaned
287426169,5,5,3,FALSE,FALSE,FALSE,3,still_orphaned
287426335,2,1,1,TRUE,TRUE,FALSE,0,already_paired
287426659,7,6,4,FALSE,FALSE,FALSE,3,still_orphaned
287426790,3,2,2,FALSE,TRUE,FALSE,1,completed
287426864,9,7,5,FALSE,FALSE,FALSE,3,still_orphaned
287426979,4,4,2,TRUE,FALSE,FALSE,2,other
287427053,4,4,2,TRUE,FALSE,FALSE,2,other
287427075,1,2,1,FALSE,FALSE,TRUE,2,still_orphaned
287427111,3,2,2,FALSE,TRUE,FALSE,1,completed
287427215,2,2,1,TRUE,FALSE,FALSE,1,other
287427241,6,4,3,TRUE,FALSE,FALSE,1,other
287427319,2,2,1,TRUE,FALSE,FALSE,1,other
287427868,1,0,1,FALSE,FALSE,TRUE,0,still_orphaned
287427869,1,2,1,FALSE,FALSE,TRUE,2,still_orphaned
287427925,2,2,1,TRUE,FALSE,FALSE,1,other
287427995,4,4,2,TRUE,FALSE,FALSE,2,other
287428310,2,2,1,TRUE,FALSE,FALSE,1,other
287428339,3,1,2,FALSE,FALSE,FALSE,0,still_orphaned
287428914,1,0,1,FALSE,FALSE,TRUE,0,still_orphaned
287428952,2,2,1,TRUE,FALSE,FALSE,1,other
287428987,2,2,1,TRUE,FALSE,FALSE,1,other
287429345,7,6,4,FALSE,FALSE,FALSE,3,still_orphaned
287429349,9,6,5,FALSE,FALSE,FALSE,2,still_orphaned
287429351,4,3,2,TRUE,FALSE,FALSE,1,other
287429381,4,2,2,TRUE,TRUE,FALSE,0,already_paired
287429645,4,6,2,TRUE,FALSE,FALSE,4,other
287429694,5,6,3,FALSE,FALSE,FALSE,4,still_orphaned
287429713,2,3,1,TRUE,FALSE,FALSE,2,other
287429741,1,2,1,FALSE,FALSE,TRUE,2,still_orphaned
287429981,3,5,2,FALSE,FALSE,FALSE,4,still_orphaned
287430000,2,1,1,TRUE,TRUE,FALSE,0,already_paired
287430041,2,3,1,TRUE,FALSE,FALSE,2,other
287430533,3,5,2,FALSE,FALSE,FALSE,4,still_orphaned
287430724,1,3,1,FALSE,FALSE,TRUE,3,still_orphaned
287430895,3,2,2,FALSE,TRUE,FALSE,1,completed
287430906,3,5,2,FALSE,FALSE,FALSE,4,still_orphaned
287431370,6,6,3,TRUE,FALSE,FALSE,3,other
287431418,1,0,1,FALSE,FALSE,TRUE,0,still_orphaned
287431438,6,6,3,TRUE,FALSE,FALSE,3,other
287431510,2,2,1,TRUE,FALSE,FALSE,1,other
287431765,1,0,1,FALSE,FALSE,TRUE,0,still_orphaned
287431943,1,4,1,FALSE,FALSE,TRUE,4,still_orphaned
287432247,3,3,2,FALSE,FALSE,FALSE,2,still_orphaned
287432283,3,2,2,FALSE,TRUE,FALSE,1,completed
287432353,2,3,1,TRUE,FALSE,FALSE,2,other
287432494,3,3,2,FALSE,FALSE,FALSE,2,still_orphaned
287432639,5,4,3,FALSE,FALSE,FALSE,2,still_orphaned
287432820,4,3,2,TRUE,FALSE,FALSE,1,other
287432896,2,3,1,TRUE,FALSE,FALSE,2,other
287433095,1,2,1,FALSE,FALSE,TRUE,2,still_orphaned
287433300,4,4,2,TRUE,FALSE,FALSE,2,other
287433501,4,5,2,TRUE,FALSE,FALSE,3,other
287433830,1,0,1,FALSE,FALSE,TRUE,0,still_orphaned
287433862,2,2,1,TRUE,FALSE,FALSE,1,other
287433964,2,1,1,TRUE,TRUE,FALSE,0,already_paired
287434014,1,2,1,FALSE,FALSE,TRUE,2,still_orphaned
287434468,4,3,2,TRUE,FALSE,FALSE,1,other
287434495,3,1,2,FALSE,FALSE,FALSE,0,still_orphaned
287434553,4,3,2,TRUE,FALSE,FALSE,1,other
287434994,3,4,2,FALSE,FALSE,FALSE,3,still_orphaned
287435613,4,4,2,TRUE,FALSE,FALSE,2,other
287435629,2,4,1,TRUE,FALSE,FALSE,3,other
287435772,1,4,1,FALSE,FALSE,TRUE,4,still_orphaned
287435779,2,1,1,TRUE,TRUE,FALSE,0,already_paired
287435789,3,3,2,FALSE,FALSE,FALSE,2,still_orphaned
287436211,7,3,4,FALSE,FALSE,FALSE,0,still_orphaned
287436273,4,3,2,TRUE,FALSE,FALSE,1,other
287436568,2,1,1,TRUE,TRUE,FALSE,0,already_paired
287436634,2,1,1,TRUE,TRUE,FALSE,0,already_paired
287436867,3,2,2,FALSE,TRUE,FALSE,1,completed
287437010,3,2,2,FALSE,TRUE,FALSE,1,completed
287437037,3,3,2,FALSE,FALSE,FALSE,2,still_orphaned
287437475,3,3,2,FALSE,FALSE,FALSE,2,still_orphaned
287437486,4,5,2,TRUE,FALSE,FALSE,3,other
287437502,6,7,3,TRUE,FALSE,FALSE,4,other
287437843,1,3,1,FALSE,FALSE,TRUE,3,still_orphaned
287438077,3,3,2,FALSE,FALSE,FALSE,2,still_orphaned
287438109,3,3,2,FALSE,FALSE,FALSE,2,still_orphaned
287438389,5,2,3,FALSE,FALSE,FALSE,0,still_orphaned
287438436,1,0,1,FALSE,FALSE,TRUE,0,still_orphaned
287439285,2,2,1,TRUE,FALSE,FALSE,1,other
287439429,4,3,2,TRUE,FALSE,FALSE,1,other
287439495,2,2,1,TRUE,FALSE,FALSE,1,other
287439568,4,3,2,TRUE,FALSE,FALSE,1,other
287439708,3,3,2,FALSE,FALSE,FALSE,2,still_orphaned
287439730,1,1,1,FALSE,TRUE,TRUE,1,completed
287439798,1,2,1,FALSE,FALSE,TRUE,2,still_orphaned
287439816,1,2,1,FALSE,FALSE,TRUE,2,still_orphaned
287439973,3,4,2,FALSE,FALSE,FALSE,3,still_orphaned
287440248,3,2,2,FALSE,TRUE,FALSE,1,completed
287440487,1,2,1,FALSE,FALSE,TRUE,2,still_orphaned
287440801,1,2,1,FALSE,FALSE,TRUE,2,still_orphaned
287440833,2,3,1,TRUE,FALSE,FALSE,2,other
287440898,2,2,1,TRUE,FALSE,FALSE,1,other
287441101,5,5,3,FALSE,FALSE,FALSE,3,still_orphaned
287441135,3,2,2,FALSE,TRUE,FALSE,1,completed
287441143,2,1,1,TRUE,TRUE,FALSE,0,already_paired
287441251,3,5,2,FALSE,FALSE,FALSE,4,still_orphaned
287441506,5,4,3,FALSE,FALSE,FALSE,2,still_orphaned
287441521,2,2,1,TRUE,FALSE,FALSE,1,other
287441659,2,2,1,TRUE,FALSE,FALSE,1,other
287442106,3,2,2,FALSE,TRUE,FALSE,1,completed
287442428,3,1,2,FALSE,FALSE,FALSE,0,still_orphaned
287442490,3,3,2,FALSE,FALSE,FALSE,2,still_orphaned
287442496,2,1,1,TRUE,TRUE,FALSE,0,already_paired
287442579,1,3,1,FALSE,FALSE,TRUE,3,still_orphaned
287442840,2,2,1,TRUE,FALSE,FALSE,1,other
287442866,3,2,2,FALSE,TRUE,FALSE,1,completed
287442926,5,5,3,FALSE,FALSE,FALSE,3,still_orphaned
287443211,2,1,1,TRUE,TRUE,FALSE,0,already_paired
287443262,4,2,2,TRUE,TRUE,FALSE,0,already_paired
287443351,2,1,1,TRUE,TRUE,FALSE,0,already_paired
287443416,2,3,1,TRUE,FALSE,FALSE,2,other
287443449,1,3,1,FALSE,FALSE,TRUE,3,still_orphaned
287443689,4,3,2,TRUE,FALSE,FALSE,1,other
287443773,1,5,1,FALSE,FALSE,TRUE,5,still_orphaned
287444007,2,1,1,TRUE,TRUE,FALSE,0,already_paired
287444062,6,3,3,TRUE,TRUE,FALSE,0,already_paired
287444204,1,2,1,FALSE,FALSE,TRUE,2,still_orphaned
287444344,1,2,1,FALSE,FALSE,TRUE,2,still_orphaned
287444421,3,3,2,FALSE,FALSE,FALSE,2,still_orphaned
287444836,2,2,1,TRUE,FALSE,FALSE,1,other
287444878,4,5,2,TRUE,FALSE,FALSE,3,other
287444975,4,5,2,TRUE,FALSE,FALSE,3,other
287445066,3,4,2,FALSE,FALSE,FALSE,3,still_orphaned
287445192,4,3,2,TRUE,FALSE,FALSE,1,other
287445264,3,2,2,FALSE,TRUE,FALSE,1,completed
287445338,3,2,2,FALSE,TRUE,FALSE,1,completed
287445439,1,2,1,FALSE,FALSE,TRUE,2,still_orphaned
287445482,3,1,2,FALSE,FALSE,FALSE,0,still_orphaned
287445689,2,2,1,TRUE,FALSE,FALSE,1,other
287445690,2,3,1,TRUE,FALSE,FALSE,2,other
287445875,3,2,2,FALSE,TRUE,FALSE,1,completed
287445932,2,2,1,TRUE,FALSE,FALSE,1,other
287446270,4,3,2,TRUE,FALSE,FALSE,1,other
287446271,4,4,2,TRUE,FALSE,FALSE,2,other
287446303,3,2,2,FALSE,TRUE,FALSE,1,completed
287446579,2,2,1,TRUE,FALSE,FALSE,1,other
287446670,1,3,1,FALSE,FALSE,TRUE,3,still_orphaned
287446875,1,2,1,FALSE,FALSE,TRUE,2,still_orphaned
287446902,6,5,3,TRUE,FALSE,FALSE,2,other
287447073,5,6,3,FALSE,FALSE,FALSE,4,still_orphaned
287447295,2,3,1,TRUE,FALSE,FALSE,2,other
287447398,5,6,3,FALSE,FALSE,FALSE,4,still_orphaned
287447414,4,5,2,TRUE,FALSE,FALSE,3,other
287447554,7,5,4,FALSE,FALSE,FALSE,2,still_orphaned
287447595,2,2,1,TRUE,FALSE,FALSE,1,other
287447910,2,2,1,TRUE,FALSE,FALSE,1,other
287447956,1,0,1,FALSE,FALSE,TRUE,0,still_orphaned
287448072,2,3,1,TRUE,FALSE,FALSE,2,other
287448073,1,2,1,FALSE,FALSE,TRUE,2,still_orphaned
287448121,1,3,1,FALSE,FALSE,TRUE,3,still_orphaned
287448134,2,2,1,TRUE,FALSE,FALSE,1,other
287448371,3,5,2,FALSE,FALSE,FALSE,4,still_orphaned
287448432,2,4,1,TRUE,FALSE,FALSE,3,other
287448564,6,3,3,TRUE,TRUE,FALSE,0,already_paired
287448582,4,4,2,TRUE,FALSE,FALSE,2,other
287448859,4,5,2,TRUE,FALSE,FALSE,3,other
287449017,1,2,1,FALSE,FALSE,TRUE,2,still_orphaned
287449069,2,2,1,TRUE,FALSE,FALSE,1,other
287449118,5,5,3,FALSE,FALSE,FALSE,3,still_orphaned
287449125,4,5,2,TRUE,FALSE,FALSE,3,other
287449431,2,3,1,TRUE,FALSE,FALSE,2,other
287449927,3,5,2,FALSE,FALSE,FALSE,4,still_orphaned
287449959,2,4,1,TRUE,FALSE,FALSE,3,other
287450031,2,3,1,TRUE,FALSE,FALSE,2,other
287450273,5,5,3,FALSE,FALSE,FALSE,3,still_orphaned
287450452,3,2,2,FALSE,TRUE,FALSE,1,completed
287450840,2,3,1,TRUE,FALSE,FALSE,2,other
287450967,4,4,2,TRUE,FALSE,FALSE,2,other
287451247,3,4,2,FALSE,FALSE,FALSE,3,still_orphaned
287451527,12,9,6,TRUE,FALSE,FALSE,3,other
287451572,3,3,2,FALSE,FALSE,FALSE,2,still_orphaned
287451805,2,3,1,TRUE,FALSE,FALSE,2,other
287451919,4,3,2,TRUE,FALSE,FALSE,1,other
287452093,4,3,2,TRUE,FALSE,FALSE,1,other
287452293,2,2,1,TRUE,FALSE,FALSE,1,other
287452396,1,2,1,FALSE,FALSE,TRUE,2,still_orphaned
287452404,4,3,2,TRUE,FALSE,FALSE,1,other
287452431,2,2,1,TRUE,FALSE,FALSE,1,other
287452536,1,2,1,FALSE,FALSE,TRUE,2,still_orphaned
287452544,2,3,1,TRUE,FALSE,FALSE,2,other
287452624,1,1,1,FALSE,TRUE,TRUE,1,completed
287452880,4,5,2,TRUE,FALSE,FALSE,3,other
287452962,1,2,1,FALSE,FALSE,TRUE,2,still_orphaned
287453133,1,2,1,FALSE,FALSE,TRUE,2,still_orphaned
287453554,2,1,1,TRUE,TRUE,FALSE,0,already_paired
287453623,1,2,1,FALSE,FALSE,TRUE,2,still_orphaned
287454166,3,1,2,FALSE,FALSE,FALSE,0,still_orphaned
287481275,3,2,2,FALSE,TRUE,FALSE,1,completed
287481306,1,0,1,FALSE,FALSE,TRUE,0,still_orphaned
287481369,6,4,3,TRUE,FALSE,FALSE,1,other
287481562,3,1,2,FALSE,FALSE,FALSE,0,still_orphaned
287482167,4,4,2,TRUE,FALSE,FALSE,2,other
287482200,2,1,1,TRUE,TRUE,FALSE,0,already_paired
287482443,4,3,2,TRUE,FALSE,FALSE,1,other
287482645,1,2,1,FALSE,FALSE,TRUE,2,still_orphaned
287482668,3,4,2,FALSE,FALSE,FALSE,3,still_orphaned
287482937,3,3,2,FALSE,FALSE,FALSE,2,still_orphaned
287482957,1,0,1,FALSE,FALSE,TRUE,0,still_orphaned
287483000,2,1,1,TRUE,TRUE,FALSE,0,already_paired
287483168,6,4,3,TRUE,FALSE,FALSE,1,other
287483321,5,3,3,FALSE,TRUE,FALSE,1,completed
287483359,2,4,1,TRUE,FALSE,FALSE,3,other
287483389,3,2,2,FALSE,TRUE,FALSE,1,completed
287483656,2,2,1,TRUE,FALSE,FALSE,1,other
287483689,2,2,1,TRUE,FALSE,FALSE,1,other
287483721,1,0,1,FALSE,FALSE,TRUE,0,still_orphaned
287483727,3,2,2,FALSE,TRUE,FALSE,1,completed
287483877,1,0,1,FALSE,FALSE,TRUE,0,still_orphaned
287483883,3,5,2,FALSE,FALSE,FALSE,4,still_orphaned
287484029,1,2,1,FALSE,FALSE,TRUE,2,still_orphaned
287484142,5,5,3,FALSE,FALSE,FALSE,3,still_orphaned
287484260,7,4,4,FALSE,TRUE,FALSE,1,completed
287484393,4,4,2,TRUE,FALSE,FALSE,2,other
287484542,5,4,3,FALSE,FALSE,FALSE,2,still_orphaned
287484872,3,2,2,FALSE,TRUE,FALSE,1,completed
287484920,9,6,5,FALSE,FALSE,FALSE,2,still_orphaned
287484986,3,2,2,FALSE,TRUE,FALSE,1,completed
287484994,3,2,2,FALSE,TRUE,FALSE,1,completed
287484995,2,1,1,TRUE,TRUE,FALSE,0,already_paired
287485163,5,5,3,FALSE,FALSE,FALSE,3,still_orphaned
287485410,6,6,3,TRUE,FALSE,FALSE,3,other
287485800,2,4,1,TRUE,FALSE,FALSE,3,other
287485886,3,3,2,FALSE,FALSE,FALSE,2,still_orphaned
287485944,1,0,1,FALSE,FALSE,TRUE,0,still_orphaned
287486228,4,4,2,TRUE,FALSE,FALSE,2,other
287486397,3,2,2,FALSE,TRUE,FALSE,1,completed
287486466,2,1,1,TRUE,TRUE,FALSE,0,already_paired
287486507,1,0,1,FALSE,FALSE,TRUE,0,still_orphaned
287486526,5,5,3,FALSE,FALSE,FALSE,3,still_orphaned
287486656,1,4,1,FALSE,FALSE,TRUE,4,still_orphaned
287486912,2,2,1,TRUE,FALSE,FALSE,1,other
287486957,1,0,1,FALSE,FALSE,TRUE,0,still_orphaned
287486960,2,4,1,TRUE,FALSE,FALSE,3,other
287487046,2,2,1,TRUE,FALSE,FALSE,1,other
287487330,2,2,1,TRUE,FALSE,FALSE,1,other
287487483,2,2,1,TRUE,FALSE,FALSE,1,other
287487661,2,2,1,TRUE,FALSE,FALSE,1,other
287487826,1,0,1,FALSE,FALSE,TRUE,0,still_orphaned
287487827,1,0,1,FALSE,FALSE,TRUE,0,still_orphaned
287487915,4,5,2,TRUE,FALSE,FALSE,3,other
287488020,5,5,3,FALSE,FALSE,FALSE,3,still_orphaned
287488445,3,3,2,FALSE,FALSE,FALSE,2,still_orphaned
287488497,4,3,2,TRUE,FALSE,FALSE,1,other
287488787,3,2,2,FALSE,TRUE,FALSE,1,completed
287488809,5,5,3,FALSE,FALSE,FALSE,3,still_orphaned
287488902,2,2,1,TRUE,FALSE,FALSE,1,other
287489122,2,3,1,TRUE,FALSE,FALSE,2,other
287489283,1,2,1,FALSE,FALSE,TRUE,2,still_orphaned
287489433,5,5,3,FALSE,FALSE,FALSE,3,still_orphaned
287489497,2,2,1,TRUE,FALSE,FALSE,1,other
287489685,1,2,1,FALSE,FALSE,TRUE,2,still_orphaned
287489743,3,4,2,FALSE,FALSE,FALSE,3,still_orphaned
287489940,3,2,2,FALSE,TRUE,FALSE,1,completed
287490030,9,6,5,FALSE,FALSE,FALSE,2,still_orphaned
287490288,1,2,1,FALSE,FALSE,TRUE,2,still_orphaned
287490354,1,2,1,FALSE,FALSE,TRUE,2,still_orphaned
287490723,2,1,1,TRUE,TRUE,FALSE,0,already_paired
287490787,1,0,1,FALSE,FALSE,TRUE,0,still_orphaned
287490827,2,2,1,TRUE,FALSE,FALSE,1,other
287490844,2,1,1,TRUE,TRUE,FALSE,0,already_paired
287491110,8,5,4,TRUE,FALSE,FALSE,1,other
287491237,3,4,2,FALSE,FALSE,FALSE,3,still_orphaned
287491332,1,0,1,FALSE,FALSE,TRUE,0,still_orphaned
287491554,5,6,3,FALSE,FALSE,FALSE,4,still_orphaned
287491638,6,4,3,TRUE,FALSE,FALSE,1,other
287491991,3,3,2,FALSE,FALSE,FALSE,2,still_orphaned
287492218,5,3,3,FALSE,TRUE,FALSE,1,completed
287492244,3,3,2,FALSE,FALSE,FALSE,2,still_orphaned
287492427,4,3,2,TRUE,FALSE,FALSE,1,other
287492493,3,4,2,FALSE,FALSE,FALSE,3,still_orphaned
287492606,1,0,1,FALSE,FALSE,TRUE,0,still_orphaned
287492935,2,3,1,TRUE,FALSE,FALSE,2,other
287493011,2,1,1,TRUE,TRUE,FALSE,0,already_paired
287493503,4,5,2,TRUE,FALSE,FALSE,3,other
287493644,2,2,1,TRUE,FALSE,FALSE,1,other
287493765,6,3,3,TRUE,TRUE,FALSE,0,already_paired
287493790,4,3,2,TRUE,FALSE,FALSE,1,other
287493806,1,0,1,FALSE,FALSE,TRUE,0,still_orphaned
287494646,6,5,3,TRUE,FALSE,FALSE,2,other
287494800,2,3,1,TRUE,FALSE,FALSE,2,other
287494814,1,0,1,FALSE,FALSE,TRUE,0,still_orphaned
287494840,3,3,2,FALSE,FALSE,FALSE,2,still_orphaned
287495385,3,3,2,FALSE,FALSE,FALSE,2,still_orphaned
287495499,3,2,2,FALSE,TRUE,FALSE,1,completed
287495711,1,0,1,FALSE,FALSE,TRUE,0,still_orphaned
287495791,5,4,3,FALSE,FALSE,FALSE,2,still_orphaned
287495805,5,3,3,FALSE,TRUE,FALSE,1,completed
287495828,2,2,1,TRUE,FALSE,FALSE,1,other
287495833,5,6,3,FALSE,FALSE,FALSE,4,still_orphaned
287496015,1,0,1,FALSE,FALSE,TRUE,0,still_orphaned
287496170,1,0,1,FALSE,FALSE,TRUE,0,still_orphaned
287496545,2,3,1,TRUE,FALSE,FALSE,2,other
287496759,5,2,3,FALSE,FALSE,FALSE,0,still_orphaned
287496925,1,3,1,FALSE,FALSE,TRUE,3,still_orphaned
287496968,1,0,1,FALSE,FALSE,TRUE,0,still_orphaned
287497049,4,4,2,TRUE,FALSE,FALSE,2,other
287497132,4,3,2,TRUE,FALSE,FALSE,1,other
287497293,2,4,1,TRUE,FALSE,FALSE,3,other
287497907,3,3,2,FALSE,FALSE,FALSE,2,still_orphaned
287498199,6,6,3,TRUE,FALSE,FALSE,3,other
287498275,4,4,2,TRUE,FALSE,FALSE,2,other
287498475,4,6,2,TRUE,FALSE,FALSE,4,other
287498480,1,3,1,FALSE,FALSE,TRUE,3,still_orphaned
287498545,1,2,1,FALSE,FALSE,TRUE,2,still_orphaned
287498595,1,2,1,FALSE,FALSE,TRUE,2,still_orphaned
287498775,5,4,3,FALSE,FALSE,FALSE,2,still_orphaned
287498899,4,3,2,TRUE,FALSE,FALSE,1,other
287499005,4,4,2,TRUE,FALSE,FALSE,2,other
287499006,2,2,1,TRUE,FALSE,FALSE,1,other
287499140,3,3,2,FALSE,FALSE,FALSE,2,still_orphaned
287499185,2,1,1,TRUE,TRUE,FALSE,0,already_paired
287499437,3,3,2,FALSE,FALSE,FALSE,2,still_orphaned
287499494,1,2,1,FALSE,FALSE,TRUE,2,still_orphaned
287499569,2,2,1,TRUE,FALSE,FALSE,1,other
287499810,4,3,2,TRUE,FALSE,FALSE,1,other
287499955,3,1,2,FALSE,FALSE,FALSE,0,still_orphaned
287500162,1,3,1,FALSE,FALSE,TRUE,3,still_orphaned
287500565,3,3,2,FALSE,FALSE,FALSE,2,still_orphaned
287500606,4,3,2,TRUE,FALSE,FALSE,1,other
287500661,2,3,1,TRUE,FALSE,FALSE,2,other
287501000,4,5,2,TRUE,FALSE,FALSE,3,other
287501279,4,3,2,TRUE,FALSE,FALSE,1,other
287501423,2,2,1,TRUE,FALSE,FALSE,1,other
287501641,4,3,2,TRUE,FALSE,FALSE,1,other
287501751,3,2,2,FALSE,TRUE,FALSE,1,completed
287501897,2,2,1,TRUE,FALSE,FALSE,1,other
287502264,2,2,1,TRUE,FALSE,FALSE,1,other
287502670,2,1,1,TRUE,TRUE,FALSE,0,already_paired
287503154,2,2,1,TRUE,FALSE,FALSE,1,other
287503267,2,3,1,TRUE,FALSE,FALSE,2,other
287503366,4,5,2,TRUE,FALSE,FALSE,3,other
287503393,5,5,3,FALSE,FALSE,FALSE,3,still_orphaned
287503572,2,2,1,TRUE,FALSE,FALSE,1,other
287503675,2,2,1,TRUE,FALSE,FALSE,1,other
287503738,3,1,2,FALSE,FALSE,FALSE,0,still_orphaned
287503772,2,2,1,TRUE,FALSE,FALSE,1,other
287503912,1,0,1,FALSE,FALSE,TRUE,0,still_orphaned
287504204,1,0,1,FALSE,FALSE,TRUE,0,still_orphaned
287504415,5,5,3,FALSE,FALSE,FALSE,3,still_orphaned
287504419,1,2,1,FALSE,FALSE,TRUE,2,still_orphaned
287504461,1,0,1,FALSE,FALSE,TRUE,0,still_orphaned
287504608,3,4,2,FALSE,FALSE,FALSE,3,still_orphaned
287504688,3,2,2,FALSE,TRUE,FALSE,1,completed
287504905,4,3,2,TRUE,FALSE,FALSE,1,other
287504946,1,2,1,FALSE,FALSE,TRUE,2,still_orphaned
287505164,5,5,3,FALSE,FALSE,FALSE,3,still_orphaned
287505312,3,4,2,FALSE,FALSE,FALSE,3,still_orphaned
287505321,4,4,2,TRUE,FALSE,FALSE,2,other
287505495,4,5,2,TRUE,FALSE,FALSE,3,other
287505518,6,6,3,TRUE,FALSE,FALSE,3,other
287505604,1,2,1,FALSE,FALSE,TRUE,2,still_orphaned
287505634,4,3,2,TRUE,FALSE,FALSE,1,other
287505849,3,1,2,FALSE,FALSE,FALSE,0,still_orphaned
287505940,1,0,1,FALSE,FALSE,TRUE,0,still_orphaned
287506024,2,2,1,TRUE,FALSE,FALSE,1,other
287506471,2,1,1,TRUE,TRUE,FALSE,0,already_paired
287506514,1,0,1,FALSE,FALSE,TRUE,0,still_orphaned
287506690,1,3,1,FALSE,FALSE,TRUE,3,still_orphaned
287506862,3,5,2,FALSE,FALSE,FALSE,4,still_orphaned
287507182,3,4,2,FALSE,FALSE,FALSE,3,still_orphaned
287507506,1,1,1,FALSE,TRUE,TRUE,1,completed
287507638,2,3,1,TRUE,FALSE,FALSE,2,other
287507671,1,0,1,FALSE,FALSE,TRUE,0,still_orphaned
287507830,4,4,2,TRUE,FALSE,FALSE,2,other
287507882,4,3,2,TRUE,FALSE,FALSE,1,other
287507896,3,2,2,FALSE,TRUE,FALSE,1,completed
287508220,2,2,1,TRUE,FALSE,FALSE,1,other
287508297,3,5,2,FALSE,FALSE,FALSE,4,still_orphaned
287508402,3,2,2,FALSE,TRUE,FALSE,1,completed
287508436,4,3,2,TRUE,FALSE,FALSE,1,other
287508539,5,7,3,FALSE,FALSE,FALSE,5,still_orphaned
287508678,2,1,1,TRUE,TRUE,FALSE,0,already_paired
287508681,1,2,1,FALSE,FALSE,TRUE,2,still_orphaned
287509036,2,2,1,TRUE,FALSE,FALSE,1,other
287509344,2,1,1,TRUE,TRUE,FALSE,0,already_paired
287509502,5,5,3,FALSE,FALSE,FALSE,3,still_orphaned
287509516,2,3,1,TRUE,FALSE,FALSE,2,other
287509594,5,7,3,FALSE,FALSE,FALSE,5,still_orphaned
287509617,4,2,2,TRUE,TRUE,FALSE,0,already_paired
287509749,1,2,1,FALSE,FALSE,TRUE,2,still_orphaned
287509805,3,3,2,FALSE,FALSE,FALSE,2,still_orphaned
287509913,2,2,1,TRUE,FALSE,FALSE,1,other
287509918,1,0,1,FALSE,FALSE,TRUE,0,still_orphaned
287510064,2,2,1,TRUE,FALSE,FALSE,1,other
287510080,2,2,1,TRUE,FALSE,FALSE,1,other
287510165,2,2,1,TRUE,FALSE,FALSE,1,other
287510587,1,0,1,FALSE,FALSE,TRUE,0,still_orphaned
287510686,1,2,1,FALSE,FALSE,TRUE,2,still_orphaned
287511153,3,2,2,FALSE,TRUE,FALSE,1,completed
287517714,3,1,2,FALSE,FALSE,FALSE,0,still_orphaned
287517872,3,2,2,FALSE,TRUE,FALSE,1,completed
287518135,4,5,2,TRUE,FALSE,FALSE,3,other
287518336,3,3,2,FALSE,FALSE,FALSE,2,still_orphaned
287518486,3,4,2,FALSE,FALSE,FALSE,3,still_orphaned
287518694,1,3,1,FALSE,FALSE,TRUE,3,still_orphaned
287518723,5,3,3,FALSE,TRUE,FALSE,1,completed
287518784,1,2,1,FALSE,FALSE,TRUE,2,still_orphaned
287519024,1,0,1,FALSE,FALSE,TRUE,0,still_orphaned
287519182,1,0,1,FALSE,FALSE,TRUE,0,still_orphaned
287519226,2,2,1,TRUE,FALSE,FALSE,1,other
287519382,3,2,2,FALSE,TRUE,FALSE,1,completed
287519494,1,2,1,FALSE,FALSE,TRUE,2,still_orphaned
287519746,6,5,3,TRUE,FALSE,FALSE,2,other
287519779,4,6,2,TRUE,FALSE,FALSE,4,other
287519780,5,6,3,FALSE,FALSE,FALSE,4,still_orphaned
287519789,5,3,3,FALSE,TRUE,FALSE,1,completed
287519850,2,2,1,TRUE,FALSE,FALSE,1,other
287519854,4,2,2,TRUE,TRUE,FALSE,0,already_paired
287519906,2,3,1,TRUE,FALSE,FALSE,2,other
287519931,4,4,2,TRUE,FALSE,FALSE,2,other
287520060,7,6,4,FALSE,FALSE,FALSE,3,still_orphaned
287520290,5,4,3,FALSE,FALSE,FALSE,2,still_orphaned
287520355,3,4,2,FALSE,FALSE,FALSE,3,still_orphaned
287520374,1,3,1,FALSE,FALSE,TRUE,3,still_orphaned
287520736,5,7,3,FALSE,FALSE,FALSE,5,still_orphaned
287520987,6,3,3,TRUE,TRUE,FALSE,0,already_paired
287521076,1,0,1,FALSE,FALSE,TRUE,0,still_orphaned
287521305,3,3,2,FALSE,FALSE,FALSE,2,still_orphaned
287521369,3,2,2,FALSE,TRUE,FALSE,1,completed
287521438,2,3,1,TRUE,FALSE,FALSE,2,other
287521505,2,2,1,TRUE,FALSE,FALSE,1,other
287521583,3,2,2,FALSE,TRUE,FALSE,1,completed
287521694,6,5,3,TRUE,FALSE,FALSE,2,other
287521791,2,2,1,TRUE,FALSE,FALSE,1,other
287521880,4,5,2,TRUE,FALSE,FALSE,3,other
287522090,1,0,1,FALSE,FALSE,TRUE,0,still_orphaned
287522146,2,2,1,TRUE,FALSE,FALSE,1,other
287522346,3,3,2,FALSE,FALSE,FALSE,2,still_orphaned
287522391,4,2,2,TRUE,TRUE,FALSE,0,already_paired
287522609,3,3,2,FALSE,FALSE,FALSE,2,still_orphaned
287522694,2,1,1,TRUE,TRUE,FALSE,0,already_paired
287522700,3,4,2,FALSE,FALSE,FALSE,3,still_orphaned
287522705,1,0,1,FALSE,FALSE,TRUE,0,still_orphaned
287522937,2,2,1,TRUE,FALSE,FALSE,1,other
287523162,7,7,4,FALSE,FALSE,FALSE,4,still_orphaned
287523328,1,0,1,FALSE,FALSE,TRUE,0,still_orphaned
287523525,3,5,2,FALSE,FALSE,FALSE,4,still_orphaned
287523705,4,5,2,TRUE,FALSE,FALSE,3,other
287523731,1,2,1,FALSE,FALSE,TRUE,2,still_orphaned
287524378,2,2,1,TRUE,FALSE,FALSE,1,other
287524445,3,2,2,FALSE,TRUE,FALSE,1,completed
287524556,4,2,2,TRUE,TRUE,FALSE,0,already_paired
287524662,2,2,1,TRUE,FALSE,FALSE,1,other
287524700,9,8,5,FALSE,FALSE,FALSE,4,still_orphaned
287524733,1,0,1,FALSE,FALSE,TRUE,0,still_orphaned
287524942,4,4,2,TRUE,FALSE,FALSE,2,other
287524991,1,4,1,FALSE,FALSE,TRUE,4,still_orphaned
287525078,1,2,1,FALSE,FALSE,TRUE,2,still_orphaned
287525425,1,0,1,FALSE,FALSE,TRUE,0,still_orphaned
287525484,4,5,2,TRUE,FALSE,FALSE,3,other
287525661,1,2,1,FALSE,FALSE,TRUE,2,still_orphaned
287525789,6,6,3,TRUE,FALSE,FALSE,3,other
287525841,3,5,2,FALSE,FALSE,FALSE,4,still_orphaned
287525954,2,3,1,TRUE,FALSE,FALSE,2,other
287526095,1,2,1,FALSE,FALSE,TRUE,2,still_orphaned
287526193,3,5,2,FALSE,FALSE,FALSE,4,still_orphaned
287526644,1,3,1,FALSE,FALSE,TRUE,3,still_orphaned
287527112,3,3,2,FALSE,FALSE,FALSE,2,still_orphaned
287527509,2,2,1,TRUE,FALSE,FALSE,1,other
287527706,2,3,1,TRUE,FALSE,FALSE,2,other
287527880,1,2,1,FALSE,FALSE,TRUE,2,still_orphaned
287527894,2,2,1,TRUE,FALSE,FALSE,1,other
287527974,2,1,1,TRUE,TRUE,FALSE,0,already_paired
287528223,3,3,2,FALSE,FALSE,FALSE,2,still_orphaned
287528224,1,0,1,FALSE,FALSE,TRUE,0,still_orphaned
287528356,1,0,1,FALSE,FALSE,TRUE,0,still_orphaned
287528733,2,2,1,TRUE,FALSE,FALSE,1,other
287528734,4,4,2,TRUE,FALSE,FALSE,2,other
287528775,3,2,2,FALSE,TRUE,FALSE,1,completed
287528807,4,4,2,TRUE,FALSE,FALSE,2,other
287529203,5,5,3,FALSE,FALSE,FALSE,3,still_orphaned
287529204,1,0,1,FALSE,FALSE,TRUE,0,still_orphaned
287529510,4,4,2,TRUE,FALSE,FALSE,2,other
287529679,4,4,2,TRUE,FALSE,FALSE,2,other
287529728,1,2,1,FALSE,FALSE,TRUE,2,still_orphaned
287530494,2,1,1,TRUE,TRUE,FALSE,0,already_paired
287530628,1,0,1,FALSE,FALSE,TRUE,0,still_orphaned
287530783,1,0,1,FALSE,FALSE,TRUE,0,still_orphaned
287530786,4,5,2,TRUE,FALSE,FALSE,3,other
287531006,4,5,2,TRUE,FALSE,FALSE,3,other
287531085,1,0,1,FALSE,FALSE,TRUE,0,still_orphaned
287531088,1,2,1,FALSE,FALSE,TRUE,2,still_orphaned
287531156,3,2,2,FALSE,TRUE,FALSE,1,completed
287531167,6,7,3,TRUE,FALSE,FALSE,4,other
287531316,1,0,1,FALSE,FALSE,TRUE,0,still_orphaned
287531568,3,3,2,FALSE,FALSE,FALSE,2,still_orphaned
287531639,1,2,1,FALSE,FALSE,TRUE,2,still_orphaned
287531723,2,2,1,TRUE,FALSE,FALSE,1,other
287532424,4,6,2,TRUE,FALSE,FALSE,4,other
287532425,1,0,1,FALSE,FALSE,TRUE,0,still_orphaned
287532889,1,0,1,FALSE,FALSE,TRUE,0,still_orphaned
287533176,1,3,1,FALSE,FALSE,TRUE,3,still_orphaned
287533373,4,2,2,TRUE,TRUE,FALSE,0,already_paired
287533811,4,3,2,TRUE,FALSE,FALSE,1,other
287533939,5,3,3,FALSE,TRUE,FALSE,1,completed
287533990,3,3,2,FALSE,FALSE,FALSE,2,still_orphaned
287534027,2,2,1,TRUE,FALSE,FALSE,1,other
287534118,4,3,2,TRUE,FALSE,FALSE,1,other
287534349,3,2,2,FALSE,TRUE,FALSE,1,completed
287534376,3,3,2,FALSE,FALSE,FALSE,2,still_orphaned
287534530,5,5,3,FALSE,FALSE,FALSE,3,still_orphaned
287534554,2,2,1,TRUE,FALSE,FALSE,1,other
287534723,7,8,4,FALSE,FALSE,FALSE,5,still_orphaned
287534920,1,0,1,FALSE,FALSE,TRUE,0,still_orphaned
287534970,3,2,2,FALSE,TRUE,FALSE,1,completed
287534988,5,4,3,FALSE,FALSE,FALSE,2,still_orphaned
287535413,4,3,2,TRUE,FALSE,FALSE,1,other
287535494,2,3,1,TRUE,FALSE,FALSE,2,other
287535519,2,1,1,TRUE,TRUE,FALSE,0,already_paired
287535903,1,0,1,FALSE,FALSE,TRUE,0,still_orphaned
287536307,1,2,1,FALSE,FALSE,TRUE,2,still_orphaned
287536322,4,5,2,TRUE,FALSE,FALSE,3,other
287536385,2,2,1,TRUE,FALSE,FALSE,1,other
287536966,2,1,1,TRUE,TRUE,FALSE,0,already_paired
287537164,3,5,2,FALSE,FALSE,FALSE,4,still_orphaned
287537390,1,2,1,FALSE,FALSE,TRUE,2,still_orphaned
287537407,6,5,3,TRUE,FALSE,FALSE,2,other
287537418,2,1,1,TRUE,TRUE,FALSE,0,already_paired
287537458,5,6,3,FALSE,FALSE,FALSE,4,still_orphaned
287537589,2,2,1,TRUE,FALSE,FALSE,1,other
287537661,4,3,2,TRUE,FALSE,FALSE,1,other
287537957,1,2,1,FALSE,FALSE,TRUE,2,still_orphaned
287537974,3,2,2,FALSE,TRUE,FALSE,1,completed
287538215,3,2,2,FALSE,TRUE,FALSE,1,completed
287538236,1,2,1,FALSE,FALSE,TRUE,2,still_orphaned
287538237,3,4,2,FALSE,FALSE,FALSE,3,still_orphaned
287538238,1,3,1,FALSE,FALSE,TRUE,3,still_orphaned
287538559,4,3,2,TRUE,FALSE,FALSE,1,other
287538772,2,1,1,TRUE,TRUE,FALSE,0,already_paired
287538795,1,0,1,FALSE,FALSE,TRUE,0,still_orphaned
287539023,5,4,3,FALSE,FALSE,FALSE,2,still_orphaned
287539040,1,0,1,FALSE,FALSE,TRUE,0,still_orphaned
287539210,4,4,2,TRUE,FALSE,FALSE,2,other
287539385,3,2,2,FALSE,TRUE,FALSE,1,completed
287539542,2,4,1,TRUE,FALSE,FALSE,3,other
287539635,4,4,2,TRUE,FALSE,FALSE,2,other
287539702,1,0,1,FALSE,FALSE,TRUE,0,still_orphaned
287539802,3,3,2,FALSE,FALSE,FALSE,2,still_orphaned
287539817,1,0,1,FALSE,FALSE,TRUE,0,still_orphaned
287539932,3,2,2,FALSE,TRUE,FALSE,1,completed
287540078,3,4,2,FALSE,FALSE,FALSE,3,still_orphaned
287540092,2,1,1,TRUE,TRUE,FALSE,0,already_paired
287540130,1,4,1,FALSE,FALSE,TRUE,4,still_orphaned
287540324,2,2,1,TRUE,FALSE,FALSE,1,other
287540366,2,2,1,TRUE,FALSE,FALSE,1,other
287540481,2,2,1,TRUE,FALSE,FALSE,1,other
287540689,2,1,1,TRUE,TRUE,FALSE,0,already_paired
287540713,4,4,2,TRUE,FALSE,FALSE,2,other
287540763,2,3,1,TRUE,FALSE,FALSE,2,other
287540880,3,4,2,FALSE,FALSE,FALSE,3,still_orphaned
287541030,3,3,2,FALSE,FALSE,FALSE,2,still_orphaned
287541165,1,0,1,FALSE,FALSE,TRUE,0,still_orphaned
287541310,4,3,2,TRUE,FALSE,FALSE,1,other
287541373,1,2,1,FALSE,FALSE,TRUE,2,still_orphaned
287541540,2,1,1,TRUE,TRUE,FALSE,0,already_paired
287541608,4,3,2,TRUE,FALSE,FALSE,1,other
287541853,4,4,2,TRUE,FALSE,FALSE,2,other
287542035,2,2,1,TRUE,FALSE,FALSE,1,other
287542302,2,4,1,TRUE,FALSE,FALSE,3,other
287542352,2,1,1,TRUE,TRUE,FALSE,0,already_paired
287542534,1,0,1,FALSE,FALSE,TRUE,0,still_orphaned
287542699,5,5,3,FALSE,FALSE,FALSE,3,still_orphaned
287542810,2,3,1,TRUE,FALSE,FALSE,2,other
287542812,5,5,3,FALSE,FALSE,FALSE,3,still_orphaned
287542879,2,2,1,TRUE,FALSE,FALSE,1,other
287542951,2,2,1,TRUE,FALSE,FALSE,1,other
287543203,3,3,2,FALSE,FALSE,FALSE,2,still_orphaned
287543231,5,6,3,FALSE,FALSE,FALSE,4,still_orphaned
287543452,3,5,2,FALSE,FALSE,FALSE,4,still_orphaned
287543603,7,4,4,FALSE,TRUE,FALSE,1,completed
287543625,3,2,2,FALSE,TRUE,FALSE,1,completed
287543712,5,5,3,FALSE,FALSE,FALSE,3,still_orphaned
287543801,2,1,1,TRUE,TRUE,FALSE,0,already_paired
287544169,1,2,1,FALSE,FALSE,TRUE,2,still_orphaned
287544304,2,1,1,TRUE,TRUE,FALSE,0,already_paired
287544320,2,1,1,TRUE,TRUE,FALSE,0,already_paired
287544597,1,2,1,FALSE,FALSE,TRUE,2,still_orphaned
287544606,2,2,1,TRUE,FALSE,FALSE,1,other
287544723,3,2,2,FALSE,TRUE,FALSE,1,completed
287544824,3,4,2,FALSE,FALSE,FALSE,3,still_orphaned
287544957,5,5,3,FALSE,FALSE,FALSE,3,still_orphaned
287545517,3,5,2,FALSE,FALSE,FALSE,4,still_orphaned
287545720,4,3,2,TRUE,FALSE,FALSE,1,other
287545737,2,2,1,TRUE,FALSE,FALSE,1,other
287545827,2,2,1,TRUE,FALSE,FALSE,1,other
287545899,2,2,1,TRUE,FALSE,FALSE,1,other
287545956,2,2,1,TRUE,FALSE,FALSE,1,other
287546070,3,2,2,FALSE,TRUE,FALSE,1,completed
287546417,4,3,2,TRUE,FALSE,FALSE,1,other
287546451,2,2,1,TRUE,FALSE,FALSE,1,other
287546541,7,5,4,FALSE,FALSE,FALSE,2,still_orphaned
287546610,2,2,1,TRUE,FALSE,FALSE,1,other
287546655,4,4,2,TRUE,FALSE,FALSE,2,other
287546906,4,4,2,TRUE,FALSE,FALSE,2,other
287547151,3,2,2,FALSE,TRUE,FALSE,1,completed
287547174,2,2,1,TRUE,FALSE,FALSE,1,other
287547337,2,3,1,TRUE,FALSE,FALSE,2,other
287548051,1,3,1,FALSE,FALSE,TRUE,3,still_orphaned
287549420,3,3,2,FALSE,FALSE,FALSE,2,still_orphaned
287572782,7,5,4,FALSE,FALSE,FALSE,2,still_orphaned
287572844,3,4,2,FALSE,FALSE,FALSE,3,still_orphaned
287572934,1,3,1,FALSE,FALSE,TRUE,3,still_orphaned
287573043,2,2,1,TRUE,FALSE,FALSE,1,other
287573463,2,2,1,TRUE,FALSE,FALSE,1,other
287573602,1,3,1,FALSE,FALSE,TRUE,3,still_orphaned
287573758,2,3,1,TRUE,FALSE,FALSE,2,other
287574152,2,4,1,TRUE,FALSE,FALSE,3,other
287574264,2,2,1,TRUE,FALSE,FALSE,1,other
287574532,2,2,1,TRUE,FALSE,FALSE,1,other
287574563,4,4,2,TRUE,FALSE,FALSE,2,other
287574683,2,1,1,TRUE,TRUE,FALSE,0,already_paired
287574807,5,5,3,FALSE,FALSE,FALSE,3,still_orphaned
287574914,5,7,3,FALSE,FALSE,FALSE,5,still_orphaned
287574970,1,0,1,FALSE,FALSE,TRUE,0,still_orphaned
287575279,5,6,3,FALSE,FALSE,FALSE,4,still_orphaned
287575333,3,2,2,FALSE,TRUE,FALSE,1,completed
287575374,2,2,1,TRUE,FALSE,FALSE,1,other
287575506,3,2,2,FALSE,TRUE,FALSE,1,completed
287575524,3,4,2,FALSE,FALSE,FALSE,3,still_orphaned
287575640,4,3,2,TRUE,FALSE,FALSE,1,other
287575767,3,4,2,FALSE,FALSE,FALSE,3,still_orphaned
287575801,3,4,2,FALSE,FALSE,FALSE,3,still_orphaned
287575893,4,2,2,TRUE,TRUE,FALSE,0,already_paired
287576044,9,8,5,FALSE,FALSE,FALSE,4,still_orphaned
287576169,3,2,2,FALSE,TRUE,FALSE,1,completed
287576244,4,3,2,TRUE,FALSE,FALSE,1,other
287576355,6,6,3,TRUE,FALSE,FALSE,3,other
287576620,2,2,1,TRUE,FALSE,FALSE,1,other
287576689,3,3,2,FALSE,FALSE,FALSE,2,still_orphaned
287576765,1,2,1,FALSE,FALSE,TRUE,2,still_orphaned
287576838,3,2,2,FALSE,TRUE,FALSE,1,completed
287576866,3,2,2,FALSE,TRUE,FALSE,1,completed
287576976,4,3,2,TRUE,FALSE,FALSE,1,other
287577230,3,1,2,FALSE,FALSE,FALSE,0,still_orphaned
287577271,4,6,2,TRUE,FALSE,FALSE,4,other
287577345,2,1,1,TRUE,TRUE,FALSE,0,already_paired
287577395,1,0,1,FALSE,FALSE,TRUE,0,still_orphaned
287577483,1,0,1,FALSE,FALSE,TRUE,0,still_orphaned
287577586,6,4,3,TRUE,FALSE,FALSE,1,other
287577783,1,2,1,FALSE,FALSE,TRUE,2,still_orphaned
287578300,3,1,2,FALSE,FALSE,FALSE,0,still_orphaned
287578339,6,4,3,TRUE,FALSE,FALSE,1,other
287578349,3,2,2,FALSE,TRUE,FALSE,1,completed
287578637,1,0,1,FALSE,FALSE,TRUE,0,still_orphaned
287578651,4,4,2,TRUE,FALSE,FALSE,2,other
287578799,2,2,1,TRUE,FALSE,FALSE,1,other
287578947,2,2,1,TRUE,FALSE,FALSE,1,other
287579266,3,2,2,FALSE,TRUE,FALSE,1,completed
287579372,3,4,2,FALSE,FALSE,FALSE,3,still_orphaned
287579801,6,6,3,TRUE,FALSE,FALSE,3,other
287579848,8,5,4,TRUE,FALSE,FALSE,1,other
287579892,1,4,1,FALSE,FALSE,TRUE,4,still_orphaned
287580338,2,1,1,TRUE,TRUE,FALSE,0,already_paired
287580358,5,4,3,FALSE,FALSE,FALSE,2,still_orphaned
287580372,1,2,1,FALSE,FALSE,TRUE,2,still_orphaned
287580398,1,0,1,FALSE,FALSE,TRUE,0,still_orphaned
287580848,7,6,4,FALSE,FALSE,FALSE,3,still_orphaned
287580913,4,6,2,TRUE,FALSE,FALSE,4,other
287580927,2,3,1,TRUE,FALSE,FALSE,2,other
287581049,5,4,3,FALSE,FALSE,FALSE,2,still_orphaned
287581343,3,2,2,FALSE,TRUE,FALSE,1,completed
287581375,8,6,4,TRUE,FALSE,FALSE,2,other
287581436,2,2,1,TRUE,FALSE,FALSE,1,other
287581722,3,3,2,FALSE,FALSE,FALSE,2,still_orphaned
287581796,3,5,2,FALSE,FALSE,FALSE,4,still_orphaned
287581901,6,6,3,TRUE,FALSE,FALSE,3,other
287581932,2,1,1,TRUE,TRUE,FALSE,0,already_paired
287581974,3,2,2,FALSE,TRUE,FALSE,1,completed
287582140,8,7,4,TRUE,FALSE,FALSE,3,other
287582146,4,3,2,TRUE,FALSE,FALSE,1,other
287582255,6,6,3,TRUE,FALSE,FALSE,3,other
287582694,4,3,2,TRUE,FALSE,FALSE,1,other
287582811,2,3,1,TRUE,FALSE,FALSE,2,other
287582833,6,5,3,TRUE,FALSE,FALSE,2,other
287583037,3,2,2,FALSE,TRUE,FALSE,1,completed
287583233,3,4,2,FALSE,FALSE,FALSE,3,still_orphaned
287583391,3,3,2,FALSE,FALSE,FALSE,2,still_orphaned
287583531,3,3,2,FALSE,FALSE,FALSE,2,still_orphaned
287584015,1,0,1,FALSE,FALSE,TRUE,0,still_orphaned
287584046,1,1,1,FALSE,TRUE,TRUE,1,completed
287584100,2,2,1,TRUE,FALSE,FALSE,1,other
287584125,2,3,1,TRUE,FALSE,FALSE,2,other
287584482,5,6,3,FALSE,FALSE,FALSE,4,still_orphaned
287584744,5,7,3,FALSE,FALSE,FALSE,5,still_orphaned
287585126,3,5,2,FALSE,FALSE,FALSE,4,still_orphaned
287585158,2,2,1,TRUE,FALSE,FALSE,1,other
287585196,3,5,2,FALSE,FALSE,FALSE,4,still_orphaned
287585520,5,6,3,FALSE,FALSE,FALSE,4,still_orphaned
287585759,3,1,2,FALSE,FALSE,FALSE,0,still_orphaned
287585865,2,4,1,TRUE,FALSE,FALSE,3,other
287585982,1,3,1,FALSE,FALSE,TRUE,3,still_orphaned
287586016,4,5,2,TRUE,FALSE,FALSE,3,other
287586122,1,0,1,FALSE,FALSE,TRUE,0,still_orphaned
287586194,4,3,2,TRUE,FALSE,FALSE,1,other
287586451,2,2,1,TRUE,FALSE,FALSE,1,other
287586738,2,1,1,TRUE,TRUE,FALSE,0,already_paired
287586789,2,2,1,TRUE,FALSE,FALSE,1,other
287586850,3,2,2,FALSE,TRUE,FALSE,1,completed
287587289,6,7,3,TRUE,FALSE,FALSE,4,other
287587333,4,5,2,TRUE,FALSE,FALSE,3,other
287587867,3,4,2,FALSE,FALSE,FALSE,3,still_orphaned
287587945,3,2,2,FALSE,TRUE,FALSE,1,completed
287588068,1,0,1,FALSE,FALSE,TRUE,0,still_orphaned
287588069,2,3,1,TRUE,FALSE,FALSE,2,other
287588078,1,4,1,FALSE,FALSE,TRUE,4,still_orphaned
287588199,1,2,1,FALSE,FALSE,TRUE,2,still_orphaned
287588206,3,2,2,FALSE,TRUE,FALSE,1,completed
287588603,2,2,1,TRUE,FALSE,FALSE,1,other
287588819,1,0,1,FALSE,FALSE,TRUE,0,still_orphaned
287589264,2,3,1,TRUE,FALSE,FALSE,2,other
287589663,6,5,3,TRUE,FALSE,FALSE,2,other
287589719,1,2,1,FALSE,FALSE,TRUE,2,still_orphaned
287589889,1,2,1,FALSE,FALSE,TRUE,2,still_orphaned
287590144,2,4,1,TRUE,FALSE,FALSE,3,other
287590183,11,8,6,FALSE,FALSE,FALSE,3,still_orphaned
287590445,4,3,2,TRUE,FALSE,FALSE,1,other
287590589,4,3,2,TRUE,FALSE,FALSE,1,other
287590782,5,3,3,FALSE,TRUE,FALSE,1,completed
287590918,3,1,2,FALSE,FALSE,FALSE,0,still_orphaned
287591117,1,3,1,FALSE,FALSE,TRUE,3,still_orphaned
287591141,7,3,4,FALSE,FALSE,FALSE,0,still_orphaned
287591204,1,2,1,FALSE,FALSE,TRUE,2,still_orphaned
287591481,3,1,2,FALSE,FALSE,FALSE,0,still_orphaned
287591540,9,8,5,FALSE,FALSE,FALSE,4,still_orphaned
287591544,1,4,1,FALSE,FALSE,TRUE,4,still_orphaned
287591759,1,1,1,FALSE,TRUE,TRUE,1,completed
287592012,2,2,1,TRUE,FALSE,FALSE,1,other
287592164,3,2,2,FALSE,TRUE,FALSE,1,completed
287592607,1,1,1,FALSE,TRUE,TRUE,1,completed
287592949,2,1,1,TRUE,TRUE,FALSE,0,already_paired
287592974,6,8,3,TRUE,FALSE,FALSE,5,other
287593060,5,3,3,FALSE,TRUE,FALSE,1,completed
287593267,6,7,3,TRUE,FALSE,FALSE,4,other
287593286,6,4,3,TRUE,FALSE,FALSE,1,other
287593403,2,2,1,TRUE,FALSE,FALSE,1,other
287593858,4,3,2,TRUE,FALSE,FALSE,1,other
287593919,6,7,3,TRUE,FALSE,FALSE,4,other
287594192,3,2,2,FALSE,TRUE,FALSE,1,completed
287594315,2,3,1,TRUE,FALSE,FALSE,2,other
287594346,3,6,2,FALSE,FALSE,FALSE,5,still_orphaned
287594421,5,7,3,FALSE,FALSE,FALSE,5,still_orphaned
287594834,2,2,1,TRUE,FALSE,FALSE,1,other
287594839,1,2,1,FALSE,FALSE,TRUE,2,still_orphaned
287595140,3,2,2,FALSE,TRUE,FALSE,1,completed
287595154,2,2,1,TRUE,FALSE,FALSE,1,other
287595164,2,2,1,TRUE,FALSE,FALSE,1,other
287595480,3,2,2,FALSE,TRUE,FALSE,1,completed
287595792,5,4,3,FALSE,FALSE,FALSE,2,still_orphaned
287595841,5,3,3,FALSE,TRUE,FALSE,1,completed
287595971,2,3,1,TRUE,FALSE,FALSE,2,other
287595996,1,2,1,FALSE,FALSE,TRUE,2,still_orphaned
287596327,4,4,2,TRUE,FALSE,FALSE,2,other
287596329,4,5,2,TRUE,FALSE,FALSE,3,other
287596614,2,2,1,TRUE,FALSE,FALSE,1,other
287596793,5,4,3,FALSE,FALSE,FALSE,2,still_orphaned
287596808,3,2,2,FALSE,TRUE,FALSE,1,completed
287596923,6,8,3,TRUE,FALSE,FALSE,5,other
287597125,1,1,1,FALSE,TRUE,TRUE,1,completed
287597286,8,6,4,TRUE,FALSE,FALSE,2,other
287597384,2,3,1,TRUE,FALSE,FALSE,2,other
287597406,3,2,2,FALSE,TRUE,FALSE,1,completed
287597477,2,1,1,TRUE,TRUE,FALSE,0,already_paired
287597656,1,0,1,FALSE,FALSE,TRUE,0,still_orphaned
287597738,5,6,3,FALSE,FALSE,FALSE,4,still_orphaned
287597896,3,4,2,FALSE,FALSE,FALSE,3,still_orphaned
287598154,3,2,2,FALSE,TRUE,FALSE,1,completed
287598209,4,2,2,TRUE,TRUE,FALSE,0,already_paired
287598213,1,2,1,FALSE,FALSE,TRUE,2,still_orphaned
287598221,2,2,1,TRUE,FALSE,FALSE,1,other
287598290,2,1,1,TRUE,TRUE,FALSE,0,already_paired
287598388,4,3,2,TRUE,FALSE,FALSE,1,other
287598577,4,2,2,TRUE,TRUE,FALSE,0,already_paired
287598628,2,2,1,TRUE,FALSE,FALSE,1,other
287598687,5,6,3,FALSE,FALSE,FALSE,4,still_orphaned
287598821,1,2,1,FALSE,FALSE,TRUE,2,still_orphaned
287598920,3,3,2,FALSE,FALSE,FALSE,2,still_orphaned
287599011,2,1,1,TRUE,TRUE,FALSE,0,already_paired
287599097,1,0,1,FALSE,FALSE,TRUE,0,still_orphaned
287599214,1,2,1,FALSE,FALSE,TRUE,2,still_orphaned
287599224,3,3,2,FALSE,FALSE,FALSE,2,still_orphaned
287599227,1,2,1,FALSE,FALSE,TRUE,2,still_orphaned
287599443,2,1,1,TRUE,TRUE,FALSE,0,already_paired
287599723,3,4,2,FALSE,FALSE,FALSE,3,still_orphaned
287599896,1,1,1,FALSE,TRUE,TRUE,1,completed
287600433,2,2,1,TRUE,FALSE,FALSE,1,other
287600476,1,2,1,FALSE,FALSE,TRUE,2,still_orphaned
287600716,3,5,2,FALSE,FALSE,FALSE,4,still_orphaned
287601055,3,2,2,FALSE,TRUE,FALSE,1,completed
287601203,1,2,1,FALSE,FALSE,TRUE,2,still_orphaned
287601230,2,3,1,TRUE,FALSE,FALSE,2,other
287602037,3,3,2,FALSE,FALSE,FALSE,2,still_orphaned
287602263,3,5,2,FALSE,FALSE,FALSE,4,still_orphaned
287602463,5,3,3,FALSE,TRUE,FALSE,1,completed
287602492,3,5,2,FALSE,FALSE,FALSE,4,still_orphaned
287602669,2,2,1,TRUE,FALSE,FALSE,1,other
287602740,1,2,1,FALSE,FALSE,TRUE,2,still_orphaned
287602797,2,2,1,TRUE,FALSE,FALSE,1,other
287602939,2,4,1,TRUE,FALSE,FALSE,3,other
287602999,4,3,2,TRUE,FALSE,FALSE,1,other
287603067,1,2,1,FALSE,FALSE,TRUE,2,still_orphaned
287603189,6,5,3,TRUE,FALSE,FALSE,2,other
287603196,3,4,2,FALSE,FALSE,FALSE,3,still_orphaned
287603491,4,4,2,TRUE,FALSE,FALSE,2,other
287603526,4,2,2,TRUE,TRUE,FALSE,0,already_paired
287603821,1,0,1,FALSE,FALSE,TRUE,0,still_orphaned
287603878,3,3,2,FALSE,FALSE,FALSE,2,still_orphaned
287603995,2,2,1,TRUE,FALSE,FALSE,1,other
287604202,2,2,1,TRUE,FALSE,FALSE,1,other
287604375,3,4,2,FALSE,FALSE,FALSE,3,still_orphaned
287604553,2,4,1,TRUE,FALSE,FALSE,3,other
287604770,9,4,5,FALSE,FALSE,FALSE,0,still_orphaned
287605260,2,3,1,TRUE,FALSE,FALSE,2,other
287628839,2,2,1,TRUE,FALSE,FALSE,1,other
287629790,1,0,1,FALSE,FALSE,TRUE,0,still_orphaned
287630028,1,0,1,FALSE,FALSE,TRUE,0,still_orphaned
287630352,3,6,2,FALSE,FALSE,FALSE,5,still_orphaned
287630361,3,3,2,FALSE,FALSE,FALSE,2,still_orphaned
287630696,3,1,2,FALSE,FALSE,FALSE,0,still_orphaned
287630781,5,4,3,FALSE,FALSE,FALSE,2,still_orphaned
287630974,3,1,2,FALSE,FALSE,FALSE,0,still_orphaned
287631403,5,4,3,FALSE,FALSE,FALSE,2,still_orphaned
287631445,2,2,1,TRUE,FALSE,FALSE,1,other
287631718,1,0,1,FALSE,FALSE,TRUE,0,still_orphaned
287631925,2,2,1,TRUE,FALSE,FALSE,1,other
287631988,2,2,1,TRUE,FALSE,FALSE,1,other
287632027,3,2,2,FALSE,TRUE,FALSE,1,completed
287632173,5,3,3,FALSE,TRUE,FALSE,1,completed
287632508,3,2,2,FALSE,TRUE,FALSE,1,completed
287632560,4,5,2,TRUE,FALSE,FALSE,3,other
287632563,2,2,1,TRUE,FALSE,FALSE,1,other
287632617,4,3,2,TRUE,FALSE,FALSE,1,other
287632674,1,2,1,FALSE,FALSE,TRUE,2,still_orphaned
287632699,3,5,2,FALSE,FALSE,FALSE,4,still_orphaned
287632882,4,3,2,TRUE,FALSE,FALSE,1,other
287633069,5,6,3,FALSE,FALSE,FALSE,4,still_orphaned
287633094,2,3,1,TRUE,FALSE,FALSE,2,other
287633118,1,2,1,FALSE,FALSE,TRUE,2,still_orphaned
287633177,1,2,1,FALSE,FALSE,TRUE,2,still_orphaned
287633239,6,7,3,TRUE,FALSE,FALSE,4,other
287633619,5,6,3,FALSE,FALSE,FALSE,4,still_orphaned
287633846,4,4,2,TRUE,FALSE,FALSE,2,other
287633877,4,5,2,TRUE,FALSE,FALSE,3,other
287634005,4,3,2,TRUE,FALSE,FALSE,1,other
287634048,1,0,1,FALSE,FALSE,TRUE,0,still_orphaned
287634190,1,0,1,FALSE,FALSE,TRUE,0,still_orphaned
287634447,7,8,4,FALSE,FALSE,FALSE,5,still_orphaned
287634475,2,2,1,TRUE,FALSE,FALSE,1,other
287634567,4,3,2,TRUE,FALSE,FALSE,1,other
287634635,1,0,1,FALSE,FALSE,TRUE,0,still_orphaned
287634827,4,6,2,TRUE,FALSE,FALSE,4,other
287634921,1,0,1,FALSE,FALSE,TRUE,0,still_orphaned
287635025,3,2,2,FALSE,TRUE,FALSE,1,completed
287635183,1,4,1,FALSE,FALSE,TRUE,4,still_orphaned
287635316,5,5,3,FALSE,FALSE,FALSE,3,still_orphaned
287635428,3,4,2,FALSE,FALSE,FALSE,3,still_orphaned
287635548,2,2,1,TRUE,FALSE,FALSE,1,other
287635711,4,3,2,TRUE,FALSE,FALSE,1,other
287635718,1,3,1,FALSE,FALSE,TRUE,3,still_orphaned
287635988,2,1,1,TRUE,TRUE,FALSE,0,already_paired
287636022,2,2,1,TRUE,FALSE,FALSE,1,other
287636342,6,4,3,TRUE,FALSE,FALSE,1,other
287636384,2,1,1,TRUE,TRUE,FALSE,0,already_paired
287636460,1,0,1,FALSE,FALSE,TRUE,0,still_orphaned
287636776,1,0,1,FALSE,FALSE,TRUE,0,still_orphaned
287636797,5,5,3,FALSE,FALSE,FALSE,3,still_orphaned
287636898,3,4,2,FALSE,FALSE,FALSE,3,still_orphaned
287637354,2,3,1,TRUE,FALSE,FALSE,2,other
287637413,1,0,1,FALSE,FALSE,TRUE,0,still_orphaned
287637435,3,2,2,FALSE,TRUE,FALSE,1,completed
287637453,2,2,1,TRUE,FALSE,FALSE,1,other
287637678,3,3,2,FALSE,FALSE,FALSE,2,still_orphaned
287637814,3,3,2,FALSE,FALSE,FALSE,2,still_orphaned
287638009,3,3,2,FALSE,FALSE,FALSE,2,still_orphaned
287638094,2,2,1,TRUE,FALSE,FALSE,1,other
287638103,3,2,2,FALSE,TRUE,FALSE,1,completed
287638107,3,3,2,FALSE,FALSE,FALSE,2,still_orphaned
287638343,1,2,1,FALSE,FALSE,TRUE,2,still_orphaned
287638591,4,3,2,TRUE,FALSE,FALSE,1,other
287638643,5,5,3,FALSE,FALSE,FALSE,3,still_orphaned
287638912,2,1,1,TRUE,TRUE,FALSE,0,already_paired
287638952,4,4,2,TRUE,FALSE,FALSE,2,other
287639197,3,3,2,FALSE,FALSE,FALSE,2,still_orphaned
287639203,6,6,3,TRUE,FALSE,FALSE,3,other
287639245,3,2,2,FALSE,TRUE,FALSE,1,completed
287639472,6,6,3,TRUE,FALSE,FALSE,3,other
287639540,2,3,1,TRUE,FALSE,FALSE,2,other
287639933,3,2,2,FALSE,TRUE,FALSE,1,completed
287640238,2,2,1,TRUE,FALSE,FALSE,1,other
287640508,3,4,2,FALSE,FALSE,FALSE,3,still_orphaned
287640708,2,1,1,TRUE,TRUE,FALSE,0,already_paired
287640828,2,2,1,TRUE,FALSE,FALSE,1,other
287641121,2,1,1,TRUE,TRUE,FALSE,0,already_paired
287641317,4,4,2,TRUE,FALSE,FALSE,2,other
287641611,3,5,2,FALSE,FALSE,FALSE,4,still_orphaned
287641691,3,5,2,FALSE,FALSE,FALSE,4,still_orphaned
287641864,1,2,1,FALSE,FALSE,TRUE,2,still_orphaned
287641932,4,5,2,TRUE,FALSE,FALSE,3,other
287642190,2,2,1,TRUE,FALSE,FALSE,1,other
287642436,7,7,4,FALSE,FALSE,FALSE,4,still_orphaned
287642731,4,2,2,TRUE,TRUE,FALSE,0,already_paired
287642820,3,2,2,FALSE,TRUE,FALSE,1,completed
287642822,3,1,2,FALSE,FALSE,FALSE,0,still_orphaned
287642850,6,6,3,TRUE,FALSE,FALSE,3,other
287643063,2,2,1,TRUE,FALSE,FALSE,1,other
287643183,1,2,1,FALSE,FALSE,TRUE,2,still_orphaned
287643323,3,4,2,FALSE,FALSE,FALSE,3,still_orphaned
287643416,3,4,2,FALSE,FALSE,FALSE,3,still_orphaned
287643672,3,4,2,FALSE,FALSE,FALSE,3,still_orphaned
287643989,4,5,2,TRUE,FALSE,FALSE,3,other
287644259,4,5,2,TRUE,FALSE,FALSE,3,other
287644542,1,0,1,FALSE,FALSE,TRUE,0,still_orphaned
287644547,3,7,2,FALSE,FALSE,FALSE,6,still_orphaned
287644609,3,2,2,FALSE,TRUE,FALSE,1,completed
287644640,1,0,1,FALSE,FALSE,TRUE,0,still_orphaned
287644704,3,3,2,FALSE,FALSE,FALSE,2,still_orphaned
287644955,6,4,3,TRUE,FALSE,FALSE,1,other
287645039,4,4,2,TRUE,FALSE,FALSE,2,other
287645051,1,2,1,FALSE,FALSE,TRUE,2,still_orphaned
287645111,2,4,1,TRUE,FALSE,FALSE,3,other
287645196,2,1,1,TRUE,TRUE,FALSE,0,already_paired
287645287,5,5,3,FALSE,FALSE,FALSE,3,still_orphaned
287645577,6,7,3,TRUE,FALSE,FALSE,4,other
287646013,5,4,3,FALSE,FALSE,FALSE,2,still_orphaned
287646077,1,0,1,FALSE,FALSE,TRUE,0,still_orphaned
287646212,2,2,1,TRUE,FALSE,FALSE,1,other
287646860,1,0,1,FALSE,FALSE,TRUE,0,still_orphaned
287647026,4,4,2,TRUE,FALSE,FALSE,2,other
287647223,2,1,1,TRUE,TRUE,FALSE,0,already_paired
287647614,2,1,1,TRUE,TRUE,FALSE,0,already_paired
287647631,4,4,2,TRUE,FALSE,FALSE,2,other
287647669,3,1,2,FALSE,FALSE,FALSE,0,still_orphaned
287647787,3,3,2,FALSE,FALSE,FALSE,2,still_orphaned
287648074,2,2,1,TRUE,FALSE,FALSE,1,other
287648169,2,2,1,TRUE,FALSE,FALSE,1,other
287648178,4,4,2,TRUE,FALSE,FALSE,2,other
287648523,3,3,2,FALSE,FALSE,FALSE,2,still_orphaned
287648588,3,6,2,FALSE,FALSE,FALSE,5,still_orphaned
287648615,2,1,1,TRUE,TRUE,FALSE,0,already_paired
287648622,3,2,2,FALSE,TRUE,FALSE,1,completed
287648740,6,5,3,TRUE,FALSE,FALSE,2,other
287648794,3,2,2,FALSE,TRUE,FALSE,1,completed
287648991,7,6,4,FALSE,FALSE,FALSE,3,still_orphaned
287649013,4,5,2,TRUE,FALSE,FALSE,3,other
287649058,2,2,1,TRUE,FALSE,FALSE,1,other
287649569,5,4,3,FALSE,FALSE,FALSE,2,still_orphaned
287649591,4,4,2,TRUE,FALSE,FALSE,2,other
287649685,2,2,1,TRUE,FALSE,FALSE,1,other
287649818,7,6,4,FALSE,FALSE,FALSE,3,still_orphaned
287649835,2,2,1,TRUE,FALSE,FALSE,1,other
287650116,6,7,3,TRUE,FALSE,FALSE,4,other
287650143,3,3,2,FALSE,FALSE,FALSE,2,still_orphaned
287650267,1,2,1,FALSE,FALSE,TRUE,2,still_orphaned
287650284,3,2,2,FALSE,TRUE,FALSE,1,completed
287650336,8,7,4,TRUE,FALSE,FALSE,3,other
287650356,2,2,1,TRUE,FALSE,FALSE,1,other
287650522,1,3,1,FALSE,FALSE,TRUE,3,still_orphaned
287650710,3,5,2,FALSE,FALSE,FALSE,4,still_orphaned
287650839,3,2,2,FALSE,TRUE,FALSE,1,completed
287651209,2,1,1,TRUE,TRUE,FALSE,0,already_paired
287651372,1,2,1,FALSE,FALSE,TRUE,2,still_orphaned
287651446,1,0,1,FALSE,FALSE,TRUE,0,still_orphaned
287651663,2,1,1,TRUE,TRUE,FALSE,0,already_paired
287651678,1,2,1,FALSE,FALSE,TRUE,2,still_orphaned
287651845,2,4,1,TRUE,FALSE,FALSE,3,other
287651902,3,5,2,FALSE,FALSE,FALSE,4,still_orphaned
287652209,3,1,2,FALSE,FALSE,FALSE,0,still_orphaned
287652301,2,4,1,TRUE,FALSE,FALSE,3,other
287652785,4,3,2,TRUE,FALSE,FALSE,1,other
287652932,3,3,2,FALSE,FALSE,FALSE,2,still_orphaned
287653027,3,4,2,FALSE,FALSE,FALSE,3,still_orphaned
287653222,2,2,1,TRUE,FALSE,FALSE,1,other
287653406,3,3,2,FALSE,FALSE,FALSE,2,still_orphaned
287653438,1,0,1,FALSE,FALSE,TRUE,0,still_orphaned
287653663,3,2,2,FALSE,TRUE,FALSE,1,completed
287653691,2,2,1,TRUE,FALSE,FALSE,1,other
287653797,1,2,1,FALSE,FALSE,TRUE,2,still_orphaned
287654115,1,0,1,FALSE,FALSE,TRUE,0,still_orphaned
287654182,1,2,1,FALSE,FALSE,TRUE,2,still_orphaned
287654187,2,3,1,TRUE,FALSE,FALSE,2,other
287654266,1,0,1,FALSE,FALSE,TRUE,0,still_orphaned
287654287,2,1,1,TRUE,TRUE,FALSE,0,already_paired
287654472,3,3,2,FALSE,FALSE,FALSE,2,still_orphaned
287654492,3,2,2,FALSE,TRUE,FALSE,1,completed
287654723,4,5,2,TRUE,FALSE,FALSE,3,other
287654728,1,0,1,FALSE,FALSE,TRUE,0,still_orphaned
287654801,3,2,2,FALSE,TRUE,FALSE,1,completed
287654949,2,4,1,TRUE,FALSE,FALSE,3,other
287654984,6,3,3,TRUE,TRUE,FALSE,0,already_paired
287655083,3,4,2,FALSE,FALSE,FALSE,3,still_orphaned
287655235,2,1,1,TRUE,TRUE,FALSE,0,already_paired
287655295,5,5,3,FALSE,FALSE,FALSE,3,still_orphaned
287655342,3,1,2,FALSE,FALSE,FALSE,0,still_orphaned
287655371,2,3,1,TRUE,FALSE,FALSE,2,other
287655396,1,2,1,FALSE,FALSE,TRUE,2,still_orphaned
287655445,2,2,1,TRUE,FALSE,FALSE,1,other
287655451,5,6,3,FALSE,FALSE,FALSE,4,still_orphaned
287655560,2,1,1,TRUE,TRUE,FALSE,0,already_paired
287655577,1,2,1,FALSE,FALSE,TRUE,2,still_orphaned
287655813,1,0,1,FALSE,FALSE,TRUE,0,still_orphaned
287655857,3,4,2,FALSE,FALSE,FALSE,3,still_orphaned
287655959,1,0,1,FALSE,FALSE,TRUE,0,still_orphaned
287656348,2,2,1,TRUE,FALSE,FALSE,1,other
287656464,2,2,1,TRUE,FALSE,FALSE,1,other
287656488,5,5,3,FALSE,FALSE,FALSE,3,still_orphaned
287656702,2,3,1,TRUE,FALSE,FALSE,2,other
287656809,2,2,1,TRUE,FALSE,FALSE,1,other
287656860,3,3,2,FALSE,FALSE,FALSE,2,still_orphaned
287656898,2,3,1,TRUE,FALSE,FALSE,2,other
287656958,3,3,2,FALSE,FALSE,FALSE,2,still_orphaned
287656977,3,2,2,FALSE,TRUE,FALSE,1,completed
287657118,2,2,1,TRUE,FALSE,FALSE,1,other
287657344,3,2,2,FALSE,TRUE,FALSE,1,completed
287657668,2,1,1,TRUE,TRUE,FALSE,0,already_paired
287657798,3,3,2,FALSE,FALSE,FALSE,2,still_orphaned
287657806,1,0,1,FALSE,FALSE,TRUE,0,still_orphaned
287658176,4,4,2,TRUE,FALSE,FALSE,2,other
287658398,1,2,1,FALSE,FALSE,TRUE,2,still_orphaned
287658662,2,2,1,TRUE,FALSE,FALSE,1,other
287658699,2,2,1,TRUE,FALSE,FALSE,1,other
287658793,3,2,2,FALSE,TRUE,FALSE,1,completed
287659024,2,1,1,TRUE,TRUE,FALSE,0,already_paired
287659139,2,2,1,TRUE,FALSE,FALSE,1,other
287659229,3,4,2,FALSE,FALSE,FALSE,3,still_orphaned
287659235,1,2,1,FALSE,FALSE,TRUE,2,still_orphaned
287659391,2,1,1,TRUE,TRUE,FALSE,0,already_paired
287659394,5,7,3,FALSE,FALSE,FALSE,5,still_orphaned
287659664,4,4,2,TRUE,FALSE,FALSE,2,other
287659714,2,2,1,TRUE,FALSE,FALSE,1,other
287659811,4,3,2,TRUE,FALSE,FALSE,1,other
287659816,4,5,2,TRUE,FALSE,FALSE,3,other
287660157,2,1,1,TRUE,TRUE,FALSE,0,already_paired
287660188,4,2,2,TRUE,TRUE,FALSE,0,already_paired
287660244,2,2,1,TRUE,FALSE,FALSE,1,other
287660271,4,5,2,TRUE,FALSE,FALSE,3,other
287660471,2,1,1,TRUE,TRUE,FALSE,0,already_paired
287660486,2,3,1,TRUE,FALSE,FALSE,2,other
287660503,5,7,3,FALSE,FALSE,FALSE,5,still_orphaned
287660608,1,3,1,FALSE,FALSE,TRUE,3,still_orphaned
287661149,2,2,1,TRUE,FALSE,FALSE,1,other
287661722,2,1,1,TRUE,TRUE,FALSE,0,already_paired
287665059,2,1,1,TRUE,TRUE,FALSE,0,already_paired
287665984,1,2,1,FALSE,FALSE,TRUE,2,still_orphaned
287666278,2,2,1,TRUE,FALSE,FALSE,1,other
287666559,6,6,3,TRUE,FALSE,FALSE,3,other
287666590,1,0,1,FALSE,FALSE,TRUE,0,still_orphaned
287666892,1,3,1,FALSE,FALSE,TRUE,3,still_orphaned
287667190,1,2,1,FALSE,FALSE,TRUE,2,still_orphaned
287667549,3,3,2,FALSE,FALSE,FALSE,2,still_orphaned
287667610,4,5,2,TRUE,FALSE,FALSE,3,other
287667976,5,5,3,FALSE,FALSE,FALSE,3,still_orphaned
287668021,2,2,1,TRUE,FALSE,FALSE,1,other
287668156,2,3,1,TRUE,FALSE,FALSE,2,other
287668234,2,3,1,TRUE,FALSE,FALSE,2,other
287668441,3,2,2,FALSE,TRUE,FALSE,1,completed
287668690,1,0,1,FALSE,FALSE,TRUE,0,still_orphaned
287668753,1,2,1,FALSE,FALSE,TRUE,2,still_orphaned
287668774,1,0,1,FALSE,FALSE,TRUE,0,still_orphaned
287668909,1,3,1,FALSE,FALSE,TRUE,3,still_orphaned
287668965,2,2,1,TRUE,FALSE,FALSE,1,other
287668980,2,3,1,TRUE,FALSE,FALSE,2,other
287669147,3,3,2,FALSE,FALSE,FALSE,2,still_orphaned
287669185,2,3,1,TRUE,FALSE,FALSE,2,other
287669336,1,2,1,FALSE,FALSE,TRUE,2,still_orphaned
287669359,2,3,1,TRUE,FALSE,FALSE,2,other
287669415,2,2,1,TRUE,FALSE,FALSE,1,other
287669658,5,6,3,FALSE,FALSE,FALSE,4,still_orphaned
287669971,1,2,1,FALSE,FALSE,TRUE,2,still_orphaned
287670038,5,5,3,FALSE,FALSE,FALSE,3,still_orphaned
287670120,2,2,1,TRUE,FALSE,FALSE,1,other
287670180,3,4,2,FALSE,FALSE,FALSE,3,still_orphaned
287670250,5,6,3,FALSE,FALSE,FALSE,4,still_orphaned
287670274,2,1,1,TRUE,TRUE,FALSE,0,already_paired
287670316,4,4,2,TRUE,FALSE,FALSE,2,other
287670605,4,5,2,TRUE,FALSE,FALSE,3,other
287670609,3,1,2,FALSE,FALSE,FALSE,0,still_orphaned
287670744,2,1,1,TRUE,TRUE,FALSE,0,already_paired
287670753,1,2,1,FALSE,FALSE,TRUE,2,still_orphaned
287670838,5,3,3,FALSE,TRUE,FALSE,1,completed
287671107,7,7,4,FALSE,FALSE,FALSE,4,still_orphaned
287671131,2,2,1,TRUE,FALSE,FALSE,1,other
287671777,7,6,4,FALSE,FALSE,FALSE,3,still_orphaned
287671855,4,4,2,TRUE,FALSE,FALSE,2,other
287671968,1,4,1,FALSE,FALSE,TRUE,4,still_orphaned
287672026,2,1,1,TRUE,TRUE,FALSE,0,already_paired
287672059,1,0,1,FALSE,FALSE,TRUE,0,still_orphaned
287672355,3,2,2,FALSE,TRUE,FALSE,1,completed
287673037,5,6,3,FALSE,FALSE,FALSE,4,still_orphaned
287673130,3,1,2,FALSE,FALSE,FALSE,0,still_orphaned
287673138,4,4,2,TRUE,FALSE,FALSE,2,other
287673223,1,0,1,FALSE,FALSE,TRUE,0,still_orphaned
287673500,3,3,2,FALSE,FALSE,FALSE,2,still_orphaned
287673596,3,3,2,FALSE,FALSE,FALSE,2,still_orphaned
287673704,2,2,1,TRUE,FALSE,FALSE,1,other
287673781,3,2,2,FALSE,TRUE,FALSE,1,completed
287673786,6,4,3,TRUE,FALSE,FALSE,1,other
287673860,3,5,2,FALSE,FALSE,FALSE,4,still_orphaned
287674018,3,4,2,FALSE,FALSE,FALSE,3,still_orphaned
287674256,1,0,1,FALSE,FALSE,TRUE,0,still_orphaned
287674296,4,3,2,TRUE,FALSE,FALSE,1,other
287674396,6,7,3,TRUE,FALSE,FALSE,4,other
287674440,2,3,1,TRUE,FALSE,FALSE,2,other
287675083,3,3,2,FALSE,FALSE,FALSE,2,still_orphaned
287675173,1,3,1,FALSE,FALSE,TRUE,3,still_orphaned
287675257,1,2,1,FALSE,FALSE,TRUE,2,still_orphaned
287675505,1,3,1,FALSE,FALSE,TRUE,3,still_orphaned
287675578,5,7,3,FALSE,FALSE,FALSE,5,still_orphaned
287675818,3,5,2,FALSE,FALSE,FALSE,4,still_orphaned
287675824,5,5,3,FALSE,FALSE,FALSE,3,still_orphaned
287675888,5,5,3,FALSE,FALSE,FALSE,3,still_orphaned
287675958,3,3,2,FALSE,FALSE,FALSE,2,still_orphaned
287676440,1,0,1,FALSE,FALSE,TRUE,0,still_orphaned
287676519,1,3,1,FALSE,FALSE,TRUE,3,still_orphaned
287676679,1,3,1,FALSE,FALSE,TRUE,3,still_orphaned
287676745,3,3,2,FALSE,FALSE,FALSE,2,still_orphaned
287676854,1,3,1,FALSE,FALSE,TRUE,3,still_orphaned
287677128,1,0,1,FALSE,FALSE,TRUE,0,still_orphaned
287677399,2,2,1,TRUE,FALSE,FALSE,1,other
287677530,3,3,2,FALSE,FALSE,FALSE,2,still_orphaned
287677548,3,1,2,FALSE,FALSE,FALSE,0,still_orphaned
287677944,6,6,3,TRUE,FALSE,FALSE,3,other
287678110,4,5,2,TRUE,FALSE,FALSE,3,other
287678927,5,4,3,FALSE,FALSE,FALSE,2,still_orphaned
287678999,5,3,3,FALSE,TRUE,FALSE,1,completed
287679008,2,2,1,TRUE,FALSE,FALSE,1,other
287679098,8,8,4,TRUE,FALSE,FALSE,4,other
287679120,1,2,1,FALSE,FALSE,TRUE,2,still_orphaned
287679135,2,1,1,TRUE,TRUE,FALSE,0,already_paired
287679233,3,4,2,FALSE,FALSE,FALSE,3,still_orphaned
287679236,6,6,3,TRUE,FALSE,FALSE,3,other
287679253,2,2,1,TRUE,FALSE,FALSE,1,other
287679554,6,6,3,TRUE,FALSE,FALSE,3,other
287680144,2,1,1,TRUE,TRUE,FALSE,0,already_paired
287680334,4,4,2,TRUE,FALSE,FALSE,2,other
287680357,2,1,1,TRUE,TRUE,FALSE,0,already_paired
287680618,5,5,3,FALSE,FALSE,FALSE,3,still_orphaned
287680704,1,0,1,FALSE,FALSE,TRUE,0,still_orphaned
287680913,4,3,2,TRUE,FALSE,FALSE,1,other
287681040,5,5,3,FALSE,FALSE,FALSE,3,still_orphaned
287681114,2,2,1,TRUE,FALSE,FALSE,1,other
287681127,1,1,1,FALSE,TRUE,TRUE,1,completed
287681249,3,2,2,FALSE,TRUE,FALSE,1,completed
287681333,4,3,2,TRUE,FALSE,FALSE,1,other
287681447,4,3,2,TRUE,FALSE,FALSE,1,other
287681506,4,5,2,TRUE,FALSE,FALSE,3,other
287681702,2,2,1,TRUE,FALSE,FALSE,1,other
287682330,1,0,1,FALSE,FALSE,TRUE,0,still_orphaned
287682478,5,5,3,FALSE,FALSE,FALSE,3,still_orphaned
287682721,3,2,2,FALSE,TRUE,FALSE,1,completed
287682864,3,4,2,FALSE,FALSE,FALSE,3,still_orphaned
287683079,2,3,1,TRUE,FALSE,FALSE,2,other
287683171,5,4,3,FALSE,FALSE,FALSE,2,still_orphaned
287683225,1,2,1,FALSE,FALSE,TRUE,2,still_orphaned
287683800,2,2,1,TRUE,FALSE,FALSE,1,other
287683843,6,5,3,TRUE,FALSE,FALSE,2,other
287684086,1,0,1,FALSE,FALSE,TRUE,0,still_orphaned
287684268,2,1,1,TRUE,TRUE,FALSE,0,already_paired
287684591,6,5,3,TRUE,FALSE,FALSE,2,other
287684617,1,0,1,FALSE,FALSE,TRUE,0,still_orphaned
287684638,5,5,3,FALSE,FALSE,FALSE,3,still_orphaned
287684672,2,1,1,TRUE,TRUE,FALSE,0,already_paired
287684692,8,8,4,TRUE,FALSE,FALSE,4,other
287684827,4,3,2,TRUE,FALSE,FALSE,1,other
287684848,4,3,2,TRUE,FALSE,FALSE,1,other
287684870,3,3,2,FALSE,FALSE,FALSE,2,still_orphaned
287684903,2,1,1,TRUE,TRUE,FALSE,0,already_paired
287684958,3,3,2,FALSE,FALSE,FALSE,2,still_orphaned
287685094,2,2,1,TRUE,FALSE,FALSE,1,other
287685233,5,3,3,FALSE,TRUE,FALSE,1,completed
287685312,1,0,1,FALSE,FALSE,TRUE,0,still_orphaned
287685438,3,1,2,FALSE,FALSE,FALSE,0,still_orphaned
287685509,3,2,2,FALSE,TRUE,FALSE,1,completed
287686035,1,0,1,FALSE,FALSE,TRUE,0,still_orphaned
287686224,6,4,3,TRUE,FALSE,FALSE,1,other
287686386,4,4,2,TRUE,FALSE,FALSE,2,other
287686537,3,3,2,FALSE,FALSE,FALSE,2,still_orphaned
287686835,1,4,1,FALSE,FALSE,TRUE,4,still_orphaned
287686837,9,7,5,FALSE,FALSE,FALSE,3,still_orphaned
287686841,4,3,2,TRUE,FALSE,FALSE,1,other
287686986,2,3,1,TRUE,FALSE,FALSE,2,other
287687221,1,2,1,FALSE,FALSE,TRUE,2,still_orphaned
287687342,4,5,2,TRUE,FALSE,FALSE,3,other
287687516,6,7,3,TRUE,FALSE,FALSE,4,other
287687526,6,6,3,TRUE,FALSE,FALSE,3,other
287687527,4,4,2,TRUE,FALSE,FALSE,2,other
287687595,2,1,1,TRUE,TRUE,FALSE,0,already_paired
287687725,2,2,1,TRUE,FALSE,FALSE,1,other
287687760,4,6,2,TRUE,FALSE,FALSE,4,other
287687794,3,3,2,FALSE,FALSE,FALSE,2,still_orphaned
287688043,2,1,1,TRUE,TRUE,FALSE,0,already_paired
287688075,5,3,3,FALSE,TRUE,FALSE,1,completed
287688214,1,3,1,FALSE,FALSE,TRUE,3,still_orphaned
287688463,1,3,1,FALSE,FALSE,TRUE,3,still_orphaned
287688791,3,6,2,FALSE,FALSE,FALSE,5,still_orphaned
287688930,2,2,1,TRUE,FALSE,FALSE,1,other
287689204,1,2,1,FALSE,FALSE,TRUE,2,still_orphaned
287689206,5,6,3,FALSE,FALSE,FALSE,4,still_orphaned
287689364,2,1,1,TRUE,TRUE,FALSE,0,already_paired
287689412,2,4,1,TRUE,FALSE,FALSE,3,other
287689539,4,3,2,TRUE,FALSE,FALSE,1,other
287689726,4,5,2,TRUE,FALSE,FALSE,3,other
287689941,3,4,2,FALSE,FALSE,FALSE,3,still_orphaned
287689988,3,3,2,FALSE,FALSE,FALSE,2,still_orphaned
287690123,7,7,4,FALSE,FALSE,FALSE,4,still_orphaned
287690129,2,2,1,TRUE,FALSE,FALSE,1,other
287690330,5,3,3,FALSE,TRUE,FALSE,1,completed
287690344,2,1,1,TRUE,TRUE,FALSE,0,already_paired
287690416,2,2,1,TRUE,FALSE,FALSE,1,other
287690633,3,2,2,FALSE,TRUE,FALSE,1,completed
287690924,8,7,4,TRUE,FALSE,FALSE,3,other
287691034,2,4,1,TRUE,FALSE,FALSE,3,other
287691063,3,2,2,FALSE,TRUE,FALSE,1,completed
287691209,3,2,2,FALSE,TRUE,FALSE,1,completed
287691348,3,2,2,FALSE,TRUE,FALSE,1,completed
287691461,2,1,1,TRUE,TRUE,FALSE,0,already_paired
287691620,1,2,1,FALSE,FALSE,TRUE,2,still_orphaned
287691865,5,4,3,FALSE,FALSE,FALSE,2,still_orphaned
287691884,5,3,3,FALSE,TRUE,FALSE,1,completed
287691891,3,1,2,FALSE,FALSE,FALSE,0,still_orphaned
287691898,3,4,2,FALSE,FALSE,FALSE,3,still_orphaned
287692059,2,3,1,TRUE,FALSE,FALSE,2,other
287692069,8,7,4,TRUE,FALSE,FALSE,3,other
287692085,4,3,2,TRUE,FALSE,FALSE,1,other
287692199,3,1,2,FALSE,FALSE,FALSE,0,still_orphaned
287692664,3,3,2,FALSE,FALSE,FALSE,2,still_orphaned
287692896,1,0,1,FALSE,FALSE,TRUE,0,still_orphaned
287693074,2,4,1,TRUE,FALSE,FALSE,3,other
287693150,2,3,1,TRUE,FALSE,FALSE,2,other
287693253,2,2,1,TRUE,FALSE,FALSE,1,other
287693285,1,2,1,FALSE,FALSE,TRUE,2,still_orphaned
287693483,1,4,1,FALSE,FALSE,TRUE,4,still_orphaned
287693610,1,4,1,FALSE,FALSE,TRUE,4,still_orphaned
287693651,2,2,1,TRUE,FALSE,FALSE,1,other
287693765,4,5,2,TRUE,FALSE,FALSE,3,other
287694194,2,2,1,TRUE,FALSE,FALSE,1,other
287694541,2,2,1,TRUE,FALSE,FALSE,1,other
287694639,3,3,2,FALSE,FALSE,FALSE,2,still_orphaned
287694832,1,2,1,FALSE,FALSE,TRUE,2,still_orphaned
287694926,7,5,4,FALSE,FALSE,FALSE,2,still_orphaned
287695139,2,4,1,TRUE,FALSE,FALSE,3,other
287695721,3,4,2,FALSE,FALSE,FALSE,3,still_orphaned
287695768,2,2,1,TRUE,FALSE,FALSE,1,other
287695808,5,5,3,FALSE,FALSE,FALSE,3,still_orphaned
287695952,5,5,3,FALSE,FALSE,FALSE,3,still_orphaned
287696316,3,2,2,FALSE,TRUE,FALSE,1,completed
287696381,3,2,2,FALSE,TRUE,FALSE,1,completed
287696501,1,2,1,FALSE,FALSE,TRUE,2,still_orphaned
287696673,1,4,1,FALSE,FALSE,TRUE,4,still_orphaned
287696944,2,3,1,TRUE,FALSE,FALSE,2,other
287697113,2,2,1,TRUE,FALSE,FALSE,1,other
287697236,4,5,2,TRUE,FALSE,FALSE,3,other
287697351,1,3,1,FALSE,FALSE,TRUE,3,still_orphaned
287697421,2,2,1,TRUE,FALSE,FALSE,1,other
287697535,3,2,2,FALSE,TRUE,FALSE,1,completed
287697638,1,0,1,FALSE,FALSE,TRUE,0,still_orphaned
287697963,4,4,2,TRUE,FALSE,FALSE,2,other
287698211,2,3,1,TRUE,FALSE,FALSE,2,other
287723400,2,3,1,TRUE,FALSE,FALSE,2,other
287724289,2,2,1,TRUE,FALSE,FALSE,1,other
287724557,3,1,2,FALSE,FALSE,FALSE,0,still_orphaned
287724646,2,3,1,TRUE,FALSE,FALSE,2,other
287725184,4,5,2,TRUE,FALSE,FALSE,3,other
287725328,5,4,3,FALSE,FALSE,FALSE,2,still_orphaned
287725359,1,2,1,FALSE,FALSE,TRUE,2,still_orphaned
287725521,1,2,1,FALSE,FALSE,TRUE,2,still_orphaned
287725826,2,2,1,TRUE,FALSE,FALSE,1,other
287725945,3,5,2,FALSE,FALSE,FALSE,4,still_orphaned
287726253,5,5,3,FALSE,FALSE,FALSE,3,still_orphaned
287726311,3,2,2,FALSE,TRUE,FALSE,1,completed
287726398,2,1,1,TRUE,TRUE,FALSE,0,already_paired
287726537,3,6,2,FALSE,FALSE,FALSE,5,still_orphaned
287726791,2,2,1,TRUE,FALSE,FALSE,1,other
287726844,1,2,1,FALSE,FALSE,TRUE,2,still_orphaned
287727058,6,4,3,TRUE,FALSE,FALSE,1,other
287727096,2,3,1,TRUE,FALSE,FALSE,2,other
287727103,1,0,1,FALSE,FALSE,TRUE,0,still_orphaned
287727110,4,5,2,TRUE,FALSE,FALSE,3,other
287727171,1,4,1,FALSE,FALSE,TRUE,4,still_orphaned
287727216,2,2,1,TRUE,FALSE,FALSE,1,other
287727265,3,4,2,FALSE,FALSE,FALSE,3,still_orphaned
287727549,4,3,2,TRUE,FALSE,FALSE,1,other
287727591,5,5,3,FALSE,FALSE,FALSE,3,still_orphaned
287727683,4,4,2,TRUE,FALSE,FALSE,2,other
287727764,4,3,2,TRUE,FALSE,FALSE,1,other
287728181,5,4,3,FALSE,FALSE,FALSE,2,still_orphaned
287728355,3,3,2,FALSE,FALSE,FALSE,2,still_orphaned
287728495,4,3,2,TRUE,FALSE,FALSE,1,other
287728561,2,2,1,TRUE,FALSE,FALSE,1,other
287728594,2,3,1,TRUE,FALSE,FALSE,2,other
287728966,6,5,3,TRUE,FALSE,FALSE,2,other
287728999,3,2,2,FALSE,TRUE,FALSE,1,completed
287729013,3,2,2,FALSE,TRUE,FALSE,1,completed
287729224,1,0,1,FALSE,FALSE,TRUE,0,still_orphaned
287729263,3,4,2,FALSE,FALSE,FALSE,3,still_orphaned
287729374,2,3,1,TRUE,FALSE,FALSE,2,other
287729439,3,3,2,FALSE,FALSE,FALSE,2,still_orphaned
287729501,2,2,1,TRUE,FALSE,FALSE,1,other
287729857,3,6,2,FALSE,FALSE,FALSE,5,still_orphaned
287730128,5,5,3,FALSE,FALSE,FALSE,3,still_orphaned
287730137,2,2,1,TRUE,FALSE,FALSE,1,other
287730359,3,2,2,FALSE,TRUE,FALSE,1,completed
287730483,2,3,1,TRUE,FALSE,FALSE,2,other
287730724,2,2,1,TRUE,FALSE,FALSE,1,other
287731069,2,1,1,TRUE,TRUE,FALSE,0,already_paired
287731280,1,0,1,FALSE,FALSE,TRUE,0,still_orphaned
287731465,2,2,1,TRUE,FALSE,FALSE,1,other
287731618,4,5,2,TRUE,FALSE,FALSE,3,other
287732053,5,4,3,FALSE,FALSE,FALSE,2,still_orphaned
287732299,1,2,1,FALSE,FALSE,TRUE,2,still_orphaned
287732306,1,3,1,FALSE,FALSE,TRUE,3,still_orphaned
287732518,4,3,2,TRUE,FALSE,FALSE,1,other
287732685,3,3,2,FALSE,FALSE,FALSE,2,still_orphaned
287732736,1,2,1,FALSE,FALSE,TRUE,2,still_orphaned
287732776,1,0,1,FALSE,FALSE,TRUE,0,still_orphaned
287732802,1,3,1,FALSE,FALSE,TRUE,3,still_orphaned
287732946,3,4,2,FALSE,FALSE,FALSE,3,still_orphaned
287732965,2,1,1,TRUE,TRUE,FALSE,0,already_paired
287733182,2,4,1,TRUE,FALSE,FALSE,3,other
287733235,2,1,1,TRUE,TRUE,FALSE,0,already_paired
287733410,5,6,3,FALSE,FALSE,FALSE,4,still_orphaned
287733557,5,3,3,FALSE,TRUE,FALSE,1,completed
287733594,5,4,3,FALSE,FALSE,FALSE,2,still_orphaned
287733673,5,5,3,FALSE,FALSE,FALSE,3,still_orphaned
287733701,3,3,2,FALSE,FALSE,FALSE,2,still_orphaned
287734204,3,5,2,FALSE,FALSE,FALSE,4,still_orphaned
287734604,5,6,3,FALSE,FALSE,FALSE,4,still_orphaned
287734951,2,3,1,TRUE,FALSE,FALSE,2,other
287735025,2,2,1,TRUE,FALSE,FALSE,1,other
287735299,2,2,1,TRUE,FALSE,FALSE,1,other
287735323,1,2,1,FALSE,FALSE,TRUE,2,still_orphaned
287735430,3,4,2,FALSE,FALSE,FALSE,3,still_orphaned
287735496,2,2,1,TRUE,FALSE,FALSE,1,other
287735632,3,2,2,FALSE,TRUE,FALSE,1,completed
287735865,3,2,2,FALSE,TRUE,FALSE,1,completed
287736240,3,5,2,FALSE,FALSE,FALSE,4,still_orphaned
287736317,4,3,2,TRUE,FALSE,FALSE,1,other
287736395,1,1,1,FALSE,TRUE,TRUE,1,completed
287736639,4,4,2,TRUE,FALSE,FALSE,2,other
287737044,1,2,1,FALSE,FALSE,TRUE,2,still_orphaned
287737310,1,0,1,FALSE,FALSE,TRUE,0,still_orphaned
287737412,2,2,1,TRUE,FALSE,FALSE,1,other
287737569,1,0,1,FALSE,FALSE,TRUE,0,still_orphaned
287737689,3,2,2,FALSE,TRUE,FALSE,1,completed
287737961,4,3,2,TRUE,FALSE,FALSE,1,other
287738179,4,4,2,TRUE,FALSE,FALSE,2,other
287738225,1,2,1,FALSE,FALSE,TRUE,2,still_orphaned
287738746,3,4,2,FALSE,FALSE,FALSE,3,still_orphaned
287738767,3,2,2,FALSE,TRUE,FALSE,1,completed
287738782,2,2,1,TRUE,FALSE,FALSE,1,other
287739136,3,5,2,FALSE,FALSE,FALSE,4,still_orphaned
287739192,2,2,1,TRUE,FALSE,FALSE,1,other
287739255,5,7,3,FALSE,FALSE,FALSE,5,still_orphaned
287739493,1,2,1,FALSE,FALSE,TRUE,2,still_orphaned
287739520,1,0,1,FALSE,FALSE,TRUE,0,still_orphaned
287739857,3,2,2,FALSE,TRUE,FALSE,1,completed
287739946,2,1,1,TRUE,TRUE,FALSE,0,already_paired
287740001,2,1,1,TRUE,TRUE,FALSE,0,already_paired
287740084,1,2,1,FALSE,FALSE,TRUE,2,still_orphaned
287740205,1,2,1,FALSE,FALSE,TRUE,2,still_orphaned
287740286,2,2,1,TRUE,FALSE,FALSE,1,other
287740320,2,3,1,TRUE,FALSE,FALSE,2,other
287740545,5,6,3,FALSE,FALSE,FALSE,4,still_orphaned
287740925,5,4,3,FALSE,FALSE,FALSE,2,still_orphaned
287741073,3,4,2,FALSE,FALSE,FALSE,3,still_orphaned
287741089,3,1,2,FALSE,FALSE,FALSE,0,still_orphaned
287741165,2,3,1,TRUE,FALSE,FALSE,2,other
287741476,1,2,1,FALSE,FALSE,TRUE,2,still_orphaned
287741633,1,2,1,FALSE,FALSE,TRUE,2,still_orphaned
287742112,2,2,1,TRUE,FALSE,FALSE,1,other
287742231,3,2,2,FALSE,TRUE,FALSE,1,completed
287742555,2,1,1,TRUE,TRUE,FALSE,0,already_paired
287742564,2,1,1,TRUE,TRUE,FALSE,0,already_paired
287742629,2,3,1,TRUE,FALSE,FALSE,2,other
287742757,2,2,1,TRUE,FALSE,FALSE,1,other
287742879,5,5,3,FALSE,FALSE,FALSE,3,still_orphaned
287742889,1,2,1,FALSE,FALSE,TRUE,2,still_orphaned
287742940,3,3,2,FALSE,FALSE,FALSE,2,still_orphaned
287742956,3,5,2,FALSE,FALSE,FALSE,4,still_orphaned
287743490,3,4,2,FALSE,FALSE,FALSE,3,still_orphaned
287743529,6,5,3,TRUE,FALSE,FALSE,2,other
287743565,7,6,4,FALSE,FALSE,FALSE,3,still_orphaned
287743625,1,1,1,FALSE,TRUE,TRUE,1,completed
287743785,4,2,2,TRUE,TRUE,FALSE,0,already_paired
287743887,2,2,1,TRUE,FALSE,FALSE,1,other
287743888,2,3,1,TRUE,FALSE,FALSE,2,other
287744037,1,0,1,FALSE,FALSE,TRUE,0,still_orphaned
287744414,2,2,1,TRUE,FALSE,FALSE,1,other
287744479,1,0,1,FALSE,FALSE,TRUE,0,still_orphaned
287744738,4,2,2,TRUE,TRUE,FALSE,0,already_paired
287744826,2,2,1,TRUE,FALSE,FALSE,1,other
287744895,4,3,2,TRUE,FALSE,FALSE,1,other
287745436,2,2,1,TRUE,FALSE,FALSE,1,other
287745533,3,3,2,FALSE,FALSE,FALSE,2,still_orphaned
287746022,2,1,1,TRUE,TRUE,FALSE,0,already_paired
287746188,2,3,1,TRUE,FALSE,FALSE,2,other
287746310,1,2,1,FALSE,FALSE,TRUE,2,still_orphaned
287746384,4,3,2,TRUE,FALSE,FALSE,1,other
287746404,1,2,1,FALSE,FALSE,TRUE,2,still_orphaned
287746456,1,3,1,FALSE,FALSE,TRUE,3,still_orphaned
287746570,1,2,1,FALSE,FALSE,TRUE,2,still_orphaned
287746695,2,2,1,TRUE,FALSE,FALSE,1,other
287746749,4,3,2,TRUE,FALSE,FALSE,1,other
287746779,2,4,1,TRUE,FALSE,FALSE,3,other
287746882,3,3,2,FALSE,FALSE,FALSE,2,still_orphaned
287747479,1,0,1,FALSE,FALSE,TRUE,0,still_orphaned
287747667,2,2,1,TRUE,FALSE,FALSE,1,other
287747993,1,0,1,FALSE,FALSE,TRUE,0,still_orphaned
287748070,1,2,1,FALSE,FALSE,TRUE,2,still_orphaned
287748076,4,3,2,TRUE,FALSE,FALSE,1,other
287748098,1,1,1,FALSE,TRUE,TRUE,1,completed
287748220,3,5,2,FALSE,FALSE,FALSE,4,still_orphaned
287748431,3,3,2,FALSE,FALSE,FALSE,2,still_orphaned
287748433,3,2,2,FALSE,TRUE,FALSE,1,completed
287748578,2,1,1,TRUE,TRUE,FALSE,0,already_paired
287748685,3,5,2,FALSE,FALSE,FALSE,4,still_orphaned
287748813,2,3,1,TRUE,FALSE,FALSE,2,other
287748837,4,4,2,TRUE,FALSE,FALSE,2,other
287748896,1,0,1,FALSE,FALSE,TRUE,0,still_orphaned
287749062,1,0,1,FALSE,FALSE,TRUE,0,still_orphaned
287749071,1,3,1,FALSE,FALSE,TRUE,3,still_orphaned
287749347,1,2,1,FALSE,FALSE,TRUE,2,still_orphaned
287749396,3,2,2,FALSE,TRUE,FALSE,1,completed
287749433,2,2,1,TRUE,FALSE,FALSE,1,other
287749610,5,3,3,FALSE,TRUE,FALSE,1,completed
287749628,1,0,1,FALSE,FALSE,TRUE,0,still_orphaned
287749760,2,1,1,TRUE,TRUE,FALSE,0,already_paired
287749891,2,1,1,TRUE,TRUE,FALSE,0,already_paired
287750146,6,7,3,TRUE,FALSE,FALSE,4,other
287750326,2,4,1,TRUE,FALSE,FALSE,3,other
287750620,4,2,2,TRUE,TRUE,FALSE,0,already_paired
287750681,4,3,2,TRUE,FALSE,FALSE,1,other
287750697,3,4,2,FALSE,FALSE,FALSE,3,still_orphaned
287750705,2,2,1,TRUE,FALSE,FALSE,1,other
287750889,6,4,3,TRUE,FALSE,FALSE,1,other
287750937,2,1,1,TRUE,TRUE,FALSE,0,already_paired
287750973,4,4,2,TRUE,FALSE,FALSE,2,other
287751126,1,2,1,FALSE,FALSE,TRUE,2,still_orphaned
287751144,2,2,1,TRUE,FALSE,FALSE,1,other
287751653,1,0,1,FALSE,FALSE,TRUE,0,still_orphaned
287751661,2,3,1,TRUE,FALSE,FALSE,2,other
287751832,1,0,1,FALSE,FALSE,TRUE,0,still_orphaned
287751921,1,2,1,FALSE,FALSE,TRUE,2,still_orphaned
287752117,5,4,3,FALSE,FALSE,FALSE,2,still_orphaned
287752222,1,0,1,FALSE,FALSE,TRUE,0,still_orphaned
287752539,4,3,2,TRUE,FALSE,FALSE,1,other
287752655,1,2,1,FALSE,FALSE,TRUE,2,still_orphaned
287752775,3,2,2,FALSE,TRUE,FALSE,1,completed
287752846,1,3,1,FALSE,FALSE,TRUE,3,still_orphaned
287752919,3,3,2,FALSE,FALSE,FALSE,2,still_orphaned
287753043,1,2,1,FALSE,FALSE,TRUE,2,still_orphaned
287753233,6,7,3,TRUE,FALSE,FALSE,4,other
287753417,2,1,1,TRUE,TRUE,FALSE,0,already_paired
287753500,7,4,4,FALSE,TRUE,FALSE,1,completed
287753876,2,3,1,TRUE,FALSE,FALSE,2,other
287753967,3,4,2,FALSE,FALSE,FALSE,3,still_orphaned
287754378,4,3,2,TRUE,FALSE,FALSE,1,other
287754845,3,3,2,FALSE,FALSE,FALSE,2,still_orphaned
287754860,5,3,3,FALSE,TRUE,FALSE,1,completed
287754890,3,1,2,FALSE,FALSE,FALSE,0,still_orphaned
287754906,3,1,2,FALSE,FALSE,FALSE,0,still_orphaned
287755069,4,6,2,TRUE,FALSE,FALSE,4,other
287755302,2,3,1,TRUE,FALSE,FALSE,2,other
287755390,3,2,2,FALSE,TRUE,FALSE,1,completed
287755453,1,2,1,FALSE,FALSE,TRUE,2,still_orphaned
287755511,1,0,1,FALSE,FALSE,TRUE,0,still_orphaned
287755704,1,2,1,FALSE,FALSE,TRUE,2,still_orphaned
287756191,1,2,1,FALSE,FALSE,TRUE,2,still_orphaned
287756577,3,2,2,FALSE,TRUE,FALSE,1,completed
287757200,5,4,3,FALSE,FALSE,FALSE,2,still_orphaned
287784451,1,0,1,FALSE,FALSE,TRUE,0,still_orphaned
287784555,1,0,1,FALSE,FALSE,TRUE,0,still_orphaned
287784722,4,3,2,TRUE,FALSE,FALSE,1,other
287784755,2,3,1,TRUE,FALSE,FALSE,2,other
287785137,5,5,3,FALSE,FALSE,FALSE,3,still_orphaned
287785174,4,3,2,TRUE,FALSE,FALSE,1,other
287785297,3,6,2,FALSE,FALSE,FALSE,5,still_orphaned
287785607,2,4,1,TRUE,FALSE,FALSE,3,other
287785855,1,2,1,FALSE,FALSE,TRUE,2,still_orphaned
287786170,4,4,2,TRUE,FALSE,FALSE,2,other
287786178,2,2,1,TRUE,FALSE,FALSE,1,other
287786498,4,6,2,TRUE,FALSE,FALSE,4,other
287786576,2,2,1,TRUE,FALSE,FALSE,1,other
287786711,2,3,1,TRUE,FALSE,FALSE,2,other
287786901,2,2,1,TRUE,FALSE,FALSE,1,other
287786923,2,1,1,TRUE,TRUE,FALSE,0,already_paired
287786956,2,1,1,TRUE,TRUE,FALSE,0,already_paired
287786970,3,4,2,FALSE,FALSE,FALSE,3,still_orphaned
287786971,3,2,2,FALSE,TRUE,FALSE,1,completed
287787067,2,2,1,TRUE,FALSE,FALSE,1,other
287787082,1,0,1,FALSE,FALSE,TRUE,0,still_orphaned
287787091,5,4,3,FALSE,FALSE,FALSE,2,still_orphaned
287787125,4,4,2,TRUE,FALSE,FALSE,2,other
287787328,2,2,1,TRUE,FALSE,FALSE,1,other
287787575,5,6,3,FALSE,FALSE,FALSE,4,still_orphaned
287787645,4,3,2,TRUE,FALSE,FALSE,1,other
287787646,4,5,2,TRUE,FALSE,FALSE,3,other
287787882,3,3,2,FALSE,FALSE,FALSE,2,still_orphaned
287788209,3,4,2,FALSE,FALSE,FALSE,3,still_orphaned
287788259,3,3,2,FALSE,FALSE,FALSE,2,still_orphaned
287788318,3,1,2,FALSE,FALSE,FALSE,0,still_orphaned
287788440,3,3,2,FALSE,FALSE,FALSE,2,still_orphaned
287788521,2,2,1,TRUE,FALSE,FALSE,1,other
287788837,2,2,1,TRUE,FALSE,FALSE,1,other
287788839,2,1,1,TRUE,TRUE,FALSE,0,already_paired
287788850,2,1,1,TRUE,TRUE,FALSE,0,already_paired
287788863,2,2,1,TRUE,FALSE,FALSE,1,other
287789027,2,2,1,TRUE,FALSE,FALSE,1,other
287789189,5,7,3,FALSE,FALSE,FALSE,5,still_orphaned
287789253,1,0,1,FALSE,FALSE,TRUE,0,still_orphaned
287789405,8,8,4,TRUE,FALSE,FALSE,4,other
287789412,1,0,1,FALSE,FALSE,TRUE,0,still_orphaned
287789931,1,3,1,FALSE,FALSE,TRUE,3,still_orphaned
287789940,2,2,1,TRUE,FALSE,FALSE,1,other
287790142,2,1,1,TRUE,TRUE,FALSE,0,already_paired
287790145,1,2,1,FALSE,FALSE,TRUE,2,still_orphaned
287790216,2,3,1,TRUE,FALSE,FALSE,2,other
287790260,3,2,2,FALSE,TRUE,FALSE,1,completed
287790463,1,2,1,FALSE,FALSE,TRUE,2,still_orphaned
287790474,2,3,1,TRUE,FALSE,FALSE,2,other
287790611,1,2,1,FALSE,FALSE,TRUE,2,still_orphaned
287791059,2,2,1,TRUE,FALSE,FALSE,1,other
287791500,2,1,1,TRUE,TRUE,FALSE,0,already_paired
287791510,5,5,3,FALSE,FALSE,FALSE,3,still_orphaned
287791568,2,1,1,TRUE,TRUE,FALSE,0,already_paired
287791659,1,0,1,FALSE,FALSE,TRUE,0,still_orphaned
287792013,1,2,1,FALSE,FALSE,TRUE,2,still_orphaned
287792102,3,1,2,FALSE,FALSE,FALSE,0,still_orphaned
287792315,5,5,3,FALSE,FALSE,FALSE,3,still_orphaned
287792544,2,4,1,TRUE,FALSE,FALSE,3,other
287792597,3,2,2,FALSE,TRUE,FALSE,1,completed
287792631,2,2,1,TRUE,FALSE,FALSE,1,other
287792732,1,0,1,FALSE,FALSE,TRUE,0,still_orphaned
287792844,4,3,2,TRUE,FALSE,FALSE,1,other
287792866,2,3,1,TRUE,FALSE,FALSE,2,other
287793114,3,3,2,FALSE,FALSE,FALSE,2,still_orphaned
287793186,2,1,1,TRUE,TRUE,FALSE,0,already_paired
287793201,3,3,2,FALSE,FALSE,FALSE,2,still_orphaned
287793204,3,3,2,FALSE,FALSE,FALSE,2,still_orphaned
287793515,3,1,2,FALSE,FALSE,FALSE,0,still_orphaned
287793596,4,4,2,TRUE,FALSE,FALSE,2,other
287793680,3,4,2,FALSE,FALSE,FALSE,3,still_orphaned
287793995,2,2,1,TRUE,FALSE,FALSE,1,other
287793996,2,2,1,TRUE,FALSE,FALSE,1,other
287794003,1,2,1,FALSE,FALSE,TRUE,2,still_orphaned
287794599,2,3,1,TRUE,FALSE,FALSE,2,other
287794629,3,3,2,FALSE,FALSE,FALSE,2,still_orphaned
287794673,2,2,1,TRUE,FALSE,FALSE,1,other
287795018,2,1,1,TRUE,TRUE,FALSE,0,already_paired
287795453,2,2,1,TRUE,FALSE,FALSE,1,other
287795880,2,3,1,TRUE,FALSE,FALSE,2,other
287795960,2,3,1,TRUE,FALSE,FALSE,2,other
287796118,2,2,1,TRUE,FALSE,FALSE,1,other
287796412,2,2,1,TRUE,FALSE,FALSE,1,other
287796416,1,0,1,FALSE,FALSE,TRUE,0,still_orphaned
287796592,5,3,3,FALSE,TRUE,FALSE,1,completed
287796843,3,3,2,FALSE,FALSE,FALSE,2,still_orphaned
287796935,6,7,3,TRUE,FALSE,FALSE,4,other
287797422,2,2,1,TRUE,FALSE,FALSE,1,other
287797435,2,3,1,TRUE,FALSE,FALSE,2,other
287797968,6,6,3,TRUE,FALSE,FALSE,3,other
287798004,5,3,3,FALSE,TRUE,FALSE,1,completed
287798116,1,0,1,FALSE,FALSE,TRUE,0,still_orphaned
287798157,4,3,2,TRUE,FALSE,FALSE,1,other
287798632,2,2,1,TRUE,FALSE,FALSE,1,other
287798688,3,5,2,FALSE,FALSE,FALSE,4,still_orphaned
287798862,1,0,1,FALSE,FALSE,TRUE,0,still_orphaned
287798867,3,4,2,FALSE,FALSE,FALSE,3,still_orphaned
287798884,3,2,2,FALSE,TRUE,FALSE,1,completed
287799106,6,7,3,TRUE,FALSE,FALSE,4,other
287799434,3,2,2,FALSE,TRUE,FALSE,1,completed
287799451,2,1,1,TRUE,TRUE,FALSE,0,already_paired
287799746,4,5,2,TRUE,FALSE,FALSE,3,other
287799769,2,2,1,TRUE,FALSE,FALSE,1,other
287799931,3,3,2,FALSE,FALSE,FALSE,2,still_orphaned
287800316,2,1,1,TRUE,TRUE,FALSE,0,already_paired
287800489,1,2,1,FALSE,FALSE,TRUE,2,still_orphaned
287800692,6,8,3,TRUE,FALSE,FALSE,5,other
287800785,2,2,1,TRUE,FALSE,FALSE,1,other
287800843,3,2,2,FALSE,TRUE,FALSE,1,completed
287801039,1,3,1,FALSE,FALSE,TRUE,3,still_orphaned
287801372,1,2,1,FALSE,FALSE,TRUE,2,still_orphaned
287801515,3,2,2,FALSE,TRUE,FALSE,1,completed
287801740,5,5,3,FALSE,FALSE,FALSE,3,still_orphaned
287802162,2,1,1,TRUE,TRUE,FALSE,0,already_paired
287802276,5,6,3,FALSE,FALSE,FALSE,4,still_orphaned
287802481,1,2,1,FALSE,FALSE,TRUE,2,still_orphaned
287802643,4,3,2,TRUE,FALSE,FALSE,1,other
287802773,2,1,1,TRUE,TRUE,FALSE,0,already_paired
287802830,1,1,1,FALSE,TRUE,TRUE,1,completed
287802887,1,2,1,FALSE,FALSE,TRUE,2,still_orphaned
287802981,3,4,2,FALSE,FALSE,FALSE,3,still_orphaned
287803026,1,0,1,FALSE,FALSE,TRUE,0,still_orphaned
287803084,6,5,3,TRUE,FALSE,FALSE,2,other
287803151,3,2,2,FALSE,TRUE,FALSE,1,completed
287803367,2,3,1,TRUE,FALSE,FALSE,2,other
287803444,3,6,2,FALSE,FALSE,FALSE,5,still_orphaned
287803669,4,6,2,TRUE,FALSE,FALSE,4,other
287803709,1,2,1,FALSE,FALSE,TRUE,2,still_orphaned
287803981,6,6,3,TRUE,FALSE,FALSE,3,other
287804091,2,3,1,TRUE,FALSE,FALSE,2,other
287804110,1,2,1,FALSE,FALSE,TRUE,2,still_orphaned
287804267,2,2,1,TRUE,FALSE,FALSE,1,other
287804609,2,2,1,TRUE,FALSE,FALSE,1,other
287804700,2,2,1,TRUE,FALSE,FALSE,1,other
287805272,7,5,4,FALSE,FALSE,FALSE,2,still_orphaned
287805322,3,3,2,FALSE,FALSE,FALSE,2,still_orphaned
287805556,5,5,3,FALSE,FALSE,FALSE,3,still_orphaned
287805628,1,2,1,FALSE,FALSE,TRUE,2,still_orphaned
287805753,1,2,1,FALSE,FALSE,TRUE,2,still_orphaned
287805863,3,2,2,FALSE,TRUE,FALSE,1,completed
287806153,3,6,2,FALSE,FALSE,FALSE,5,still_orphaned
287806184,2,3,1,TRUE,FALSE,FALSE,2,other
287806202,1,2,1,FALSE,FALSE,TRUE,2,still_orphaned
287806599,3,4,2,FALSE,FALSE,FALSE,3,still_orphaned
287806651,1,2,1,FALSE,FALSE,TRUE,2,still_orphaned
287806675,2,2,1,TRUE,FALSE,FALSE,1,other
287806680,1,1,1,FALSE,TRUE,TRUE,1,completed
287806991,2,2,1,TRUE,FALSE,FALSE,1,other
287807064,2,3,1,TRUE,FALSE,FALSE,2,other
287807212,3,4,2,FALSE,FALSE,FALSE,3,still_orphaned
287807338,2,1,1,TRUE,TRUE,FALSE,0,already_paired
287807806,1,0,1,FALSE,FALSE,TRUE,0,still_orphaned
287808312,1,2,1,FALSE,FALSE,TRUE,2,still_orphaned
287808446,3,2,2,FALSE,TRUE,FALSE,1,completed
287808480,2,2,1,TRUE,FALSE,FALSE,1,other
287808530,4,5,2,TRUE,FALSE,FALSE,3,other
287808577,4,3,2,TRUE,FALSE,FALSE,1,other
287808649,3,2,2,FALSE,TRUE,FALSE,1,completed
287808783,5,5,3,FALSE,FALSE,FALSE,3,still_orphaned
287808851,2,2,1,TRUE,FALSE,FALSE,1,other
287809231,1,0,1,FALSE,FALSE,TRUE,0,still_orphaned
287809262,2,3,1,TRUE,FALSE,FALSE,2,other
287809263,1,0,1,FALSE,FALSE,TRUE,0,still_orphaned
287809498,2,2,1,TRUE,FALSE,FALSE,1,other
287809522,4,3,2,TRUE,FALSE,FALSE,1,other
287809555,2,2,1,TRUE,FALSE,FALSE,1,other
287809628,2,1,1,TRUE,TRUE,FALSE,0,already_paired
287809640,1,0,1,FALSE,FALSE,TRUE,0,still_orphaned
287809795,3,3,2,FALSE,FALSE,FALSE,2,still_orphaned
287809842,2,1,1,TRUE,TRUE,FALSE,0,already_paired
287810172,3,4,2,FALSE,FALSE,FALSE,3,still_orphaned
287810303,1,2,1,FALSE,FALSE,TRUE,2,still_orphaned
287810440,3,2,2,FALSE,TRUE,FALSE,1,completed
287810596,5,5,3,FALSE,FALSE,FALSE,3,still_orphaned
287810854,6,6,3,TRUE,FALSE,FALSE,3,other
287810882,2,2,1,TRUE,FALSE,FALSE,1,other
287810904,3,2,2,FALSE,TRUE,FALSE,1,completed
287810934,4,3,2,TRUE,FALSE,FALSE,1,other
287810952,6,5,3,TRUE,FALSE,FALSE,2,other
287811200,2,1,1,TRUE,TRUE,FALSE,0,already_paired
287811253,1,0,1,FALSE,FALSE,TRUE,0,still_orphaned
287811267,2,2,1,TRUE,FALSE,FALSE,1,other
287811433,3,1,2,FALSE,FALSE,FALSE,0,still_orphaned
287811873,7,8,4,FALSE,FALSE,FALSE,5,still_orphaned
287811936,3,5,2,FALSE,FALSE,FALSE,4,still_orphaned
287811939,2,3,1,TRUE,FALSE,FALSE,2,other
287812026,2,2,1,TRUE,FALSE,FALSE,1,other
287812074,4,4,2,TRUE,FALSE,FALSE,2,other
287812433,2,1,1,TRUE,TRUE,FALSE,0,already_paired
287812466,2,1,1,TRUE,TRUE,FALSE,0,already_paired
287812483,6,5,3,TRUE,FALSE,FALSE,2,other
287812588,2,2,1,TRUE,FALSE,FALSE,1,other
287812743,2,1,1,TRUE,TRUE,FALSE,0,already_paired
287812877,4,4,2,TRUE,FALSE,FALSE,2,other
287813218,2,1,1,TRUE,TRUE,FALSE,0,already_paired
287813395,1,2,1,FALSE,FALSE,TRUE,2,still_orphaned
287813777,3,6,2,FALSE,FALSE,FALSE,5,still_orphaned
287813824,2,2,1,TRUE,FALSE,FALSE,1,other
287814024,3,3,2,FALSE,FALSE,FALSE,2,still_orphaned
287814256,4,4,2,TRUE,FALSE,FALSE,2,other
287814368,3,1,2,FALSE,FALSE,FALSE,0,still_orphaned
287814447,2,3,1,TRUE,FALSE,FALSE,2,other
287815083,3,3,2,FALSE,FALSE,FALSE,2,still_orphaned
287815085,3,1,2,FALSE,FALSE,FALSE,0,still_orphaned
287815129,3,5,2,FALSE,FALSE,FALSE,4,still_orphaned
287815208,3,4,2,FALSE,FALSE,FALSE,3,still_orphaned
287815433,1,0,1,FALSE,FALSE,TRUE,0,still_orphaned
287815631,3,3,2,FALSE,FALSE,FALSE,2,still_orphaned
287815644,2,1,1,TRUE,TRUE,FALSE,0,already_paired
287815685,3,5,2,FALSE,FALSE,FALSE,4,still_orphaned
287815806,1,2,1,FALSE,FALSE,TRUE,2,still_orphaned
287815850,4,3,2,TRUE,FALSE,FALSE,1,other
287815988,5,4,3,FALSE,FALSE,FALSE,2,still_orphaned
287816273,2,2,1,TRUE,FALSE,FALSE,1,other
287816282,1,2,1,FALSE,FALSE,TRUE,2,still_orphaned
287816315,4,4,2,TRUE,FALSE,FALSE,2,other
287816685,3,4,2,FALSE,FALSE,FALSE,3,still_orphaned
287816846,2,2,1,TRUE,FALSE,FALSE,1,other
287816948,1,0,1,FALSE,FALSE,TRUE,0,still_orphaned
287817520,1,0,1,FALSE,FALSE,TRUE,0,still_orphaned
287841855,4,3,2,TRUE,FALSE,FALSE,1,other
287841933,1,2,1,FALSE,FALSE,TRUE,2,still_orphaned
287842178,3,2,2,FALSE,TRUE,FALSE,1,completed
287842597,1,0,1,FALSE,FALSE,TRUE,0,still_orphaned
287842638,3,1,2,FALSE,FALSE,FALSE,0,still_orphaned
287842675,5,6,3,FALSE,FALSE,FALSE,4,still_orphaned
287842927,3,2,2,FALSE,TRUE,FALSE,1,completed
287843178,3,4,2,FALSE,FALSE,FALSE,3,still_orphaned
287843212,2,1,1,TRUE,TRUE,FALSE,0,already_paired
287843392,2,1,1,TRUE,TRUE,FALSE,0,already_paired
287843439,4,4,2,TRUE,FALSE,FALSE,2,other
287843548,4,3,2,TRUE,FALSE,FALSE,1,other
287843771,4,5,2,TRUE,FALSE,FALSE,3,other
287843847,3,2,2,FALSE,TRUE,FALSE,1,completed
287843875,3,5,2,FALSE,FALSE,FALSE,4,still_orphaned
287843953,1,0,1,FALSE,FALSE,TRUE,0,still_orphaned
287844037,4,3,2,TRUE,FALSE,FALSE,1,other
287844232,5,4,3,FALSE,FALSE,FALSE,2,still_orphaned
287844240,4,4,2,TRUE,FALSE,FALSE,2,other
287844253,2,2,1,TRUE,FALSE,FALSE,1,other
287844348,5,4,3,FALSE,FALSE,FALSE,2,still_orphaned
287844413,1,0,1,FALSE,FALSE,TRUE,0,still_orphaned
287844654,3,5,2,FALSE,FALSE,FALSE,4,still_orphaned
287844804,6,5,3,TRUE,FALSE,FALSE,2,other
287845018,4,2,2,TRUE,TRUE,FALSE,0,already_paired
287845370,2,1,1,TRUE,TRUE,FALSE,0,already_paired
287845418,2,2,1,TRUE,FALSE,FALSE,1,other
287845468,4,3,2,TRUE,FALSE,FALSE,1,other
287845523,6,6,3,TRUE,FALSE,FALSE,3,other
287845542,3,2,2,FALSE,TRUE,FALSE,1,completed
287845600,2,2,1,TRUE,FALSE,FALSE,1,other
287845943,2,3,1,TRUE,FALSE,FALSE,2,other
287846243,3,1,2,FALSE,FALSE,FALSE,0,still_orphaned
287846365,3,1,2,FALSE,FALSE,FALSE,0,still_orphaned
287846456,1,2,1,FALSE,FALSE,TRUE,2,still_orphaned
287846494,2,3,1,TRUE,FALSE,FALSE,2,other
287846571,4,3,2,TRUE,FALSE,FALSE,1,other
287846693,3,3,2,FALSE,FALSE,FALSE,2,still_orphaned
287846841,5,5,3,FALSE,FALSE,FALSE,3,still_orphaned
287847098,4,5,2,TRUE,FALSE,FALSE,3,other
287847132,1,0,1,FALSE,FALSE,TRUE,0,still_orphaned
287847234,2,1,1,TRUE,TRUE,FALSE,0,already_paired
287847314,3,2,2,FALSE,TRUE,FALSE,1,completed
287847353,3,4,2,FALSE,FALSE,FALSE,3,still_orphaned
287847852,1,0,1,FALSE,FALSE,TRUE,0,still_orphaned
287847985,1,3,1,FALSE,FALSE,TRUE,3,still_orphaned
287848313,1,0,1,FALSE,FALSE,TRUE,0,still_orphaned
287848477,4,5,2,TRUE,FALSE,FALSE,3,other
287848747,2,2,1,TRUE,FALSE,FALSE,1,other
287848823,5,4,3,FALSE,FALSE,FALSE,2,still_orphaned
287848855,1,2,1,FALSE,FALSE,TRUE,2,still_orphaned
287848896,3,2,2,FALSE,TRUE,FALSE,1,completed
287849279,2,2,1,TRUE,FALSE,FALSE,1,other
287849383,3,2,2,FALSE,TRUE,FALSE,1,completed
287849529,4,3,2,TRUE,FALSE,FALSE,1,other
287849630,1,0,1,FALSE,FALSE,TRUE,0,still_orphaned
287849668,2,2,1,TRUE,FALSE,FALSE,1,other
287850059,5,4,3,FALSE,FALSE,FALSE,2,still_orphaned
287850266,6,4,3,TRUE,FALSE,FALSE,1,other
287850321,3,5,2,FALSE,FALSE,FALSE,4,still_orphaned
287850655,3,1,2,FALSE,FALSE,FALSE,0,still_orphaned
287851162,3,2,2,FALSE,TRUE,FALSE,1,completed
287851276,3,4,2,FALSE,FALSE,FALSE,3,still_orphaned
287851319,1,0,1,FALSE,FALSE,TRUE,0,still_orphaned
287851875,8,7,4,TRUE,FALSE,FALSE,3,other
287852164,2,3,1,TRUE,FALSE,FALSE,2,other
287852254,1,2,1,FALSE,FALSE,TRUE,2,still_orphaned
287852379,2,2,1,TRUE,FALSE,FALSE,1,other
287852687,2,1,1,TRUE,TRUE,FALSE,0,already_paired
287852886,4,4,2,TRUE,FALSE,FALSE,2,other
287853468,1,2,1,FALSE,FALSE,TRUE,2,still_orphaned
287853610,1,0,1,FALSE,FALSE,TRUE,0,still_orphaned
287854059,3,4,2,FALSE,FALSE,FALSE,3,still_orphaned
287854121,2,4,1,TRUE,FALSE,FALSE,3,other
287854196,4,4,2,TRUE,FALSE,FALSE,2,other
287854388,3,2,2,FALSE,TRUE,FALSE,1,completed
287854651,3,5,2,FALSE,FALSE,FALSE,4,still_orphaned
287854668,2,2,1,TRUE,FALSE,FALSE,1,other
287855068,2,3,1,TRUE,FALSE,FALSE,2,other
287855184,4,2,2,TRUE,TRUE,FALSE,0,already_paired
287855209,2,2,1,TRUE,FALSE,FALSE,1,other
287855286,1,0,1,FALSE,FALSE,TRUE,0,still_orphaned
287855472,3,4,2,FALSE,FALSE,FALSE,3,still_orphaned
287856158,5,4,3,FALSE,FALSE,FALSE,2,still_orphaned
287856182,2,2,1,TRUE,FALSE,FALSE,1,other
287856209,5,2,3,FALSE,FALSE,FALSE,0,still_orphaned
287856375,2,1,1,TRUE,TRUE,FALSE,0,already_paired
287856416,6,6,3,TRUE,FALSE,FALSE,3,other
287856600,6,6,3,TRUE,FALSE,FALSE,3,other
287856841,5,4,3,FALSE,FALSE,FALSE,2,still_orphaned
287857053,3,5,2,FALSE,FALSE,FALSE,4,still_orphaned
287857160,3,4,2,FALSE,FALSE,FALSE,3,still_orphaned
287857242,1,0,1,FALSE,FALSE,TRUE,0,still_orphaned
287857445,5,3,3,FALSE,TRUE,FALSE,1,completed
287857782,4,3,2,TRUE,FALSE,FALSE,1,other
287857791,3,2,2,FALSE,TRUE,FALSE,1,completed
287857851,4,3,2,TRUE,FALSE,FALSE,1,other
287857882,6,6,3,TRUE,FALSE,FALSE,3,other
287857985,4,5,2,TRUE,FALSE,FALSE,3,other
287858383,3,1,2,FALSE,FALSE,FALSE,0,still_orphaned
287858611,3,1,2,FALSE,FALSE,FALSE,0,still_orphaned
287858695,4,3,2,TRUE,FALSE,FALSE,1,other
287858898,2,3,1,TRUE,FALSE,FALSE,2,other
287858956,3,1,2,FALSE,FALSE,FALSE,0,still_orphaned
287859153,5,6,3,FALSE,FALSE,FALSE,4,still_orphaned
287859211,3,1,2,FALSE,FALSE,FALSE,0,still_orphaned
287859269,2,1,1,TRUE,TRUE,FALSE,0,already_paired
287859376,2,2,1,TRUE,FALSE,FALSE,1,other
287859444,4,3,2,TRUE,FALSE,FALSE,1,other
287859510,5,2,3,FALSE,FALSE,FALSE,0,still_orphaned
287859876,4,3,2,TRUE,FALSE,FALSE,1,other
287859936,2,3,1,TRUE,FALSE,FALSE,2,other
287860032,2,5,1,TRUE,FALSE,FALSE,4,other
287860110,2,3,1,TRUE,FALSE,FALSE,2,other
287860172,4,3,2,TRUE,FALSE,FALSE,1,other
287860539,3,1,2,FALSE,FALSE,FALSE,0,still_orphaned
287860716,3,2,2,FALSE,TRUE,FALSE,1,completed
287860933,3,1,2,FALSE,FALSE,FALSE,0,still_orphaned
287861044,2,2,1,TRUE,FALSE,FALSE,1,other
287861067,3,2,2,FALSE,TRUE,FALSE,1,completed
287861120,4,3,2,TRUE,FALSE,FALSE,1,other
287861187,4,3,2,TRUE,FALSE,FALSE,1,other
287861236,2,1,1,TRUE,TRUE,FALSE,0,already_paired
287861324,3,2,2,FALSE,TRUE,FALSE,1,completed
287861664,2,3,1,TRUE,FALSE,FALSE,2,other
287861679,3,1,2,FALSE,FALSE,FALSE,0,still_orphaned
287861938,2,1,1,TRUE,TRUE,FALSE,0,already_paired
287862384,1,2,1,FALSE,FALSE,TRUE,2,still_orphaned
287862433,4,5,2,TRUE,FALSE,FALSE,3,other
287863199,4,3,2,TRUE,FALSE,FALSE,1,other
287863346,3,3,2,FALSE,FALSE,FALSE,2,still_orphaned
287863465,2,1,1,TRUE,TRUE,FALSE,0,already_paired
287863618,3,3,2,FALSE,FALSE,FALSE,2,still_orphaned
287863691,3,4,2,FALSE,FALSE,FALSE,3,still_orphaned
287863754,2,2,1,TRUE,FALSE,FALSE,1,other
287863930,3,1,2,FALSE,FALSE,FALSE,0,still_orphaned
287863975,3,2,2,FALSE,TRUE,FALSE,1,completed
287863979,5,4,3,FALSE,FALSE,FALSE,2,still_orphaned
287864165,6,5,3,TRUE,FALSE,FALSE,2,other
287864217,1,0,1,FALSE,FALSE,TRUE,0,still_orphaned
287864389,2,2,1,TRUE,FALSE,FALSE,1,other
287864740,2,1,1,TRUE,TRUE,FALSE,0,already_paired
287864942,5,4,3,FALSE,FALSE,FALSE,2,still_orphaned
287865078,2,2,1,TRUE,FALSE,FALSE,1,other
287865086,1,0,1,FALSE,FALSE,TRUE,0,still_orphaned
287865167,2,3,1,TRUE,FALSE,FALSE,2,other
287865205,2,2,1,TRUE,FALSE,FALSE,1,other
287865217,5,5,3,FALSE,FALSE,FALSE,3,still_orphaned
287865265,3,1,2,FALSE,FALSE,FALSE,0,still_orphaned
287865354,2,3,1,TRUE,FALSE,FALSE,2,other
287865388,4,5,2,TRUE,FALSE,FALSE,3,other
287865767,1,2,1,FALSE,FALSE,TRUE,2,still_orphaned
287865849,5,3,3,FALSE,TRUE,FALSE,1,completed
287865909,3,3,2,FALSE,FALSE,FALSE,2,still_orphaned
287866005,2,1,1,TRUE,TRUE,FALSE,0,already_paired
287866055,2,1,1,TRUE,TRUE,FALSE,0,already_paired
287866095,5,5,3,FALSE,FALSE,FALSE,3,still_orphaned
287866129,2,2,1,TRUE,FALSE,FALSE,1,other
287866216,2,2,1,TRUE,FALSE,FALSE,1,other
287866263,1,0,1,FALSE,FALSE,TRUE,0,still_orphaned
287866507,3,4,2,FALSE,FALSE,FALSE,3,still_orphaned
287866588,3,2,2,FALSE,TRUE,FALSE,1,completed
287866679,1,3,1,FALSE,FALSE,TRUE,3,still_orphaned
287866692,1,0,1,FALSE,FALSE,TRUE,0,still_orphaned
287867124,2,4,1,TRUE,FALSE,FALSE,3,other
287867132,1,1,1,FALSE,TRUE,TRUE,1,completed
287867168,2,2,1,TRUE,FALSE,FALSE,1,other
287867195,2,2,1,TRUE,FALSE,FALSE,1,other
287867247,5,5,3,FALSE,FALSE,FALSE,3,still_orphaned
287867297,1,2,1,FALSE,FALSE,TRUE,2,still_orphaned
287867785,2,1,1,TRUE,TRUE,FALSE,0,already_paired
287867890,3,2,2,FALSE,TRUE,FALSE,1,completed
287867895,1,2,1,FALSE,FALSE,TRUE,2,still_orphaned
287868132,3,5,2,FALSE,FALSE,FALSE,4,still_orphaned
287868168,4,4,2,TRUE,FALSE,FALSE,2,other
287868289,1,0,1,FALSE,FALSE,TRUE,0,still_orphaned
287868402,2,2,1,TRUE,FALSE,FALSE,1,other
287868601,1,2,1,FALSE,FALSE,TRUE,2,still_orphaned
287868951,1,2,1,FALSE,FALSE,TRUE,2,still_orphaned
287869247,1,0,1,FALSE,FALSE,TRUE,0,still_orphaned
287869391,2,3,1,TRUE,FALSE,FALSE,2,other
287869474,6,5,3,TRUE,FALSE,FALSE,2,other
287869709,1,0,1,FALSE,FALSE,TRUE,0,still_orphaned
287869769,2,2,1,TRUE,FALSE,FALSE,1,other
287869778,4,4,2,TRUE,FALSE,FALSE,2,other
287869969,5,3,3,FALSE,TRUE,FALSE,1,completed
287869977,3,4,2,FALSE,FALSE,FALSE,3,still_orphaned
287870009,1,0,1,FALSE,FALSE,TRUE,0,still_orphaned
287870020,2,2,1,TRUE,FALSE,FALSE,1,other
287870056,2,1,1,TRUE,TRUE,FALSE,0,already_paired
287870280,4,5,2,TRUE,FALSE,FALSE,3,other
287870301,2,2,1,TRUE,FALSE,FALSE,1,other
287870331,4,4,2,TRUE,FALSE,FALSE,2,other
287870898,2,4,1,TRUE,FALSE,FALSE,3,other
287878383,3,5,2,FALSE,FALSE,FALSE,4,still_orphaned
287878530,5,3,3,FALSE,TRUE,FALSE,1,completed
287878558,3,2,2,FALSE,TRUE,FALSE,1,completed
287878629,4,4,2,TRUE,FALSE,FALSE,2,other
287879077,1,0,1,FALSE,FALSE,TRUE,0,still_orphaned
287879536,1,0,1,FALSE,FALSE,TRUE,0,still_orphaned
287879639,4,3,2,TRUE,FALSE,FALSE,1,other
287879856,2,3,1,TRUE,FALSE,FALSE,2,other
287879872,4,3,2,TRUE,FALSE,FALSE,1,other
287880041,3,2,2,FALSE,TRUE,FALSE,1,completed
287880099,2,1,1,TRUE,TRUE,FALSE,0,already_paired
287880213,6,4,3,TRUE,FALSE,FALSE,1,other
287880257,3,4,2,FALSE,FALSE,FALSE,3,still_orphaned
287880281,2,2,1,TRUE,FALSE,FALSE,1,other
287880588,4,2,2,TRUE,TRUE,FALSE,0,already_paired
287880619,5,4,3,FALSE,FALSE,FALSE,2,still_orphaned
287880625,3,4,2,FALSE,FALSE,FALSE,3,still_orphaned
287880627,6,5,3,TRUE,FALSE,FALSE,2,other
287880767,2,3,1,TRUE,FALSE,FALSE,2,other
287880904,3,2,2,FALSE,TRUE,FALSE,1,completed
287880932,2,1,1,TRUE,TRUE,FALSE,0,already_paired
287881095,5,6,3,FALSE,FALSE,FALSE,4,still_orphaned
287881156,3,2,2,FALSE,TRUE,FALSE,1,completed
287881239,3,3,2,FALSE,FALSE,FALSE,2,still_orphaned
287881619,3,5,2,FALSE,FALSE,FALSE,4,still_orphaned
287881710,1,2,1,FALSE,FALSE,TRUE,2,still_orphaned
287881919,3,3,2,FALSE,FALSE,FALSE,2,still_orphaned
287881980,4,3,2,TRUE,FALSE,FALSE,1,other
287882240,4,3,2,TRUE,FALSE,FALSE,1,other
287882284,1,0,1,FALSE,FALSE,TRUE,0,still_orphaned
287882401,1,0,1,FALSE,FALSE,TRUE,0,still_orphaned
287882480,2,2,1,TRUE,FALSE,FALSE,1,other
287882603,4,2,2,TRUE,TRUE,FALSE,0,already_paired
287882652,1,0,1,FALSE,FALSE,TRUE,0,still_orphaned
287882679,8,6,4,TRUE,FALSE,FALSE,2,other
287882685,2,2,1,TRUE,FALSE,FALSE,1,other
287883167,2,2,1,TRUE,FALSE,FALSE,1,other
287883267,4,4,2,TRUE,FALSE,FALSE,2,other
287883552,3,2,2,FALSE,TRUE,FALSE,1,completed
287883558,6,4,3,TRUE,FALSE,FALSE,1,other
287883637,2,2,1,TRUE,FALSE,FALSE,1,other
287883659,1,0,1,FALSE,FALSE,TRUE,0,still_orphaned
287884036,1,0,1,FALSE,FALSE,TRUE,0,still_orphaned
287884346,3,1,2,FALSE,FALSE,FALSE,0,still_orphaned
287884517,2,3,1,TRUE,FALSE,FALSE,2,other
287884552,3,2,2,FALSE,TRUE,FALSE,1,completed
287884622,2,1,1,TRUE,TRUE,FALSE,0,already_paired
287884635,4,5,2,TRUE,FALSE,FALSE,3,other
287884908,4,2,2,TRUE,TRUE,FALSE,0,already_paired
287885030,4,4,2,TRUE,FALSE,FALSE,2,other
287885122,3,3,2,FALSE,FALSE,FALSE,2,still_orphaned
287885137,1,3,1,FALSE,FALSE,TRUE,3,still_orphaned
287885166,4,3,2,TRUE,FALSE,FALSE,1,other
287885453,2,2,1,TRUE,FALSE,FALSE,1,other
287885490,1,2,1,FALSE,FALSE,TRUE,2,still_orphaned
287885971,4,2,2,TRUE,TRUE,FALSE,0,already_paired
287886001,2,2,1,TRUE,FALSE,FALSE,1,other
287886014,2,2,1,TRUE,FALSE,FALSE,1,other
287886050,1,0,1,FALSE,FALSE,TRUE,0,still_orphaned
287886086,1,2,1,FALSE,FALSE,TRUE,2,still_orphaned
287886123,4,3,2,TRUE,FALSE,FALSE,1,other
287886203,4,4,2,TRUE,FALSE,FALSE,2,other
287886278,1,3,1,FALSE,FALSE,TRUE,3,still_orphaned
287886287,3,3,2,FALSE,FALSE,FALSE,2,still_orphaned
287886431,3,5,2,FALSE,FALSE,FALSE,4,still_orphaned
287886735,5,5,3,FALSE,FALSE,FALSE,3,still_orphaned
287886807,3,3,2,FALSE,FALSE,FALSE,2,still_orphaned
287886847,2,2,1,TRUE,FALSE,FALSE,1,other
287887185,4,3,2,TRUE,FALSE,FALSE,1,other
287887390,2,4,1,TRUE,FALSE,FALSE,3,other
287887612,1,2,1,FALSE,FALSE,TRUE,2,still_orphaned
287887614,2,2,1,TRUE,FALSE,FALSE,1,other
287887763,1,1,1,FALSE,TRUE,TRUE,1,completed
287888800,1,2,1,FALSE,FALSE,TRUE,2,still_orphaned
287888949,6,4,3,TRUE,FALSE,FALSE,1,other
287888963,8,9,4,TRUE,FALSE,FALSE,5,other
287889019,3,1,2,FALSE,FALSE,FALSE,0,still_orphaned
287889211,5,5,3,FALSE,FALSE,FALSE,3,still_orphaned
287889331,2,2,1,TRUE,FALSE,FALSE,1,other
287889578,4,5,2,TRUE,FALSE,FALSE,3,other
287889595,2,2,1,TRUE,FALSE,FALSE,1,other
287889625,3,2,2,FALSE,TRUE,FALSE,1,completed
287889645,2,2,1,TRUE,FALSE,FALSE,1,other
287889849,2,1,1,TRUE,TRUE,FALSE,0,already_paired
287889959,4,3,2,TRUE,FALSE,FALSE,1,other
287890024,3,2,2,FALSE,TRUE,FALSE,1,completed
287890136,3,2,2,FALSE,TRUE,FALSE,1,completed
287890887,4,5,2,TRUE,FALSE,FALSE,3,other
287891156,2,3,1,TRUE,FALSE,FALSE,2,other
287891536,4,4,2,TRUE,FALSE,FALSE,2,other
287891632,8,7,4,TRUE,FALSE,FALSE,3,other
287891697,2,2,1,TRUE,FALSE,FALSE,1,other
287891832,3,2,2,FALSE,TRUE,FALSE,1,completed
287891855,6,4,3,TRUE,FALSE,FALSE,1,other
287891950,2,2,1,TRUE,FALSE,FALSE,1,other
287892002,5,3,3,FALSE,TRUE,FALSE,1,completed
287892004,3,3,2,FALSE,FALSE,FALSE,2,still_orphaned
287892256,1,0,1,FALSE,FALSE,TRUE,0,still_orphaned
287892494,5,5,3,FALSE,FALSE,FALSE,3,still_orphaned
287892595,1,0,1,FALSE,FALSE,TRUE,0,still_orphaned
287892824,6,4,3,TRUE,FALSE,FALSE,1,other
287893324,2,3,1,TRUE,FALSE,FALSE,2,other
287893389,5,3,3,FALSE,TRUE,FALSE,1,completed
287893395,6,5,3,TRUE,FALSE,FALSE,2,other
287893674,8,4,4,TRUE,TRUE,FALSE,0,already_paired
287893676,3,2,2,FALSE,TRUE,FALSE,1,completed
287893857,3,3,2,FALSE,FALSE,FALSE,2,still_orphaned
287894068,4,4,2,TRUE,FALSE,FALSE,2,other
287894487,1,3,1,FALSE,FALSE,TRUE,3,still_orphaned
287894528,4,4,2,TRUE,FALSE,FALSE,2,other
287894835,3,3,2,FALSE,FALSE,FALSE,2,still_orphaned
287894878,6,3,3,TRUE,TRUE,FALSE,0,already_paired
287894881,1,4,1,FALSE,FALSE,TRUE,4,still_orphaned
287895039,4,3,2,TRUE,FALSE,FALSE,1,other
287895164,4,3,2,TRUE,FALSE,FALSE,1,other
287895221,2,3,1,TRUE,FALSE,FALSE,2,other
287895308,9,8,5,FALSE,FALSE,FALSE,4,still_orphaned
287895505,2,2,1,TRUE,FALSE,FALSE,1,other
287895558,5,5,3,FALSE,FALSE,FALSE,3,still_orphaned
287895656,4,5,2,TRUE,FALSE,FALSE,3,other
287895712,6,4,3,TRUE,FALSE,FALSE,1,other
287895864,2,1,1,TRUE,TRUE,FALSE,0,already_paired
287895892,3,2,2,FALSE,TRUE,FALSE,1,completed
287895964,3,3,2,FALSE,FALSE,FALSE,2,still_orphaned
287896096,1,0,1,FALSE,FALSE,TRUE,0,still_orphaned
287896246,2,2,1,TRUE,FALSE,FALSE,1,other
287896458,3,4,2,FALSE,FALSE,FALSE,3,still_orphaned
287897105,1,2,1,FALSE,FALSE,TRUE,2,still_orphaned
287897274,6,6,3,TRUE,FALSE,FALSE,3,other
287897364,3,2,2,FALSE,TRUE,FALSE,1,completed
287897762,1,2,1,FALSE,FALSE,TRUE,2,still_orphaned
287897869,2,1,1,TRUE,TRUE,FALSE,0,already_paired
287898203,3,2,2,FALSE,TRUE,FALSE,1,completed
287898212,5,6,3,FALSE,FALSE,FALSE,4,still_orphaned
287898218,1,0,1,FALSE,FALSE,TRUE,0,still_orphaned
287898243,4,4,2,TRUE,FALSE,FALSE,2,other
287898661,2,2,1,TRUE,FALSE,FALSE,1,other
287898717,3,3,2,FALSE,FALSE,FALSE,2,still_orphaned
287898987,2,3,1,TRUE,FALSE,FALSE,2,other
287898988,5,7,3,FALSE,FALSE,FALSE,5,still_orphaned
287899356,2,2,1,TRUE,FALSE,FALSE,1,other
287899586,1,0,1,FALSE,FALSE,TRUE,0,still_orphaned
287899601,5,7,3,FALSE,FALSE,FALSE,5,still_orphaned
287899801,1,0,1,FALSE,FALSE,TRUE,0,still_orphaned
287900119,1,4,1,FALSE,FALSE,TRUE,4,still_orphaned
287900168,2,3,1,TRUE,FALSE,FALSE,2,other
287900242,2,1,1,TRUE,TRUE,FALSE,0,already_paired
287900554,2,2,1,TRUE,FALSE,FALSE,1,other
287900650,3,4,2,FALSE,FALSE,FALSE,3,still_orphaned
287900787,5,5,3,FALSE,FALSE,FALSE,3,still_orphaned
287900887,4,4,2,TRUE,FALSE,FALSE,2,other
287901005,1,0,1,FALSE,FALSE,TRUE,0,still_orphaned
287901572,1,3,1,FALSE,FALSE,TRUE,3,still_orphaned
287901577,4,2,2,TRUE,TRUE,FALSE,0,already_paired
287901823,2,1,1,TRUE,TRUE,FALSE,0,already_paired
287901861,2,2,1,TRUE,FALSE,FALSE,1,other
287901934,1,2,1,FALSE,FALSE,TRUE,2,still_orphaned
287902022,1,2,1,FALSE,FALSE,TRUE,2,still_orphaned
287902055,2,2,1,TRUE,FALSE,FALSE,1,other
287902246,5,3,3,FALSE,TRUE,FALSE,1,completed
287902342,2,2,1,TRUE,FALSE,FALSE,1,other
287902356,4,3,2,TRUE,FALSE,FALSE,1,other
287902579,2,2,1,TRUE,FALSE,FALSE,1,other
287902643,3,4,2,FALSE,FALSE,FALSE,3,still_orphaned
287902659,3,4,2,FALSE,FALSE,FALSE,3,still_orphaned
287902757,2,2,1,TRUE,FALSE,FALSE,1,other
287902768,5,4,3,FALSE,FALSE,FALSE,2,still_orphaned
287902932,3,3,2,FALSE,FALSE,FALSE,2,still_orphaned
287902980,4,3,2,TRUE,FALSE,FALSE,1,other
287903072,1,0,1,FALSE,FALSE,TRUE,0,still_orphaned
287903253,4,4,2,TRUE,FALSE,FALSE,2,other
287903635,1,1,1,FALSE,TRUE,TRUE,1,completed
287903659,4,4,2,TRUE,FALSE,FALSE,2,other
287904112,1,2,1,FALSE,FALSE,TRUE,2,still_orphaned
287904156,2,2,1,TRUE,FALSE,FALSE,1,other
287904260,5,3,3,FALSE,TRUE,FALSE,1,completed
287904280,1,0,1,FALSE,FALSE,TRUE,0,still_orphaned
287904343,4,3,2,TRUE,FALSE,FALSE,1,other
287904382,1,0,1,FALSE,FALSE,TRUE,0,still_orphaned
287904385,1,2,1,FALSE,FALSE,TRUE,2,still_orphaned
287904604,3,5,2,FALSE,FALSE,FALSE,4,still_orphaned
287904668,2,3,1,TRUE,FALSE,FALSE,2,other
287905212,3,4,2,FALSE,FALSE,FALSE,3,still_orphaned
287905280,2,1,1,TRUE,TRUE,FALSE,0,already_paired
287905397,4,4,2,TRUE,FALSE,FALSE,2,other
287905756,2,1,1,TRUE,TRUE,FALSE,0,already_paired
287905939,4,4,2,TRUE,FALSE,FALSE,2,other
287905988,2,4,1,TRUE,FALSE,FALSE,3,other
287907013,1,0,1,FALSE,FALSE,TRUE,0,still_orphaned
287907226,4,3,2,TRUE,FALSE,FALSE,1,other
287907585,1,3,1,FALSE,FALSE,TRUE,3,still_orphaned
287907590,2,2,1,TRUE,FALSE,FALSE,1,other
287907746,3,4,2,FALSE,FALSE,FALSE,3,still_orphaned
287907882,3,3,2,FALSE,FALSE,FALSE,2,still_orphaned
287907964,2,2,1,TRUE,FALSE,FALSE,1,other
287907975,7,9,4,FALSE,FALSE,FALSE,6,still_orphaned
287908007,1,2,1,FALSE,FALSE,TRUE,2,still_orphaned
287908583,6,4,3,TRUE,FALSE,FALSE,1,other
287908594,2,2,1,TRUE,FALSE,FALSE,1,other
287908635,2,1,1,TRUE,TRUE,FALSE,0,already_paired
287908683,3,3,2,FALSE,FALSE,FALSE,2,still_orphaned
287908730,5,6,3,FALSE,FALSE,FALSE,4,still_orphaned
287908804,3,3,2,FALSE,FALSE,FALSE,2,still_orphaned
287909069,4,4,2,TRUE,FALSE,FALSE,2,other
287909291,2,2,1,TRUE,FALSE,FALSE,1,other
287909411,3,4,2,FALSE,FALSE,FALSE,3,still_orphaned
287909634,4,5,2,TRUE,FALSE,FALSE,3,other
287914269,4,3,2,TRUE,FALSE,FALSE,1,other
287914276,3,2,2,FALSE,TRUE,FALSE,1,completed
287914440,2,1,1,TRUE,TRUE,FALSE,0,already_paired
287914740,3,2,2,FALSE,TRUE,FALSE,1,completed
287915079,3,2,2,FALSE,TRUE,FALSE,1,completed
287915232,3,5,2,FALSE,FALSE,FALSE,4,still_orphaned
287915596,3,6,2,FALSE,FALSE,FALSE,5,still_orphaned
287915599,3,1,2,FALSE,FALSE,FALSE,0,still_orphaned
287915748,2,2,1,TRUE,FALSE,FALSE,1,other
287916012,4,3,2,TRUE,FALSE,FALSE,1,other
287916051,4,4,2,TRUE,FALSE,FALSE,2,other
287916219,1,0,1,FALSE,FALSE,TRUE,0,still_orphaned
287916270,4,3,2,TRUE,FALSE,FALSE,1,other
287916458,4,3,2,TRUE,FALSE,FALSE,1,other
287916494,4,3,2,TRUE,FALSE,FALSE,1,other
287916577,1,2,1,FALSE,FALSE,TRUE,2,still_orphaned
287916599,3,4,2,FALSE,FALSE,FALSE,3,still_orphaned
287916802,2,2,1,TRUE,FALSE,FALSE,1,other
287916812,4,4,2,TRUE,FALSE,FALSE,2,other
287916908,3,5,2,FALSE,FALSE,FALSE,4,still_orphaned
287916976,3,2,2,FALSE,TRUE,FALSE,1,completed
287917047,2,3,1,TRUE,FALSE,FALSE,2,other
287917132,1,2,1,FALSE,FALSE,TRUE,2,still_orphaned
287917290,6,3,3,TRUE,TRUE,FALSE,0,already_paired
287917384,1,0,1,FALSE,FALSE,TRUE,0,still_orphaned
287917437,3,4,2,FALSE,FALSE,FALSE,3,still_orphaned
287917467,4,4,2,TRUE,FALSE,FALSE,2,other
287917626,1,0,1,FALSE,FALSE,TRUE,0,still_orphaned
287917819,7,7,4,FALSE,FALSE,FALSE,4,still_orphaned
287917924,4,4,2,TRUE,FALSE,FALSE,2,other
287918158,5,5,3,FALSE,FALSE,FALSE,3,still_orphaned
287918307,2,2,1,TRUE,FALSE,FALSE,1,other
287918400,1,0,1,FALSE,FALSE,TRUE,0,still_orphaned
287918441,6,4,3,TRUE,FALSE,FALSE,1,other
287918612,4,3,2,TRUE,FALSE,FALSE,1,other
287918659,8,6,4,TRUE,FALSE,FALSE,2,other
287918763,4,7,2,TRUE,FALSE,FALSE,5,other
287918813,3,2,2,FALSE,TRUE,FALSE,1,completed
287918825,2,2,1,TRUE,FALSE,FALSE,1,other
287918946,2,2,1,TRUE,FALSE,FALSE,1,other
287919167,2,2,1,TRUE,FALSE,FALSE,1,other
287919219,4,3,2,TRUE,FALSE,FALSE,1,other
287919819,4,4,2,TRUE,FALSE,FALSE,2,other
287919869,7,8,4,FALSE,FALSE,FALSE,5,still_orphaned
287920040,3,6,2,FALSE,FALSE,FALSE,5,still_orphaned
287920140,4,5,2,TRUE,FALSE,FALSE,3,other
287920375,3,2,2,FALSE,TRUE,FALSE,1,completed
287920491,1,0,1,FALSE,FALSE,TRUE,0,still_orphaned
287920493,1,0,1,FALSE,FALSE,TRUE,0,still_orphaned
287920747,2,2,1,TRUE,FALSE,FALSE,1,other
287920887,6,4,3,TRUE,FALSE,FALSE,1,other
287921209,2,3,1,TRUE,FALSE,FALSE,2,other
287921319,3,2,2,FALSE,TRUE,FALSE,1,completed
287921430,4,6,2,TRUE,FALSE,FALSE,4,other
287921443,3,3,2,FALSE,FALSE,FALSE,2,still_orphaned
287921820,4,5,2,TRUE,FALSE,FALSE,3,other
287921902,4,4,2,TRUE,FALSE,FALSE,2,other
287922349,1,0,1,FALSE,FALSE,TRUE,0,still_orphaned
287922419,2,2,1,TRUE,FALSE,FALSE,1,other
287922428,5,5,3,FALSE,FALSE,FALSE,3,still_orphaned
287922574,1,0,1,FALSE,FALSE,TRUE,0,still_orphaned
287922627,5,5,3,FALSE,FALSE,FALSE,3,still_orphaned
287922809,4,4,2,TRUE,FALSE,FALSE,2,other
287922887,3,2,2,FALSE,TRUE,FALSE,1,completed
287922969,2,1,1,TRUE,TRUE,FALSE,0,already_paired
287923111,2,1,1,TRUE,TRUE,FALSE,0,already_paired
287923199,3,2,2,FALSE,TRUE,FALSE,1,completed
287923310,4,5,2,TRUE,FALSE,FALSE,3,other
287923320,7,5,4,FALSE,FALSE,FALSE,2,still_orphaned
287923373,3,2,2,FALSE,TRUE,FALSE,1,completed
287923592,6,5,3,TRUE,FALSE,FALSE,2,other
287923712,4,4,2,TRUE,FALSE,FALSE,2,other
287923863,2,2,1,TRUE,FALSE,FALSE,1,other
287923991,3,5,2,FALSE,FALSE,FALSE,4,still_orphaned
287924244,3,2,2,FALSE,TRUE,FALSE,1,completed
287924295,4,4,2,TRUE,FALSE,FALSE,2,other
287924392,1,2,1,FALSE,FALSE,TRUE,2,still_orphaned
287924808,11,9,6,FALSE,FALSE,FALSE,4,still_orphaned
287924837,6,4,3,TRUE,FALSE,FALSE,1,other
287924870,5,5,3,FALSE,FALSE,FALSE,3,still_orphaned
287925112,3,3,2,FALSE,FALSE,FALSE,2,still_orphaned
287925374,1,0,1,FALSE,FALSE,TRUE,0,still_orphaned
287925547,4,5,2,TRUE,FALSE,FALSE,3,other
287925633,2,2,1,TRUE,FALSE,FALSE,1,other
287926049,4,2,2,TRUE,TRUE,FALSE,0,already_paired
287926086,1,2,1,FALSE,FALSE,TRUE,2,still_orphaned
287926158,4,4,2,TRUE,FALSE,FALSE,2,other
287926932,6,7,3,TRUE,FALSE,FALSE,4,other
287926953,4,5,2,TRUE,FALSE,FALSE,3,other
287927147,2,2,1,TRUE,FALSE,FALSE,1,other
287927158,5,7,3,FALSE,FALSE,FALSE,5,still_orphaned
287927357,3,4,2,FALSE,FALSE,FALSE,3,still_orphaned
287927399,2,1,1,TRUE,TRUE,FALSE,0,already_paired
287927532,8,8,4,TRUE,FALSE,FALSE,4,other
287927990,3,4,2,FALSE,FALSE,FALSE,3,still_orphaned
287928188,1,3,1,FALSE,FALSE,TRUE,3,still_orphaned
287928365,4,5,2,TRUE,FALSE,FALSE,3,other
287928413,3,4,2,FALSE,FALSE,FALSE,3,still_orphaned
287928634,3,3,2,FALSE,FALSE,FALSE,2,still_orphaned
287928948,2,2,1,TRUE,FALSE,FALSE,1,other
287928983,2,3,1,TRUE,FALSE,FALSE,2,other
287929241,3,2,2,FALSE,TRUE,FALSE,1,completed
287929247,2,4,1,TRUE,FALSE,FALSE,3,other
287929410,3,2,2,FALSE,TRUE,FALSE,1,completed
287929437,2,2,1,TRUE,FALSE,FALSE,1,other
287929495,4,3,2,TRUE,FALSE,FALSE,1,other
287929690,3,3,2,FALSE,FALSE,FALSE,2,still_orphaned
287929834,4,3,2,TRUE,FALSE,FALSE,1,other
287929958,2,1,1,TRUE,TRUE,FALSE,0,already_paired
287930031,3,2,2,FALSE,TRUE,FALSE,1,completed
287930215,3,3,2,FALSE,FALSE,FALSE,2,still_orphaned
287930437,2,3,1,TRUE,FALSE,FALSE,2,other
287930967,1,4,1,FALSE,FALSE,TRUE,4,still_orphaned
287931252,4,2,2,TRUE,TRUE,FALSE,0,already_paired
287931370,8,5,4,TRUE,FALSE,FALSE,1,other
287931886,3,2,2,FALSE,TRUE,FALSE,1,completed
287932334,2,2,1,TRUE,FALSE,FALSE,1,other
287932477,2,2,1,TRUE,FALSE,FALSE,1,other
287932561,1,2,1,FALSE,FALSE,TRUE,2,still_orphaned
287932663,4,4,2,TRUE,FALSE,FALSE,2,other
287932883,3,5,2,FALSE,FALSE,FALSE,4,still_orphaned
287932922,2,3,1,TRUE,FALSE,FALSE,2,other
287932936,2,2,1,TRUE,FALSE,FALSE,1,other
287932949,3,1,2,FALSE,FALSE,FALSE,0,still_orphaned
287933013,2,3,1,TRUE,FALSE,FALSE,2,other
287933030,3,6,2,FALSE,FALSE,FALSE,5,still_orphaned
287933083,3,1,2,FALSE,FALSE,FALSE,0,still_orphaned
287933266,2,2,1,TRUE,FALSE,FALSE,1,other
287933292,2,2,1,TRUE,FALSE,FALSE,1,other
287933309,1,0,1,FALSE,FALSE,TRUE,0,still_orphaned
287933397,4,5,2,TRUE,FALSE,FALSE,3,other
287933518,1,0,1,FALSE,FALSE,TRUE,0,still_orphaned
287934172,2,2,1,TRUE,FALSE,FALSE,1,other
287934342,3,3,2,FALSE,FALSE,FALSE,2,still_orphaned
287934677,3,2,2,FALSE,TRUE,FALSE,1,completed
287934684,6,5,3,TRUE,FALSE,FALSE,2,other
287935024,3,3,2,FALSE,FALSE,FALSE,2,still_orphaned
287935031,2,3,1,TRUE,FALSE,FALSE,2,other
287935173,6,6,3,TRUE,FALSE,FALSE,3,other
287935324,1,2,1,FALSE,FALSE,TRUE,2,still_orphaned
287935418,9,6,5,FALSE,FALSE,FALSE,2,still_orphaned
287935435,2,1,1,TRUE,TRUE,FALSE,0,already_paired
287935542,4,2,2,TRUE,TRUE,FALSE,0,already_paired
287935545,6,4,3,TRUE,FALSE,FALSE,1,other
287935633,2,2,1,TRUE,FALSE,FALSE,1,other
287935636,3,3,2,FALSE,FALSE,FALSE,2,still_orphaned
287935975,1,2,1,FALSE,FALSE,TRUE,2,still_orphaned
287936199,4,4,2,TRUE,FALSE,FALSE,2,other
287936201,5,4,3,FALSE,FALSE,FALSE,2,still_orphaned
287936432,5,4,3,FALSE,FALSE,FALSE,2,still_orphaned
287936822,7,7,4,FALSE,FALSE,FALSE,4,still_orphaned
287936984,6,7,3,TRUE,FALSE,FALSE,4,other
287937304,4,3,2,TRUE,FALSE,FALSE,1,other
287937337,2,2,1,TRUE,FALSE,FALSE,1,other
287937572,3,1,2,FALSE,FALSE,FALSE,0,still_orphaned
287937585,3,2,2,FALSE,TRUE,FALSE,1,completed
287937779,4,3,2,TRUE,FALSE,FALSE,1,other
287938419,9,8,5,FALSE,FALSE,FALSE,4,still_orphaned
287938433,4,3,2,TRUE,FALSE,FALSE,1,other
287938922,6,4,3,TRUE,FALSE,FALSE,1,other
287938944,1,0,1,FALSE,FALSE,TRUE,0,still_orphaned
287939020,1,2,1,FALSE,FALSE,TRUE,2,still_orphaned
287939054,2,3,1,TRUE,FALSE,FALSE,2,other
287939151,4,4,2,TRUE,FALSE,FALSE,2,other
287939510,4,3,2,TRUE,FALSE,FALSE,1,other
287939521,4,4,2,TRUE,FALSE,FALSE,2,other
287939618,2,2,1,TRUE,FALSE,FALSE,1,other
287939750,4,3,2,TRUE,FALSE,FALSE,1,other
287939934,3,2,2,FALSE,TRUE,FALSE,1,completed
287939951,1,3,1,FALSE,FALSE,TRUE,3,still_orphaned
287940107,7,7,4,FALSE,FALSE,FALSE,4,still_orphaned
287940123,1,2,1,FALSE,FALSE,TRUE,2,still_orphaned
287940223,4,4,2,TRUE,FALSE,FALSE,2,other
287940252,4,5,2,TRUE,FALSE,FALSE,3,other
287940271,5,7,3,FALSE,FALSE,FALSE,5,still_orphaned
287940273,5,3,3,FALSE,TRUE,FALSE,1,completed
287940402,2,2,1,TRUE,FALSE,FALSE,1,other
287940415,1,2,1,FALSE,FALSE,TRUE,2,still_orphaned
287940481,4,5,2,TRUE,FALSE,FALSE,3,other
287940596,2,2,1,TRUE,FALSE,FALSE,1,other
287940738,5,4,3,FALSE,FALSE,FALSE,2,still_orphaned
287940800,8,8,4,TRUE,FALSE,FALSE,4,other
287940814,5,7,3,FALSE,FALSE,FALSE,5,still_orphaned
287940844,11,8,6,FALSE,FALSE,FALSE,3,still_orphaned
287941273,4,4,2,TRUE,FALSE,FALSE,2,other
287941289,4,3,2,TRUE,FALSE,FALSE,1,other
287941831,2,1,1,TRUE,TRUE,FALSE,0,already_paired
287941858,3,1,2,FALSE,FALSE,FALSE,0,still_orphaned
287941937,8,8,4,TRUE,FALSE,FALSE,4,other
287942002,2,1,1,TRUE,TRUE,FALSE,0,already_paired
287942034,1,2,1,FALSE,FALSE,TRUE,2,still_orphaned
287942148,3,3,2,FALSE,FALSE,FALSE,2,still_orphaned
287942854,5,3,3,FALSE,TRUE,FALSE,1,completed
287943027,3,2,2,FALSE,TRUE,FALSE,1,completed
287943072,1,2,1,FALSE,FALSE,TRUE,2,still_orphaned
287943326,3,4,2,FALSE,FALSE,FALSE,3,still_orphaned
287943664,2,1,1,TRUE,TRUE,FALSE,0,already_paired
287943823,1,3,1,FALSE,FALSE,TRUE,3,still_orphaned
287943976,1,2,1,FALSE,FALSE,TRUE,2,still_orphaned
287944063,3,2,2,FALSE,TRUE,FALSE,1,completed
287944173,3,2,2,FALSE,TRUE,FALSE,1,completed
287944455,2,2,1,TRUE,FALSE,FALSE,1,other
287944465,5,6,3,FALSE,FALSE,FALSE,4,still_orphaned
287944782,2,4,1,TRUE,FALSE,FALSE,3,other
287944865,4,4,2,TRUE,FALSE,FALSE,2,other
287945077,3,3,2,FALSE,FALSE,FALSE,2,still_orphaned
287945110,1,0,1,FALSE,FALSE,TRUE,0,still_orphaned
287945257,4,4,2,TRUE,FALSE,FALSE,2,other
287945400,2,4,1,TRUE,FALSE,FALSE,3,other
287945530,1,2,1,FALSE,FALSE,TRUE,2,still_orphaned
287945539,2,2,1,TRUE,FALSE,FALSE,1,other
287945632,2,2,1,TRUE,FALSE,FALSE,1,other
287945701,1,0,1,FALSE,FALSE,TRUE,0,still_orphaned
287945790,1,0,1,FALSE,FALSE,TRUE,0,still_orphaned
287945843,2,3,1,TRUE,FALSE,FALSE,2,other
287945909,1,2,1,FALSE,FALSE,TRUE,2,still_orphaned
287946010,3,4,2,FALSE,FALSE,FALSE,3,still_orphaned
287946055,3,3,2,FALSE,FALSE,FALSE,2,still_orphaned
287946258,6,5,3,TRUE,FALSE,FALSE,2,other
287956794,1,0,1,FALSE,FALSE,TRUE,0,still_orphaned
287956940,2,2,1,TRUE,FALSE,FALSE,1,other
287957126,1,0,1,FALSE,FALSE,TRUE,0,still_orphaned
287957302,1,0,1,FALSE,FALSE,TRUE,0,still_orphaned
287957311,4,4,2,TRUE,FALSE,FALSE,2,other
287957768,4,4,2,TRUE,FALSE,FALSE,2,other
287957910,3,3,2,FALSE,FALSE,FALSE,2,still_orphaned
287957967,3,3,2,FALSE,FALSE,FALSE,2,still_orphaned
287958391,2,1,1,TRUE,TRUE,FALSE,0,already_paired
287958502,4,4,2,TRUE,FALSE,FALSE,2,other
287958774,4,5,2,TRUE,FALSE,FALSE,3,other
287958833,4,4,2,TRUE,FALSE,FALSE,2,other
287958866,3,2,2,FALSE,TRUE,FALSE,1,completed
287959094,1,2,1,FALSE,FALSE,TRUE,2,still_orphaned
287959101,3,3,2,FALSE,FALSE,FALSE,2,still_orphaned
287959134,4,3,2,TRUE,FALSE,FALSE,1,other
287959274,4,4,2,TRUE,FALSE,FALSE,2,other
287959532,4,3,2,TRUE,FALSE,FALSE,1,other
287959612,1,0,1,FALSE,FALSE,TRUE,0,still_orphaned
287959665,3,2,2,FALSE,TRUE,FALSE,1,completed
287959703,2,3,1,TRUE,FALSE,FALSE,2,other
287959712,4,2,2,TRUE,TRUE,FALSE,0,already_paired
287959813,2,2,1,TRUE,FALSE,FALSE,1,other
287959815,2,3,1,TRUE,FALSE,FALSE,2,other
287960234,1,3,1,FALSE,FALSE,TRUE,3,still_orphaned
287960258,3,4,2,FALSE,FALSE,FALSE,3,still_orphaned
287960625,3,3,2,FALSE,FALSE,FALSE,2,still_orphaned
287960640,5,6,3,FALSE,FALSE,FALSE,4,still_orphaned
287960841,5,5,3,FALSE,FALSE,FALSE,3,still_orphaned
287960898,4,5,2,TRUE,FALSE,FALSE,3,other
287960978,4,5,2,TRUE,FALSE,FALSE,3,other
287960983,2,1,1,TRUE,TRUE,FALSE,0,already_paired
287960984,4,3,2,TRUE,FALSE,FALSE,1,other
287961202,1,0,1,FALSE,FALSE,TRUE,0,still_orphaned
287961361,6,7,3,TRUE,FALSE,FALSE,4,other
287961454,3,2,2,FALSE,TRUE,FALSE,1,completed
287961601,3,2,2,FALSE,TRUE,FALSE,1,completed
287961607,2,1,1,TRUE,TRUE,FALSE,0,already_paired
287961729,3,2,2,FALSE,TRUE,FALSE,1,completed
287961804,4,5,2,TRUE,FALSE,FALSE,3,other
287961957,1,3,1,FALSE,FALSE,TRUE,3,still_orphaned
287961958,3,3,2,FALSE,FALSE,FALSE,2,still_orphaned
287962016,2,3,1,TRUE,FALSE,FALSE,2,other
287962572,3,5,2,FALSE,FALSE,FALSE,4,still_orphaned
287962577,1,0,1,FALSE,FALSE,TRUE,0,still_orphaned
287962595,1,0,1,FALSE,FALSE,TRUE,0,still_orphaned
287962689,1,1,1,FALSE,TRUE,TRUE,1,completed
287962750,2,2,1,TRUE,FALSE,FALSE,1,other
287962769,1,0,1,FALSE,FALSE,TRUE,0,still_orphaned
287963016,1,2,1,FALSE,FALSE,TRUE,2,still_orphaned
287963054,4,3,2,TRUE,FALSE,FALSE,1,other
287963468,2,2,1,TRUE,FALSE,FALSE,1,other
287963482,3,2,2,FALSE,TRUE,FALSE,1,completed
287964057,1,0,1,FALSE,FALSE,TRUE,0,still_orphaned
287964061,5,5,3,FALSE,FALSE,FALSE,3,still_orphaned
287964460,1,0,1,FALSE,FALSE,TRUE,0,still_orphaned
287964510,5,4,3,FALSE,FALSE,FALSE,2,still_orphaned
287964563,1,3,1,FALSE,FALSE,TRUE,3,still_orphaned
287964649,3,4,2,FALSE,FALSE,FALSE,3,still_orphaned
287964670,1,3,1,FALSE,FALSE,TRUE,3,still_orphaned
287964850,1,0,1,FALSE,FALSE,TRUE,0,still_orphaned
287964858,1,2,1,FALSE,FALSE,TRUE,2,still_orphaned
287964980,1,0,1,FALSE,FALSE,TRUE,0,still_orphaned
287965038,8,5,4,TRUE,FALSE,FALSE,1,other
287965317,3,3,2,FALSE,FALSE,FALSE,2,still_orphaned
287965548,4,4,2,TRUE,FALSE,FALSE,2,other
287965589,4,2,2,TRUE,TRUE,FALSE,0,already_paired
287965649,1,0,1,FALSE,FALSE,TRUE,0,still_orphaned
287965741,2,2,1,TRUE,FALSE,FALSE,1,other
287966039,4,5,2,TRUE,FALSE,FALSE,3,other
287966114,2,2,1,TRUE,FALSE,FALSE,1,other
287966180,1,3,1,FALSE,FALSE,TRUE,3,still_orphaned
287966280,1,2,1,FALSE,FALSE,TRUE,2,still_orphaned
287966545,5,4,3,FALSE,FALSE,FALSE,2,still_orphaned
287966580,1,3,1,FALSE,FALSE,TRUE,3,still_orphaned
287967042,7,6,4,FALSE,FALSE,FALSE,3,still_orphaned
287967190,2,1,1,TRUE,TRUE,FALSE,0,already_paired
287967649,2,3,1,TRUE,FALSE,FALSE,2,other
287967712,1,0,1,FALSE,FALSE,TRUE,0,still_orphaned
287967782,1,3,1,FALSE,FALSE,TRUE,3,still_orphaned
287967812,3,2,2,FALSE,TRUE,FALSE,1,completed
287967993,3,3,2,FALSE,FALSE,FALSE,2,still_orphaned
287968302,4,4,2,TRUE,FALSE,FALSE,2,other
287968338,1,0,1,FALSE,FALSE,TRUE,0,still_orphaned
287968723,2,2,1,TRUE,FALSE,FALSE,1,other
287968853,2,2,1,TRUE,FALSE,FALSE,1,other
287968891,6,6,3,TRUE,FALSE,FALSE,3,other
287968920,5,5,3,FALSE,FALSE,FALSE,3,still_orphaned
287968972,1,2,1,FALSE,FALSE,TRUE,2,still_orphaned
287969373,3,5,2,FALSE,FALSE,FALSE,4,still_orphaned
287969415,2,2,1,TRUE,FALSE,FALSE,1,other
287969610,2,2,1,TRUE,FALSE,FALSE,1,other
287969798,2,2,1,TRUE,FALSE,FALSE,1,other
287969820,1,2,1,FALSE,FALSE,TRUE,2,still_orphaned
287970361,3,4,2,FALSE,FALSE,FALSE,3,still_orphaned
287970625,3,5,2,FALSE,FALSE,FALSE,4,still_orphaned
287970833,5,4,3,FALSE,FALSE,FALSE,2,still_orphaned
287970885,2,3,1,TRUE,FALSE,FALSE,2,other
287970955,3,1,2,FALSE,FALSE,FALSE,0,still_orphaned
287970964,3,3,2,FALSE,FALSE,FALSE,2,still_orphaned
287971030,4,2,2,TRUE,TRUE,FALSE,0,already_paired
287971417,5,6,3,FALSE,FALSE,FALSE,4,still_orphaned
287971519,1,3,1,FALSE,FALSE,TRUE,3,still_orphaned
287971628,2,2,1,TRUE,FALSE,FALSE,1,other
287971647,4,4,2,TRUE,FALSE,FALSE,2,other
287971855,1,0,1,FALSE,FALSE,TRUE,0,still_orphaned
287972040,1,0,1,FALSE,FALSE,TRUE,0,still_orphaned
287972563,3,2,2,FALSE,TRUE,FALSE,1,completed
287972582,3,4,2,FALSE,FALSE,FALSE,3,still_orphaned
287972685,2,3,1,TRUE,FALSE,FALSE,2,other
287972704,1,0,1,FALSE,FALSE,TRUE,0,still_orphaned
287973037,4,4,2,TRUE,FALSE,FALSE,2,other
287973072,3,3,2,FALSE,FALSE,FALSE,2,still_orphaned
287973073,2,2,1,TRUE,FALSE,FALSE,1,other
287973088,3,4,2,FALSE,FALSE,FALSE,3,still_orphaned
287973494,1,0,1,FALSE,FALSE,TRUE,0,still_orphaned
287973703,1,3,1,FALSE,FALSE,TRUE,3,still_orphaned
287973885,4,5,2,TRUE,FALSE,FALSE,3,other
287974065,2,3,1,TRUE,FALSE,FALSE,2,other
287974103,2,2,1,TRUE,FALSE,FALSE,1,other
287974117,1,0,1,FALSE,FALSE,TRUE,0,still_orphaned
287974396,3,3,2,FALSE,FALSE,FALSE,2,still_orphaned
287974592,4,3,2,TRUE,FALSE,FALSE,1,other
287974594,1,0,1,FALSE,FALSE,TRUE,0,still_orphaned
287974681,2,1,1,TRUE,TRUE,FALSE,0,already_paired
287974870,1,4,1,FALSE,FALSE,TRUE,4,still_orphaned
287974894,2,4,1,TRUE,FALSE,FALSE,3,other
287974935,2,2,1,TRUE,FALSE,FALSE,1,other
287975154,4,5,2,TRUE,FALSE,FALSE,3,other
287975162,4,3,2,TRUE,FALSE,FALSE,1,other
287975170,2,1,1,TRUE,TRUE,FALSE,0,already_paired
287975204,1,1,1,FALSE,TRUE,TRUE,1,completed
287975272,2,2,1,TRUE,FALSE,FALSE,1,other
287975291,2,1,1,TRUE,TRUE,FALSE,0,already_paired
287975518,2,4,1,TRUE,FALSE,FALSE,3,other
287975594,2,1,1,TRUE,TRUE,FALSE,0,already_paired
287975684,6,6,3,TRUE,FALSE,FALSE,3,other
287975789,3,4,2,FALSE,FALSE,FALSE,3,still_orphaned
287975872,1,0,1,FALSE,FALSE,TRUE,0,still_orphaned
287975934,2,2,1,TRUE,FALSE,FALSE,1,other
287976092,2,2,1,TRUE,FALSE,FALSE,1,other
287976265,5,3,3,FALSE,TRUE,FALSE,1,completed
287977096,3,3,2,FALSE,FALSE,FALSE,2,still_orphaned
287977141,5,5,3,FALSE,FALSE,FALSE,3,still_orphaned
287977242,2,1,1,TRUE,TRUE,FALSE,0,already_paired
287977455,2,1,1,TRUE,TRUE,FALSE,0,already_paired
287977519,3,5,2,FALSE,FALSE,FALSE,4,still_orphaned
287977634,1,2,1,FALSE,FALSE,TRUE,2,still_orphaned
287977816,3,2,2,FALSE,TRUE,FALSE,1,completed
287977831,3,5,2,FALSE,FALSE,FALSE,4,still_orphaned
287977969,2,2,1,TRUE,FALSE,FALSE,1,other
287977984,1,2,1,FALSE,FALSE,TRUE,2,still_orphaned
287978196,2,1,1,TRUE,TRUE,FALSE,0,already_paired
287978289,2,3,1,TRUE,FALSE,FALSE,2,other
287978712,2,2,1,TRUE,FALSE,FALSE,1,other
287978963,2,1,1,TRUE,TRUE,FALSE,0,already_paired
287979007,1,0,1,FALSE,FALSE,TRUE,0,still_orphaned
287979143,2,2,1,TRUE,FALSE,FALSE,1,other
287979272,2,2,1,TRUE,FALSE,FALSE,1,other
287979682,2,2,1,TRUE,FALSE,FALSE,1,other
287979741,1,0,1,FALSE,FALSE,TRUE,0,still_orphaned
287979855,1,2,1,FALSE,FALSE,TRUE,2,still_orphaned
287979902,3,3,2,FALSE,FALSE,FALSE,2,still_orphaned
287980044,3,3,2,FALSE,FALSE,FALSE,2,still_orphaned
287980167,8,5,4,TRUE,FALSE,FALSE,1,other
287980211,5,3,3,FALSE,TRUE,FALSE,1,completed
287980497,2,1,1,TRUE,TRUE,FALSE,0,already_paired
287980657,2,1,1,TRUE,TRUE,FALSE,0,already_paired
287980771,1,0,1,FALSE,FALSE,TRUE,0,still_orphaned
287980892,4,5,2,TRUE,FALSE,FALSE,3,other
287980928,4,3,2,TRUE,FALSE,FALSE,1,other
287981168,3,2,2,FALSE,TRUE,FALSE,1,completed
287981177,5,5,3,FALSE,FALSE,FALSE,3,still_orphaned
287981188,3,2,2,FALSE,TRUE,FALSE,1,completed
287981329,1,0,1,FALSE,FALSE,TRUE,0,still_orphaned
287981516,3,5,2,FALSE,FALSE,FALSE,4,still_orphaned
287981841,2,1,1,TRUE,TRUE,FALSE,0,already_paired
287981859,1,3,1,FALSE,FALSE,TRUE,3,still_orphaned
287981975,3,4,2,FALSE,FALSE,FALSE,3,still_orphaned
287981987,5,3,3,FALSE,TRUE,FALSE,1,completed
287982244,2,2,1,TRUE,FALSE,FALSE,1,other
287982324,3,4,2,FALSE,FALSE,FALSE,3,still_orphaned
287982383,6,7,3,TRUE,FALSE,FALSE,4,other
287982452,2,2,1,TRUE,FALSE,FALSE,1,other
287982463,1,2,1,FALSE,FALSE,TRUE,2,still_orphaned
287982511,2,1,1,TRUE,TRUE,FALSE,0,already_paired
287982605,2,1,1,TRUE,TRUE,FALSE,0,already_paired
287982638,2,2,1,TRUE,FALSE,FALSE,1,other
287982718,2,2,1,TRUE,FALSE,FALSE,1,other
287982758,1,3,1,FALSE,FALSE,TRUE,3,still_orphaned
287982801,3,2,2,FALSE,TRUE,FALSE,1,completed
287982815,8,6,4,TRUE,FALSE,FALSE,2,other
287982921,5,5,3,FALSE,FALSE,FALSE,3,still_orphaned
287983034,2,1,1,TRUE,TRUE,FALSE,0,already_paired
287983229,4,3,2,TRUE,FALSE,FALSE,1,other
287983254,2,2,1,TRUE,FALSE,FALSE,1,other
287983370,6,6,3,TRUE,FALSE,FALSE,3,other
287983656,2,2,1,TRUE,FALSE,FALSE,1,other
287983924,2,3,1,TRUE,FALSE,FALSE,2,other
287983963,2,2,1,TRUE,FALSE,FALSE,1,other
287983981,2,1,1,TRUE,TRUE,FALSE,0,already_paired
287984211,2,3,1,TRUE,FALSE,FALSE,2,other
287984218,2,1,1,TRUE,TRUE,FALSE,0,already_paired
287984739,2,1,1,TRUE,TRUE,FALSE,0,already_paired
287985046,2,2,1,TRUE,FALSE,FALSE,1,other
287985104,1,0,1,FALSE,FALSE,TRUE,0,still_orphaned
287985766,1,3,1,FALSE,FALSE,TRUE,3,still_orphaned
287985858,3,4,2,FALSE,FALSE,FALSE,3,still_orphaned
287985977,1,4,1,FALSE,FALSE,TRUE,4,still_orphaned
287986132,3,5,2,FALSE,FALSE,FALSE,4,still_orphaned
287986147,4,5,2,TRUE,FALSE,FALSE,3,other
287986441,2,3,1,TRUE,FALSE,FALSE,2,other
287986530,3,5,2,FALSE,FALSE,FALSE,4,still_orphaned
287986733,1,2,1,FALSE,FALSE,TRUE,2,still_orphaned
287986804,2,2,1,TRUE,FALSE,FALSE,1,other
287986941,5,6,3,FALSE,FALSE,FALSE,4,still_orphaned
287987023,3,2,2,FALSE,TRUE,FALSE,1,completed
287987085,3,4,2,FALSE,FALSE,FALSE,3,still_orphaned
287987146,1,2,1,FALSE,FALSE,TRUE,2,still_orphaned
287987186,1,2,1,FALSE,FALSE,TRUE,2,still_orphaned
287987203,5,4,3,FALSE,FALSE,FALSE,2,still_orphaned
287987235,5,6,3,FALSE,FALSE,FALSE,4,still_orphaned
287987381,1,2,1,FALSE,FALSE,TRUE,2,still_orphaned
287987475,3,4,2,FALSE,FALSE,FALSE,3,still_orphaned
287987541,2,1,1,TRUE,TRUE,FALSE,0,already_paired
287988178,2,2,1,TRUE,FALSE,FALSE,1,other
287988777,2,2,1,TRUE,FALSE,FALSE,1,other
288012683,1,2,1,FALSE,FALSE,TRUE,2,still_orphaned
288013578,3,2,2,FALSE,TRUE,FALSE,1,completed
288014123,1,2,1,FALSE,FALSE,TRUE,2,still_orphaned
288014218,5,4,3,FALSE,FALSE,FALSE,2,still_orphaned
288014497,2,3,1,TRUE,FALSE,FALSE,2,other
288014804,3,5,2,FALSE,FALSE,FALSE,4,still_orphaned
288015154,6,4,3,TRUE,FALSE,FALSE,1,other
288015547,1,0,1,FALSE,FALSE,TRUE,0,still_orphaned
288015584,3,3,2,FALSE,FALSE,FALSE,2,still_orphaned
288015625,3,2,2,FALSE,TRUE,FALSE,1,completed
288015938,7,6,4,FALSE,FALSE,FALSE,3,still_orphaned
288016014,3,2,2,FALSE,TRUE,FALSE,1,completed
288016043,2,2,1,TRUE,FALSE,FALSE,1,other
288016275,6,4,3,TRUE,FALSE,FALSE,1,other
288016367,4,5,2,TRUE,FALSE,FALSE,3,other
288016385,3,3,2,FALSE,FALSE,FALSE,2,still_orphaned
288016394,3,3,2,FALSE,FALSE,FALSE,2,still_orphaned
288016435,1,3,1,FALSE,FALSE,TRUE,3,still_orphaned
288016495,1,0,1,FALSE,FALSE,TRUE,0,still_orphaned
288016597,3,4,2,FALSE,FALSE,FALSE,3,still_orphaned
288016750,2,1,1,TRUE,TRUE,FALSE,0,already_paired
288016877,5,7,3,FALSE,FALSE,FALSE,5,still_orphaned
288016882,3,5,2,FALSE,FALSE,FALSE,4,still_orphaned
288016927,5,6,3,FALSE,FALSE,FALSE,4,still_orphaned
288017065,4,5,2,TRUE,FALSE,FALSE,3,other
288017262,1,3,1,FALSE,FALSE,TRUE,3,still_orphaned
288017578,1,2,1,FALSE,FALSE,TRUE,2,still_orphaned
288017654,5,4,3,FALSE,FALSE,FALSE,2,still_orphaned
288017688,3,2,2,FALSE,TRUE,FALSE,1,completed
288017890,2,1,1,TRUE,TRUE,FALSE,0,already_paired
288017961,2,2,1,TRUE,FALSE,FALSE,1,other
288018158,3,5,2,FALSE,FALSE,FALSE,4,still_orphaned
288018186,6,6,3,TRUE,FALSE,FALSE,3,other
288018361,1,0,1,FALSE,FALSE,TRUE,0,still_orphaned
288018364,1,2,1,FALSE,FALSE,TRUE,2,still_orphaned
288018425,3,2,2,FALSE,TRUE,FALSE,1,completed
288018543,6,5,3,TRUE,FALSE,FALSE,2,other
288018751,3,3,2,FALSE,FALSE,FALSE,2,still_orphaned
288018793,1,0,1,FALSE,FALSE,TRUE,0,still_orphaned
288019362,5,5,3,FALSE,FALSE,FALSE,3,still_orphaned
288019480,5,4,3,FALSE,FALSE,FALSE,2,still_orphaned
288019710,2,2,1,TRUE,FALSE,FALSE,1,other
288019724,3,4,2,FALSE,FALSE,FALSE,3,still_orphaned
288019839,3,2,2,FALSE,TRUE,FALSE,1,completed
288020190,1,0,1,FALSE,FALSE,TRUE,0,still_orphaned
288020588,2,2,1,TRUE,FALSE,FALSE,1,other
288020720,1,0,1,FALSE,FALSE,TRUE,0,still_orphaned
288020989,3,2,2,FALSE,TRUE,FALSE,1,completed
288021279,1,2,1,FALSE,FALSE,TRUE,2,still_orphaned
288021288,6,4,3,TRUE,FALSE,FALSE,1,other
288021364,2,2,1,TRUE,FALSE,FALSE,1,other
288021622,4,4,2,TRUE,FALSE,FALSE,2,other
288021690,2,2,1,TRUE,FALSE,FALSE,1,other
288021777,3,4,2,FALSE,FALSE,FALSE,3,still_orphaned
288021818,3,2,2,FALSE,TRUE,FALSE,1,completed
288021849,1,0,1,FALSE,FALSE,TRUE,0,still_orphaned
288021857,2,2,1,TRUE,FALSE,FALSE,1,other
288021967,1,2,1,FALSE,FALSE,TRUE,2,still_orphaned
288022114,3,6,2,FALSE,FALSE,FALSE,5,still_orphaned
288022251,4,4,2,TRUE,FALSE,FALSE,2,other
288022445,4,4,2,TRUE,FALSE,FALSE,2,other
288022471,1,0,1,FALSE,FALSE,TRUE,0,still_orphaned
288022518,2,2,1,TRUE,FALSE,FALSE,1,other
288022564,5,7,3,FALSE,FALSE,FALSE,5,still_orphaned
288022870,3,3,2,FALSE,FALSE,FALSE,2,still_orphaned
288022892,4,4,2,TRUE,FALSE,FALSE,2,other
288023075,6,5,3,TRUE,FALSE,FALSE,2,other
288023116,4,3,2,TRUE,FALSE,FALSE,1,other
288023308,3,2,2,FALSE,TRUE,FALSE,1,completed
288023351,4,3,2,TRUE,FALSE,FALSE,1,other
288023448,4,5,2,TRUE,FALSE,FALSE,3,other
288023523,3,2,2,FALSE,TRUE,FALSE,1,completed
288023815,2,2,1,TRUE,FALSE,FALSE,1,other
288024046,5,4,3,FALSE,FALSE,FALSE,2,still_orphaned
288024440,4,3,2,TRUE,FALSE,FALSE,1,other
288024832,4,4,2,TRUE,FALSE,FALSE,2,other
288024960,2,2,1,TRUE,FALSE,FALSE,1,other
288025098,2,2,1,TRUE,FALSE,FALSE,1,other
288025307,1,0,1,FALSE,FALSE,TRUE,0,still_orphaned
288025335,2,2,1,TRUE,FALSE,FALSE,1,other
288025563,3,4,2,FALSE,FALSE,FALSE,3,still_orphaned
288025752,3,1,2,FALSE,FALSE,FALSE,0,still_orphaned
288025939,4,4,2,TRUE,FALSE,FALSE,2,other
288026509,3,2,2,FALSE,TRUE,FALSE,1,completed
288026653,3,5,2,FALSE,FALSE,FALSE,4,still_orphaned
288026683,1,2,1,FALSE,FALSE,TRUE,2,still_orphaned
288026846,4,3,2,TRUE,FALSE,FALSE,1,other
288026864,3,1,2,FALSE,FALSE,FALSE,0,still_orphaned
288027092,6,6,3,TRUE,FALSE,FALSE,3,other
288027802,1,0,1,FALSE,FALSE,TRUE,0,still_orphaned
288027825,5,6,3,FALSE,FALSE,FALSE,4,still_orphaned
288027897,3,4,2,FALSE,FALSE,FALSE,3,still_orphaned
288028310,4,5,2,TRUE,FALSE,FALSE,3,other
288028324,2,3,1,TRUE,FALSE,FALSE,2,other
288028408,3,6,2,FALSE,FALSE,FALSE,5,still_orphaned
288028477,2,4,1,TRUE,FALSE,FALSE,3,other
288028571,1,2,1,FALSE,FALSE,TRUE,2,still_orphaned
288028631,4,4,2,TRUE,FALSE,FALSE,2,other
288028842,2,1,1,TRUE,TRUE,FALSE,0,already_paired
288028888,5,6,3,FALSE,FALSE,FALSE,4,still_orphaned
288028911,1,0,1,FALSE,FALSE,TRUE,0,still_orphaned
288029131,4,5,2,TRUE,FALSE,FALSE,3,other
288029172,1,0,1,FALSE,FALSE,TRUE,0,still_orphaned
288029355,4,3,2,TRUE,FALSE,FALSE,1,other
288029358,3,3,2,FALSE,FALSE,FALSE,2,still_orphaned
288029775,3,4,2,FALSE,FALSE,FALSE,3,still_orphaned
288030051,3,5,2,FALSE,FALSE,FALSE,4,still_orphaned
288030203,3,5,2,FALSE,FALSE,FALSE,4,still_orphaned
288030378,2,3,1,TRUE,FALSE,FALSE,2,other
288030404,1,0,1,FALSE,FALSE,TRUE,0,still_orphaned
288030640,3,5,2,FALSE,FALSE,FALSE,4,still_orphaned
288030695,4,5,2,TRUE,FALSE,FALSE,3,other
288030773,3,4,2,FALSE,FALSE,FALSE,3,still_orphaned
288030821,2,4,1,TRUE,FALSE,FALSE,3,other
288030835,3,3,2,FALSE,FALSE,FALSE,2,still_orphaned
288031189,5,4,3,FALSE,FALSE,FALSE,2,still_orphaned
288031562,2,2,1,TRUE,FALSE,FALSE,1,other
288031614,1,0,1,FALSE,FALSE,TRUE,0,still_orphaned
288031985,1,0,1,FALSE,FALSE,TRUE,0,still_orphaned
288032065,4,6,2,TRUE,FALSE,FALSE,4,other
288032180,3,3,2,FALSE,FALSE,FALSE,2,still_orphaned
288032350,1,0,1,FALSE,FALSE,TRUE,0,still_orphaned
288032436,2,1,1,TRUE,TRUE,FALSE,0,already_paired
288032465,2,2,1,TRUE,FALSE,FALSE,1,other
288032517,1,0,1,FALSE,FALSE,TRUE,0,still_orphaned
288032578,2,2,1,TRUE,FALSE,FALSE,1,other
288032661,6,5,3,TRUE,FALSE,FALSE,2,other
288033095,5,3,3,FALSE,TRUE,FALSE,1,completed
288033873,4,5,2,TRUE,FALSE,FALSE,3,other
288034243,2,2,1,TRUE,FALSE,FALSE,1,other
288034344,3,3,2,FALSE,FALSE,FALSE,2,still_orphaned
288034535,4,4,2,TRUE,FALSE,FALSE,2,other
288034648,4,3,2,TRUE,FALSE,FALSE,1,other
288034745,1,0,1,FALSE,FALSE,TRUE,0,still_orphaned
288034751,2,1,1,TRUE,TRUE,FALSE,0,already_paired
288035159,3,3,2,FALSE,FALSE,FALSE,2,still_orphaned
288035163,2,4,1,TRUE,FALSE,FALSE,3,other
288035226,4,4,2,TRUE,FALSE,FALSE,2,other
288035292,1,2,1,FALSE,FALSE,TRUE,2,still_orphaned
288035359,3,1,2,FALSE,FALSE,FALSE,0,still_orphaned
288035476,3,1,2,FALSE,FALSE,FALSE,0,still_orphaned
288035616,1,1,1,FALSE,TRUE,TRUE,1,completed
288035632,1,2,1,FALSE,FALSE,TRUE,2,still_orphaned
288035767,4,4,2,TRUE,FALSE,FALSE,2,other
288035956,5,5,3,FALSE,FALSE,FALSE,3,still_orphaned
288036094,2,1,1,TRUE,TRUE,FALSE,0,already_paired
288036120,2,2,1,TRUE,FALSE,FALSE,1,other
288036123,2,2,1,TRUE,FALSE,FALSE,1,other
288036913,4,4,2,TRUE,FALSE,FALSE,2,other
288036945,1,2,1,FALSE,FALSE,TRUE,2,still_orphaned
288037058,4,5,2,TRUE,FALSE,FALSE,3,other
288037076,2,2,1,TRUE,FALSE,FALSE,1,other
288037248,3,5,2,FALSE,FALSE,FALSE,4,still_orphaned
288037452,5,2,3,FALSE,FALSE,FALSE,0,still_orphaned
288037621,1,0,1,FALSE,FALSE,TRUE,0,still_orphaned
288037755,3,4,2,FALSE,FALSE,FALSE,3,still_orphaned
288037800,2,1,1,TRUE,TRUE,FALSE,0,already_paired
288037811,1,0,1,FALSE,FALSE,TRUE,0,still_orphaned
288037817,2,2,1,TRUE,FALSE,FALSE,1,other
288038050,7,7,4,FALSE,FALSE,FALSE,4,still_orphaned
288038278,5,4,3,FALSE,FALSE,FALSE,2,still_orphaned
288038281,1,0,1,FALSE,FALSE,TRUE,0,still_orphaned
288038452,2,2,1,TRUE,FALSE,FALSE,1,other
288038492,6,7,3,TRUE,FALSE,FALSE,4,other
288038534,5,4,3,FALSE,FALSE,FALSE,2,still_orphaned
288038606,2,2,1,TRUE,FALSE,FALSE,1,other
288038819,2,2,1,TRUE,FALSE,FALSE,1,other
288039038,3,3,2,FALSE,FALSE,FALSE,2,still_orphaned
288039223,3,2,2,FALSE,TRUE,FALSE,1,completed
288039262,4,5,2,TRUE,FALSE,FALSE,3,other
288039263,2,1,1,TRUE,TRUE,FALSE,0,already_paired
288039353,4,5,2,TRUE,FALSE,FALSE,3,other
288039564,4,2,2,TRUE,TRUE,FALSE,0,already_paired
288039569,2,1,1,TRUE,TRUE,FALSE,0,already_paired
288039676,1,0,1,FALSE,FALSE,TRUE,0,still_orphaned
288039766,4,3,2,TRUE,FALSE,FALSE,1,other
288040221,2,1,1,TRUE,TRUE,FALSE,0,already_paired
288040634,3,1,2,FALSE,FALSE,FALSE,0,still_orphaned
288040645,3,3,2,FALSE,FALSE,FALSE,2,still_orphaned
288040799,1,2,1,FALSE,FALSE,TRUE,2,still_orphaned
288040817,3,2,2,FALSE,TRUE,FALSE,1,completed
288041095,2,3,1,TRUE,FALSE,FALSE,2,other
288041202,1,2,1,FALSE,FALSE,TRUE,2,still_orphaned
288041392,2,2,1,TRUE,FALSE,FALSE,1,other
288041531,1,0,1,FALSE,FALSE,TRUE,0,still_orphaned
288041918,3,3,2,FALSE,FALSE,FALSE,2,still_orphaned
288041986,1,0,1,FALSE,FALSE,TRUE,0,still_orphaned
288042062,4,4,2,TRUE,FALSE,FALSE,2,other
288042095,6,4,3,TRUE,FALSE,FALSE,1,other
288042097,5,6,3,FALSE,FALSE,FALSE,4,still_orphaned
288042522,9,6,5,FALSE,FALSE,FALSE,2,still_orphaned
288042832,1,2,1,FALSE,FALSE,TRUE,2,still_orphaned
288042863,2,2,1,TRUE,FALSE,FALSE,1,other
288042894,2,2,1,TRUE,FALSE,FALSE,1,other
288042914,7,5,4,FALSE,FALSE,FALSE,2,still_orphaned
288043149,3,2,2,FALSE,TRUE,FALSE,1,completed
288043207,3,3,2,FALSE,FALSE,FALSE,2,still_orphaned
288043309,1,0,1,FALSE,FALSE,TRUE,0,still_orphaned
288043637,2,3,1,TRUE,FALSE,FALSE,2,other
288043657,3,1,2,FALSE,FALSE,FALSE,0,still_orphaned
288043830,5,5,3,FALSE,FALSE,FALSE,3,still_orphaned
288043837,5,3,3,FALSE,TRUE,FALSE,1,completed
288044039,1,1,1,FALSE,TRUE,TRUE,1,completed
288044186,3,5,2,FALSE,FALSE,FALSE,4,still_orphaned
288044518,1,2,1,FALSE,FALSE,TRUE,2,still_orphaned
288044890,5,2,3,FALSE,FALSE,FALSE,0,still_orphaned
288044959,2,3,1,TRUE,FALSE,FALSE,2,other
288045003,1,0,1,FALSE,FALSE,TRUE,0,still_orphaned
288045018,2,2,1,TRUE,FALSE,FALSE,1,other
288045327,2,3,1,TRUE,FALSE,FALSE,2,other
288045619,8,7,4,TRUE,FALSE,FALSE,3,other
288049249,2,3,1,TRUE,FALSE,FALSE,2,other
288049536,2,2,1,TRUE,FALSE,FALSE,1,other
288049542,2,1,1,TRUE,TRUE,FALSE,0,already_paired
288049787,5,6,3,FALSE,FALSE,FALSE,4,still_orphaned
288050146,6,4,3,TRUE,FALSE,FALSE,1,other
288050435,2,2,1,TRUE,FALSE,FALSE,1,other
288050842,6,5,3,TRUE,FALSE,FALSE,2,other
288050923,2,2,1,TRUE,FALSE,FALSE,1,other
288051169,4,3,2,TRUE,FALSE,FALSE,1,other
288051223,2,2,1,TRUE,FALSE,FALSE,1,other
288051351,2,2,1,TRUE,FALSE,FALSE,1,other
288051696,1,0,1,FALSE,FALSE,TRUE,0,still_orphaned
288051703,1,0,1,FALSE,FALSE,TRUE,0,still_orphaned
288051743,4,2,2,TRUE,TRUE,FALSE,0,already_paired
288051969,3,3,2,FALSE,FALSE,FALSE,2,still_orphaned
288052032,4,5,2,TRUE,FALSE,FALSE,3,other
288052098,6,6,3,TRUE,FALSE,FALSE,3,other
288052153,3,1,2,FALSE,FALSE,FALSE,0,still_orphaned
288052183,3,3,2,FALSE,FALSE,FALSE,2,still_orphaned
288052244,1,3,1,FALSE,FALSE,TRUE,3,still_orphaned
288052446,4,4,2,TRUE,FALSE,FALSE,2,other
288052474,3,2,2,FALSE,TRUE,FALSE,1,completed
288052476,1,2,1,FALSE,FALSE,TRUE,2,still_orphaned
288052487,1,0,1,FALSE,FALSE,TRUE,0,still_orphaned
288052519,6,6,3,TRUE,FALSE,FALSE,3,other
288052731,6,5,3,TRUE,FALSE,FALSE,2,other
288053028,4,4,2,TRUE,FALSE,FALSE,2,other
288053034,1,1,1,FALSE,TRUE,TRUE,1,completed
288053234,2,2,1,TRUE,FALSE,FALSE,1,other
288053310,2,3,1,TRUE,FALSE,FALSE,2,other
288053353,4,6,2,TRUE,FALSE,FALSE,4,other
288053550,3,2,2,FALSE,TRUE,FALSE,1,completed
288053560,3,3,2,FALSE,FALSE,FALSE,2,still_orphaned
288053561,4,4,2,TRUE,FALSE,FALSE,2,other
288053629,3,4,2,FALSE,FALSE,FALSE,3,still_orphaned
288053862,7,5,4,FALSE,FALSE,FALSE,2,still_orphaned
288053863,3,3,2,FALSE,FALSE,FALSE,2,still_orphaned
288054115,1,2,1,FALSE,FALSE,TRUE,2,still_orphaned
288054255,4,6,2,TRUE,FALSE,FALSE,4,other
288054304,5,5,3,FALSE,FALSE,FALSE,3,still_orphaned
288054349,3,1,2,FALSE,FALSE,FALSE,0,still_orphaned
288054447,2,2,1,TRUE,FALSE,FALSE,1,other
288054490,2,3,1,TRUE,FALSE,FALSE,2,other
288054526,4,4,2,TRUE,FALSE,FALSE,2,other
288055054,3,1,2,FALSE,FALSE,FALSE,0,still_orphaned
288055062,2,1,1,TRUE,TRUE,FALSE,0,already_paired
288055262,2,2,1,TRUE,FALSE,FALSE,1,other
288055319,3,3,2,FALSE,FALSE,FALSE,2,still_orphaned
288055471,1,3,1,FALSE,FALSE,TRUE,3,still_orphaned
288055650,2,2,1,TRUE,FALSE,FALSE,1,other
288055909,1,0,1,FALSE,FALSE,TRUE,0,still_orphaned
288056169,5,3,3,FALSE,TRUE,FALSE,1,completed
288056441,5,4,3,FALSE,FALSE,FALSE,2,still_orphaned
288056543,3,3,2,FALSE,FALSE,FALSE,2,still_orphaned
288056857,3,3,2,FALSE,FALSE,FALSE,2,still_orphaned
288056974,4,4,2,TRUE,FALSE,FALSE,2,other
288057096,5,4,3,FALSE,FALSE,FALSE,2,still_orphaned
288057109,2,2,1,TRUE,FALSE,FALSE,1,other
288057278,1,2,1,FALSE,FALSE,TRUE,2,still_orphaned
288057324,2,1,1,TRUE,TRUE,FALSE,0,already_paired
288057561,2,3,1,TRUE,FALSE,FALSE,2,other
288057874,1,1,1,FALSE,TRUE,TRUE,1,completed
288058077,2,2,1,TRUE,FALSE,FALSE,1,other
288058138,2,3,1,TRUE,FALSE,FALSE,2,other
288058200,3,3,2,FALSE,FALSE,FALSE,2,still_orphaned
288058205,1,2,1,FALSE,FALSE,TRUE,2,still_orphaned
288058412,2,1,1,TRUE,TRUE,FALSE,0,already_paired
288058467,2,1,1,TRUE,TRUE,FALSE,0,already_paired
288058546,2,3,1,TRUE,FALSE,FALSE,2,other
288058717,8,6,4,TRUE,FALSE,FALSE,2,other
288058785,4,3,2,TRUE,FALSE,FALSE,1,other
288059540,2,2,1,TRUE,FALSE,FALSE,1,other
288059553,1,0,1,FALSE,FALSE,TRUE,0,still_orphaned
288059572,4,5,2,TRUE,FALSE,FALSE,3,other
288059610,1,3,1,FALSE,FALSE,TRUE,3,still_orphaned
288059622,1,0,1,FALSE,FALSE,TRUE,0,still_orphaned
288060090,3,3,2,FALSE,FALSE,FALSE,2,still_orphaned
288060172,3,1,2,FALSE,FALSE,FALSE,0,still_orphaned
288060182,2,2,1,TRUE,FALSE,FALSE,1,other
288060196,3,6,2,FALSE,FALSE,FALSE,5,still_orphaned
288060426,2,3,1,TRUE,FALSE,FALSE,2,other
288060734,2,2,1,TRUE,FALSE,FALSE,1,other
288061266,4,2,2,TRUE,TRUE,FALSE,0,already_paired
288061428,5,5,3,FALSE,FALSE,FALSE,3,still_orphaned
288061477,3,4,2,FALSE,FALSE,FALSE,3,still_orphaned
288061801,1,0,1,FALSE,FALSE,TRUE,0,still_orphaned
288061898,3,4,2,FALSE,FALSE,FALSE,3,still_orphaned
288062056,2,1,1,TRUE,TRUE,FALSE,0,already_paired
288062187,2,1,1,TRUE,TRUE,FALSE,0,already_paired
288062431,3,6,2,FALSE,FALSE,FALSE,5,still_orphaned
288062991,4,5,2,TRUE,FALSE,FALSE,3,other
288063306,3,1,2,FALSE,FALSE,FALSE,0,still_orphaned
288063331,2,2,1,TRUE,FALSE,FALSE,1,other
288063559,3,3,2,FALSE,FALSE,FALSE,2,still_orphaned
288063566,3,5,2,FALSE,FALSE,FALSE,4,still_orphaned
288063600,1,0,1,FALSE,FALSE,TRUE,0,still_orphaned
288063674,2,1,1,TRUE,TRUE,FALSE,0,already_paired
288063914,3,5,2,FALSE,FALSE,FALSE,4,still_orphaned
288064274,4,3,2,TRUE,FALSE,FALSE,1,other
288064287,1,2,1,FALSE,FALSE,TRUE,2,still_orphaned
288064675,4,3,2,TRUE,FALSE,FALSE,1,other
288064694,3,2,2,FALSE,TRUE,FALSE,1,completed
288064955,2,2,1,TRUE,FALSE,FALSE,1,other
288065018,2,2,1,TRUE,FALSE,FALSE,1,other
288065211,4,3,2,TRUE,FALSE,FALSE,1,other
288065238,4,3,2,TRUE,FALSE,FALSE,1,other
288065357,5,3,3,FALSE,TRUE,FALSE,1,completed
288065820,4,4,2,TRUE,FALSE,FALSE,2,other
288065841,6,4,3,TRUE,FALSE,FALSE,1,other
288065938,10,10,5,TRUE,FALSE,FALSE,5,other
288066076,3,1,2,FALSE,FALSE,FALSE,0,still_orphaned
288066249,1,3,1,FALSE,FALSE,TRUE,3,still_orphaned
288066335,8,5,4,TRUE,FALSE,FALSE,1,other
288066477,4,3,2,TRUE,FALSE,FALSE,1,other
288066606,2,1,1,TRUE,TRUE,FALSE,0,already_paired
288067031,4,3,2,TRUE,FALSE,FALSE,1,other
288067062,1,4,1,FALSE,FALSE,TRUE,4,still_orphaned
288067203,2,2,1,TRUE,FALSE,FALSE,1,other
288067290,2,2,1,TRUE,FALSE,FALSE,1,other
288067469,6,6,3,TRUE,FALSE,FALSE,3,other
288067479,3,1,2,FALSE,FALSE,FALSE,0,still_orphaned
288067480,1,2,1,FALSE,FALSE,TRUE,2,still_orphaned
288067541,1,0,1,FALSE,FALSE,TRUE,0,still_orphaned
288067675,6,7,3,TRUE,FALSE,FALSE,4,other
288067752,5,5,3,FALSE,FALSE,FALSE,3,still_orphaned
288068035,3,2,2,FALSE,TRUE,FALSE,1,completed
288068136,1,2,1,FALSE,FALSE,TRUE,2,still_orphaned
288068151,2,3,1,TRUE,FALSE,FALSE,2,other
288068281,6,6,3,TRUE,FALSE,FALSE,3,other
288068498,1,0,1,FALSE,FALSE,TRUE,0,still_orphaned
288068589,7,7,4,FALSE,FALSE,FALSE,4,still_orphaned
288068592,1,0,1,FALSE,FALSE,TRUE,0,still_orphaned
288068858,2,2,1,TRUE,FALSE,FALSE,1,other
288069187,6,6,3,TRUE,FALSE,FALSE,3,other
288069316,5,5,3,FALSE,FALSE,FALSE,3,still_orphaned
288069391,4,4,2,TRUE,FALSE,FALSE,2,other
288069416,3,4,2,FALSE,FALSE,FALSE,3,still_orphaned
288069528,5,4,3,FALSE,FALSE,FALSE,2,still_orphaned
288069676,6,6,3,TRUE,FALSE,FALSE,3,other
288070063,5,4,3,FALSE,FALSE,FALSE,2,still_orphaned
288070097,3,4,2,FALSE,FALSE,FALSE,3,still_orphaned
288070136,6,5,3,TRUE,FALSE,FALSE,2,other
288070242,6,6,3,TRUE,FALSE,FALSE,3,other
288070276,12,8,6,TRUE,FALSE,FALSE,2,other
288070306,3,2,2,FALSE,TRUE,FALSE,1,completed
288071032,4,5,2,TRUE,FALSE,FALSE,3,other
288071081,1,0,1,FALSE,FALSE,TRUE,0,still_orphaned
288071088,2,1,1,TRUE,TRUE,FALSE,0,already_paired
288071257,1,3,1,FALSE,FALSE,TRUE,3,still_orphaned
288071346,4,4,2,TRUE,FALSE,FALSE,2,other
288071439,2,3,1,TRUE,FALSE,FALSE,2,other
288071504,2,1,1,TRUE,TRUE,FALSE,0,already_paired
288071817,6,5,3,TRUE,FALSE,FALSE,2,other
288072159,3,2,2,FALSE,TRUE,FALSE,1,completed
288072193,7,3,4,FALSE,FALSE,FALSE,0,still_orphaned
288072250,1,3,1,FALSE,FALSE,TRUE,3,still_orphaned
288072681,1,2,1,FALSE,FALSE,TRUE,2,still_orphaned
288072734,2,2,1,TRUE,FALSE,FALSE,1,other
288072793,1,4,1,FALSE,FALSE,TRUE,4,still_orphaned
288072925,3,1,2,FALSE,FALSE,FALSE,0,still_orphaned
288072971,3,3,2,FALSE,FALSE,FALSE,2,still_orphaned
288073198,3,1,2,FALSE,FALSE,FALSE,0,still_orphaned
288073462,5,2,3,FALSE,FALSE,FALSE,0,still_orphaned
288073620,4,4,2,TRUE,FALSE,FALSE,2,other
288073662,3,2,2,FALSE,TRUE,FALSE,1,completed
288073675,2,2,1,TRUE,FALSE,FALSE,1,other
288074012,3,3,2,FALSE,FALSE,FALSE,2,still_orphaned
288074332,1,0,1,FALSE,FALSE,TRUE,0,still_orphaned
288074503,1,2,1,FALSE,FALSE,TRUE,2,still_orphaned
288074528,1,0,1,FALSE,FALSE,TRUE,0,still_orphaned
288074593,1,0,1,FALSE,FALSE,TRUE,0,still_orphaned
288074633,2,2,1,TRUE,FALSE,FALSE,1,other
288074655,1,2,1,FALSE,FALSE,TRUE,2,still_orphaned
288074938,1,2,1,FALSE,FALSE,TRUE,2,still_orphaned
288075010,1,2,1,FALSE,FALSE,TRUE,2,still_orphaned
288075205,2,2,1,TRUE,FALSE,FALSE,1,other
288075230,4,4,2,TRUE,FALSE,FALSE,2,other
288075420,2,4,1,TRUE,FALSE,FALSE,3,other
288075479,4,4,2,TRUE,FALSE,FALSE,2,other
288075516,2,3,1,TRUE,FALSE,FALSE,2,other
288075541,4,5,2,TRUE,FALSE,FALSE,3,other
288075971,2,2,1,TRUE,FALSE,FALSE,1,other
288076099,1,2,1,FALSE,FALSE,TRUE,2,still_orphaned
288076185,1,2,1,FALSE,FALSE,TRUE,2,still_orphaned
288076532,2,1,1,TRUE,TRUE,FALSE,0,already_paired
288076555,2,1,1,TRUE,TRUE,FALSE,0,already_paired
288076587,2,3,1,TRUE,FALSE,FALSE,2,other
288076588,3,2,2,FALSE,TRUE,FALSE,1,completed
288076740,1,0,1,FALSE,FALSE,TRUE,0,still_orphaned
288076742,2,2,1,TRUE,FALSE,FALSE,1,other
288076911,2,2,1,TRUE,FALSE,FALSE,1,other
288077371,1,0,1,FALSE,FALSE,TRUE,0,still_orphaned
288077705,2,3,1,TRUE,FALSE,FALSE,2,other
288077782,2,3,1,TRUE,FALSE,FALSE,2,other
288077872,2,2,1,TRUE,FALSE,FALSE,1,other
288077929,2,4,1,TRUE,FALSE,FALSE,3,other
288078278,1,2,1,FALSE,FALSE,TRUE,2,still_orphaned
288078640,1,2,1,FALSE,FALSE,TRUE,2,still_orphaned
288078649,2,3,1,TRUE,FALSE,FALSE,2,other
288078690,1,4,1,FALSE,FALSE,TRUE,4,still_orphaned
288079298,1,2,1,FALSE,FALSE,TRUE,2,still_orphaned
288079299,3,2,2,FALSE,TRUE,FALSE,1,completed
288079349,2,3,1,TRUE,FALSE,FALSE,2,other
288079524,1,0,1,FALSE,FALSE,TRUE,0,still_orphaned
288079547,5,5,3,FALSE,FALSE,FALSE,3,still_orphaned
288079610,3,2,2,FALSE,TRUE,FALSE,1,completed
288079839,1,2,1,FALSE,FALSE,TRUE,2,still_orphaned
288080159,5,2,3,FALSE,FALSE,FALSE,0,still_orphaned
288080686,1,3,1,FALSE,FALSE,TRUE,3,still_orphaned
288080810,2,3,1,TRUE,FALSE,FALSE,2,other
288080950,3,2,2,FALSE,TRUE,FALSE,1,completed
288081258,2,1,1,TRUE,TRUE,FALSE,0,already_paired
288081356,2,3,1,TRUE,FALSE,FALSE,2,other
288081590,3,1,2,FALSE,FALSE,FALSE,0,still_orphaned
288082157,2,2,1,TRUE,FALSE,FALSE,1,other
288107253,4,3,2,TRUE,FALSE,FALSE,1,other
288107547,1,2,1,FALSE,FALSE,TRUE,2,still_orphaned
288107561,4,4,2,TRUE,FALSE,FALSE,2,other
288107882,3,2,2,FALSE,TRUE,FALSE,1,completed
288107894,1,2,1,FALSE,FALSE,TRUE,2,still_orphaned
288107984,3,4,2,FALSE,FALSE,FALSE,3,still_orphaned
288108133,5,7,3,FALSE,FALSE,FALSE,5,still_orphaned
288108404,2,2,1,TRUE,FALSE,FALSE,1,other
288108550,3,2,2,FALSE,TRUE,FALSE,1,completed
288108849,1,3,1,FALSE,FALSE,TRUE,3,still_orphaned
288109068,1,0,1,FALSE,FALSE,TRUE,0,still_orphaned
288109151,2,3,1,TRUE,FALSE,FALSE,2,other
288109190,3,3,2,FALSE,FALSE,FALSE,2,still_orphaned
288109267,6,6,3,TRUE,FALSE,FALSE,3,other
288109397,2,3,1,TRUE,FALSE,FALSE,2,other
288109673,3,2,2,FALSE,TRUE,FALSE,1,completed
288109757,2,4,1,TRUE,FALSE,FALSE,3,other
288109758,2,3,1,TRUE,FALSE,FALSE,2,other
288109770,5,6,3,FALSE,FALSE,FALSE,4,still_orphaned
288109833,1,0,1,FALSE,FALSE,TRUE,0,still_orphaned
288109845,2,2,1,TRUE,FALSE,FALSE,1,other
288109934,1,3,1,FALSE,FALSE,TRUE,3,still_orphaned
288110063,5,5,3,FALSE,FALSE,FALSE,3,still_orphaned
288110145,7,6,4,FALSE,FALSE,FALSE,3,still_orphaned
288110280,5,4,3,FALSE,FALSE,FALSE,2,still_orphaned
288110303,2,1,1,TRUE,TRUE,FALSE,0,already_paired
288110310,7,7,4,FALSE,FALSE,FALSE,4,still_orphaned
288110618,2,2,1,TRUE,FALSE,FALSE,1,other
288110637,6,4,3,TRUE,FALSE,FALSE,1,other
288110992,1,0,1,FALSE,FALSE,TRUE,0,still_orphaned
288110999,3,2,2,FALSE,TRUE,FALSE,1,completed
288111038,1,3,1,FALSE,FALSE,TRUE,3,still_orphaned
288111211,1,2,1,FALSE,FALSE,TRUE,2,still_orphaned
288111318,3,4,2,FALSE,FALSE,FALSE,3,still_orphaned
288111580,2,1,1,TRUE,TRUE,FALSE,0,already_paired
288111617,4,3,2,TRUE,FALSE,FALSE,1,other
288111737,1,2,1,FALSE,FALSE,TRUE,2,still_orphaned
288111796,4,3,2,TRUE,FALSE,FALSE,1,other
288111885,5,3,3,FALSE,TRUE,FALSE,1,completed
288112044,2,2,1,TRUE,FALSE,FALSE,1,other
288112074,4,3,2,TRUE,FALSE,FALSE,1,other
288112099,3,4,2,FALSE,FALSE,FALSE,3,still_orphaned
288112574,4,5,2,TRUE,FALSE,FALSE,3,other
288112718,8,6,4,TRUE,FALSE,FALSE,2,other
288112815,5,4,3,FALSE,FALSE,FALSE,2,still_orphaned
288112893,1,2,1,FALSE,FALSE,TRUE,2,still_orphaned
288112944,2,2,1,TRUE,FALSE,FALSE,1,other
288112961,1,2,1,FALSE,FALSE,TRUE,2,still_orphaned
288113036,1,3,1,FALSE,FALSE,TRUE,3,still_orphaned
288113141,6,5,3,TRUE,FALSE,FALSE,2,other
288113169,2,1,1,TRUE,TRUE,FALSE,0,already_paired
288113363,1,2,1,FALSE,FALSE,TRUE,2,still_orphaned
288113640,2,2,1,TRUE,FALSE,FALSE,1,other
288114089,5,5,3,FALSE,FALSE,FALSE,3,still_orphaned
288114272,2,4,1,TRUE,FALSE,FALSE,3,other
288114420,1,0,1,FALSE,FALSE,TRUE,0,still_orphaned
288114710,3,2,2,FALSE,TRUE,FALSE,1,completed
288114871,4,3,2,TRUE,FALSE,FALSE,1,other
288115125,3,5,2,FALSE,FALSE,FALSE,4,still_orphaned
288115164,4,6,2,TRUE,FALSE,FALSE,4,other
288115165,1,0,1,FALSE,FALSE,TRUE,0,still_orphaned
288115306,3,6,2,FALSE,FALSE,FALSE,5,still_orphaned
288115467,3,2,2,FALSE,TRUE,FALSE,1,completed
288115537,3,3,2,FALSE,FALSE,FALSE,2,still_orphaned
288115781,2,2,1,TRUE,FALSE,FALSE,1,other
288115792,4,3,2,TRUE,FALSE,FALSE,1,other
288115848,1,2,1,FALSE,FALSE,TRUE,2,still_orphaned
288116168,6,3,3,TRUE,TRUE,FALSE,0,already_paired
288116313,6,5,3,TRUE,FALSE,FALSE,2,other
288116447,2,1,1,TRUE,TRUE,FALSE,0,already_paired
288116463,3,2,2,FALSE,TRUE,FALSE,1,completed
288116474,4,4,2,TRUE,FALSE,FALSE,2,other
288116723,4,4,2,TRUE,FALSE,FALSE,2,other
288116724,5,5,3,FALSE,FALSE,FALSE,3,still_orphaned
288116744,7,6,4,FALSE,FALSE,FALSE,3,still_orphaned
288116871,2,3,1,TRUE,FALSE,FALSE,2,other
288117202,1,0,1,FALSE,FALSE,TRUE,0,still_orphaned
288117450,1,2,1,FALSE,FALSE,TRUE,2,still_orphaned
288117505,1,0,1,FALSE,FALSE,TRUE,0,still_orphaned
288117582,4,4,2,TRUE,FALSE,FALSE,2,other
288117776,3,5,2,FALSE,FALSE,FALSE,4,still_orphaned
288117901,2,3,1,TRUE,FALSE,FALSE,2,other
288118009,2,3,1,TRUE,FALSE,FALSE,2,other
288118298,2,2,1,TRUE,FALSE,FALSE,1,other
288118346,2,3,1,TRUE,FALSE,FALSE,2,other
288118702,6,6,3,TRUE,FALSE,FALSE,3,other
288118975,2,1,1,TRUE,TRUE,FALSE,0,already_paired
288119148,6,4,3,TRUE,FALSE,FALSE,1,other
288119539,2,2,1,TRUE,FALSE,FALSE,1,other
288119602,2,4,1,TRUE,FALSE,FALSE,3,other
288119721,2,3,1,TRUE,FALSE,FALSE,2,other
288119727,3,2,2,FALSE,TRUE,FALSE,1,completed
288119899,2,1,1,TRUE,TRUE,FALSE,0,already_paired
288120407,4,4,2,TRUE,FALSE,FALSE,2,other
288120747,7,7,4,FALSE,FALSE,FALSE,4,still_orphaned
288120871,5,4,3,FALSE,FALSE,FALSE,2,still_orphaned
288121459,1,2,1,FALSE,FALSE,TRUE,2,still_orphaned
288121492,3,4,2,FALSE,FALSE,FALSE,3,still_orphaned
288121526,3,2,2,FALSE,TRUE,FALSE,1,completed
288121822,2,1,1,TRUE,TRUE,FALSE,0,already_paired
288121981,5,5,3,FALSE,FALSE,FALSE,3,still_orphaned
288122120,2,2,1,TRUE,FALSE,FALSE,1,other
288122264,5,5,3,FALSE,FALSE,FALSE,3,still_orphaned
288122357,3,3,2,FALSE,FALSE,FALSE,2,still_orphaned
288122400,2,3,1,TRUE,FALSE,FALSE,2,other
288122681,1,2,1,FALSE,FALSE,TRUE,2,still_orphaned
288122802,2,2,1,TRUE,FALSE,FALSE,1,other
288122829,4,4,2,TRUE,FALSE,FALSE,2,other
288123258,6,5,3,TRUE,FALSE,FALSE,2,other
288123308,3,4,2,FALSE,FALSE,FALSE,3,still_orphaned
288123412,4,3,2,TRUE,FALSE,FALSE,1,other
288123423,1,0,1,FALSE,FALSE,TRUE,0,still_orphaned
288123698,4,3,2,TRUE,FALSE,FALSE,1,other
288123713,3,2,2,FALSE,TRUE,FALSE,1,completed
288124246,3,2,2,FALSE,TRUE,FALSE,1,completed
288124321,3,3,2,FALSE,FALSE,FALSE,2,still_orphaned
288124576,5,5,3,FALSE,FALSE,FALSE,3,still_orphaned
288124679,3,5,2,FALSE,FALSE,FALSE,4,still_orphaned
288125025,1,2,1,FALSE,FALSE,TRUE,2,still_orphaned
288125306,7,4,4,FALSE,TRUE,FALSE,1,completed
288125385,10,10,5,TRUE,FALSE,FALSE,5,other
288125406,2,2,1,TRUE,FALSE,FALSE,1,other
288125480,7,7,4,FALSE,FALSE,FALSE,4,still_orphaned
288125629,1,0,1,FALSE,FALSE,TRUE,0,still_orphaned
288125715,6,5,3,TRUE,FALSE,FALSE,2,other
288125859,2,3,1,TRUE,FALSE,FALSE,2,other
288125942,1,1,1,FALSE,TRUE,TRUE,1,completed
288126218,7,6,4,FALSE,FALSE,FALSE,3,still_orphaned
288126498,4,2,2,TRUE,TRUE,FALSE,0,already_paired
288126652,5,3,3,FALSE,TRUE,FALSE,1,completed
288127047,7,5,4,FALSE,FALSE,FALSE,2,still_orphaned
288127267,1,2,1,FALSE,FALSE,TRUE,2,still_orphaned
288127581,3,6,2,FALSE,FALSE,FALSE,5,still_orphaned
288127664,7,5,4,FALSE,FALSE,FALSE,2,still_orphaned
288127800,1,0,1,FALSE,FALSE,TRUE,0,still_orphaned
288128007,1,2,1,FALSE,FALSE,TRUE,2,still_orphaned
288128118,3,4,2,FALSE,FALSE,FALSE,3,still_orphaned
288128157,3,1,2,FALSE,FALSE,FALSE,0,still_orphaned
288128560,1,0,1,FALSE,FALSE,TRUE,0,still_orphaned
288128608,2,2,1,TRUE,FALSE,FALSE,1,other
288129066,3,3,2,FALSE,FALSE,FALSE,2,still_orphaned
288129314,1,2,1,FALSE,FALSE,TRUE,2,still_orphaned
288129366,7,4,4,FALSE,TRUE,FALSE,1,completed
288129738,2,3,1,TRUE,FALSE,FALSE,2,other
288129948,2,1,1,TRUE,TRUE,FALSE,0,already_paired
288130179,3,3,2,FALSE,FALSE,FALSE,2,still_orphaned
288130630,2,3,1,TRUE,FALSE,FALSE,2,other
288130725,3,5,2,FALSE,FALSE,FALSE,4,still_orphaned
288130736,3,4,2,FALSE,FALSE,FALSE,3,still_orphaned
288130942,7,6,4,FALSE,FALSE,FALSE,3,still_orphaned
288130952,1,3,1,FALSE,FALSE,TRUE,3,still_orphaned
288130979,2,2,1,TRUE,FALSE,FALSE,1,other
288131004,2,4,1,TRUE,FALSE,FALSE,3,other
288131071,9,6,5,FALSE,FALSE,FALSE,2,still_orphaned
288131375,3,4,2,FALSE,FALSE,FALSE,3,still_orphaned
288131829,1,4,1,FALSE,FALSE,TRUE,4,still_orphaned
288132060,5,4,3,FALSE,FALSE,FALSE,2,still_orphaned
288132079,1,0,1,FALSE,FALSE,TRUE,0,still_orphaned
288132374,2,1,1,TRUE,TRUE,FALSE,0,already_paired
288132520,7,5,4,FALSE,FALSE,FALSE,2,still_orphaned
288132870,2,1,1,TRUE,TRUE,FALSE,0,already_paired
288132891,2,2,1,TRUE,FALSE,FALSE,1,other
288132899,5,4,3,FALSE,FALSE,FALSE,2,still_orphaned
288133011,3,2,2,FALSE,TRUE,FALSE,1,completed
288133035,3,2,2,FALSE,TRUE,FALSE,1,completed
288133276,2,2,1,TRUE,FALSE,FALSE,1,other
288133538,4,2,2,TRUE,TRUE,FALSE,0,already_paired
288133740,2,4,1,TRUE,FALSE,FALSE,3,other
288133760,6,5,3,TRUE,FALSE,FALSE,2,other
288133918,1,2,1,FALSE,FALSE,TRUE,2,still_orphaned
288133964,2,3,1,TRUE,FALSE,FALSE,2,other
288133995,1,2,1,FALSE,FALSE,TRUE,2,still_orphaned
288134215,4,3,2,TRUE,FALSE,FALSE,1,other
288134323,3,2,2,FALSE,TRUE,FALSE,1,completed
288134339,4,4,2,TRUE,FALSE,FALSE,2,other
288134481,4,4,2,TRUE,FALSE,FALSE,2,other
288134658,1,3,1,FALSE,FALSE,TRUE,3,still_orphaned
288134680,4,4,2,TRUE,FALSE,FALSE,2,other
288134894,2,3,1,TRUE,FALSE,FALSE,2,other
288134941,1,2,1,FALSE,FALSE,TRUE,2,still_orphaned
288134964,2,3,1,TRUE,FALSE,FALSE,2,other
288135123,2,2,1,TRUE,FALSE,FALSE,1,other
288135929,3,2,2,FALSE,TRUE,FALSE,1,completed
288135934,4,3,2,TRUE,FALSE,FALSE,1,other
288135938,3,2,2,FALSE,TRUE,FALSE,1,completed
288136283,3,1,2,FALSE,FALSE,FALSE,0,still_orphaned
288136698,2,2,1,TRUE,FALSE,FALSE,1,other
288137228,1,0,1,FALSE,FALSE,TRUE,0,still_orphaned
288137446,1,5,1,FALSE,FALSE,TRUE,5,still_orphaned
288137487,4,5,2,TRUE,FALSE,FALSE,3,other
288137733,6,4,3,TRUE,FALSE,FALSE,1,other
288137759,4,4,2,TRUE,FALSE,FALSE,2,other
288137787,6,5,3,TRUE,FALSE,FALSE,2,other
288138127,1,2,1,FALSE,FALSE,TRUE,2,still_orphaned
288138255,2,2,1,TRUE,FALSE,FALSE,1,other
288138322,3,3,2,FALSE,FALSE,FALSE,2,still_orphaned
288138395,2,2,1,TRUE,FALSE,FALSE,1,other
288138449,2,1,1,TRUE,TRUE,FALSE,0,already_paired
288138476,5,3,3,FALSE,TRUE,FALSE,1,completed
288138597,2,1,1,TRUE,TRUE,FALSE,0,already_paired
288138616,1,0,1,FALSE,FALSE,TRUE,0,still_orphaned
288138830,1,2,1,FALSE,FALSE,TRUE,2,still_orphaned
288139007,2,2,1,TRUE,FALSE,FALSE,1,other
288139201,2,2,1,TRUE,FALSE,FALSE,1,other
288139481,2,1,1,TRUE,TRUE,FALSE,0,already_paired
288140188,1,2,1,FALSE,FALSE,TRUE,2,still_orphaned
288166169,1,2,1,FALSE,FALSE,TRUE,2,still_orphaned
288166250,1,0,1,FALSE,FALSE,TRUE,0,still_orphaned
288166486,4,4,2,TRUE,FALSE,FALSE,2,other
288166797,2,2,1,TRUE,FALSE,FALSE,1,other
288166957,2,2,1,TRUE,FALSE,FALSE,1,other
288167070,4,2,2,TRUE,TRUE,FALSE,0,already_paired
288167362,1,2,1,FALSE,FALSE,TRUE,2,still_orphaned
288167536,4,2,2,TRUE,TRUE,FALSE,0,already_paired
288167548,2,2,1,TRUE,FALSE,FALSE,1,other
288167952,4,3,2,TRUE,FALSE,FALSE,1,other
288168197,2,1,1,TRUE,TRUE,FALSE,0,already_paired
288168242,3,3,2,FALSE,FALSE,FALSE,2,still_orphaned
288168258,4,3,2,TRUE,FALSE,FALSE,1,other
288168554,3,2,2,FALSE,TRUE,FALSE,1,completed
288168589,5,4,3,FALSE,FALSE,FALSE,2,still_orphaned
288168612,4,3,2,TRUE,FALSE,FALSE,1,other
288168657,5,7,3,FALSE,FALSE,FALSE,5,still_orphaned
288168760,2,1,1,TRUE,TRUE,FALSE,0,already_paired
288168806,2,3,1,TRUE,FALSE,FALSE,2,other
288168838,2,2,1,TRUE,FALSE,FALSE,1,other
288168942,2,1,1,TRUE,TRUE,FALSE,0,already_paired
288168991,6,6,3,TRUE,FALSE,FALSE,3,other
288169179,5,4,3,FALSE,FALSE,FALSE,2,still_orphaned
288169185,2,3,1,TRUE,FALSE,FALSE,2,other
288169234,2,2,1,TRUE,FALSE,FALSE,1,other
288169428,7,7,4,FALSE,FALSE,FALSE,4,still_orphaned
288169765,2,2,1,TRUE,FALSE,FALSE,1,other
288169774,5,5,3,FALSE,FALSE,FALSE,3,still_orphaned
288169907,5,5,3,FALSE,FALSE,FALSE,3,still_orphaned
288169973,4,3,2,TRUE,FALSE,FALSE,1,other
288169998,7,6,4,FALSE,FALSE,FALSE,3,still_orphaned
288170187,4,3,2,TRUE,FALSE,FALSE,1,other
288170403,2,1,1,TRUE,TRUE,FALSE,0,already_paired
288170626,3,3,2,FALSE,FALSE,FALSE,2,still_orphaned
288170725,1,0,1,FALSE,FALSE,TRUE,0,still_orphaned
288170728,5,4,3,FALSE,FALSE,FALSE,2,still_orphaned
288170874,2,2,1,TRUE,FALSE,FALSE,1,other
288171120,1,3,1,FALSE,FALSE,TRUE,3,still_orphaned
288171174,6,4,3,TRUE,FALSE,FALSE,1,other
288171279,2,1,1,TRUE,TRUE,FALSE,0,already_paired
288171310,3,5,2,FALSE,FALSE,FALSE,4,still_orphaned
288171508,5,4,3,FALSE,FALSE,FALSE,2,still_orphaned
288171556,5,4,3,FALSE,FALSE,FALSE,2,still_orphaned
288171592,1,0,1,FALSE,FALSE,TRUE,0,still_orphaned
288172102,3,2,2,FALSE,TRUE,FALSE,1,completed
288172171,2,4,1,TRUE,FALSE,FALSE,3,other
288172227,1,0,1,FALSE,FALSE,TRUE,0,still_orphaned
288172393,3,2,2,FALSE,TRUE,FALSE,1,completed
288172431,2,2,1,TRUE,FALSE,FALSE,1,other
288172598,3,3,2,FALSE,FALSE,FALSE,2,still_orphaned
288172672,3,3,2,FALSE,FALSE,FALSE,2,still_orphaned
288172800,5,7,3,FALSE,FALSE,FALSE,5,still_orphaned
288173109,2,2,1,TRUE,FALSE,FALSE,1,other
288173118,2,2,1,TRUE,FALSE,FALSE,1,other
288173184,3,1,2,FALSE,FALSE,FALSE,0,still_orphaned
288173760,1,2,1,FALSE,FALSE,TRUE,2,still_orphaned
288173811,5,5,3,FALSE,FALSE,FALSE,3,still_orphaned
288173938,2,2,1,TRUE,FALSE,FALSE,1,other
288174072,4,4,2,TRUE,FALSE,FALSE,2,other
288174253,4,3,2,TRUE,FALSE,FALSE,1,other
288174287,5,3,3,FALSE,TRUE,FALSE,1,completed
288174307,5,2,3,FALSE,FALSE,FALSE,0,still_orphaned
288174448,4,5,2,TRUE,FALSE,FALSE,3,other
288174736,4,5,2,TRUE,FALSE,FALSE,3,other
288174785,7,8,4,FALSE,FALSE,FALSE,5,still_orphaned
288174901,2,1,1,TRUE,TRUE,FALSE,0,already_paired
288175984,5,6,3,FALSE,FALSE,FALSE,4,still_orphaned
288176115,1,0,1,FALSE,FALSE,TRUE,0,still_orphaned
288176143,4,5,2,TRUE,FALSE,FALSE,3,other
288176295,3,3,2,FALSE,FALSE,FALSE,2,still_orphaned
288176309,3,2,2,FALSE,TRUE,FALSE,1,completed
288176406,3,6,2,FALSE,FALSE,FALSE,5,still_orphaned
288176499,3,5,2,FALSE,FALSE,FALSE,4,still_orphaned
288176893,2,2,1,TRUE,FALSE,FALSE,1,other
288176899,5,5,3,FALSE,FALSE,FALSE,3,still_orphaned
288177088,2,2,1,TRUE,FALSE,FALSE,1,other
288177129,1,0,1,FALSE,FALSE,TRUE,0,still_orphaned
288177286,1,2,1,FALSE,FALSE,TRUE,2,still_orphaned
288177428,7,7,4,FALSE,FALSE,FALSE,4,still_orphaned
288177852,4,5,2,TRUE,FALSE,FALSE,3,other
288177908,2,2,1,TRUE,FALSE,FALSE,1,other
288178535,3,2,2,FALSE,TRUE,FALSE,1,completed
288178567,3,3,2,FALSE,FALSE,FALSE,2,still_orphaned
288178583,7,4,4,FALSE,TRUE,FALSE,1,completed
288178841,1,0,1,FALSE,FALSE,TRUE,0,still_orphaned
288178883,4,5,2,TRUE,FALSE,FALSE,3,other
288179564,1,0,1,FALSE,FALSE,TRUE,0,still_orphaned
288179588,3,3,2,FALSE,FALSE,FALSE,2,still_orphaned
288179876,1,2,1,FALSE,FALSE,TRUE,2,still_orphaned
288180141,2,3,1,TRUE,FALSE,FALSE,2,other
288180346,4,5,2,TRUE,FALSE,FALSE,3,other
288180379,1,0,1,FALSE,FALSE,TRUE,0,still_orphaned
288180585,3,4,2,FALSE,FALSE,FALSE,3,still_orphaned
288180648,3,4,2,FALSE,FALSE,FALSE,3,still_orphaned
288180707,4,4,2,TRUE,FALSE,FALSE,2,other
288180740,7,8,4,FALSE,FALSE,FALSE,5,still_orphaned
288180833,1,0,1,FALSE,FALSE,TRUE,0,still_orphaned
288181329,3,4,2,FALSE,FALSE,FALSE,3,still_orphaned
288181347,1,2,1,FALSE,FALSE,TRUE,2,still_orphaned
288181383,1,0,1,FALSE,FALSE,TRUE,0,still_orphaned
288181472,1,0,1,FALSE,FALSE,TRUE,0,still_orphaned
288181631,3,5,2,FALSE,FALSE,FALSE,4,still_orphaned
288182000,3,5,2,FALSE,FALSE,FALSE,4,still_orphaned
288182210,3,4,2,FALSE,FALSE,FALSE,3,still_orphaned
288182221,1,1,1,FALSE,TRUE,TRUE,1,completed
288182375,2,3,1,TRUE,FALSE,FALSE,2,other
288182564,4,3,2,TRUE,FALSE,FALSE,1,other
288182644,1,3,1,FALSE,FALSE,TRUE,3,still_orphaned
288182684,3,3,2,FALSE,FALSE,FALSE,2,still_orphaned
288182702,3,3,2,FALSE,FALSE,FALSE,2,still_orphaned
288182991,2,2,1,TRUE,FALSE,FALSE,1,other
288183218,3,2,2,FALSE,TRUE,FALSE,1,completed
288183399,1,1,1,FALSE,TRUE,TRUE,1,completed
288183458,1,2,1,FALSE,FALSE,TRUE,2,still_orphaned
288183656,2,2,1,TRUE,FALSE,FALSE,1,other
288183700,2,2,1,TRUE,FALSE,FALSE,1,other
288183732,2,1,1,TRUE,TRUE,FALSE,0,already_paired
288183753,3,2,2,FALSE,TRUE,FALSE,1,completed
288183914,4,4,2,TRUE,FALSE,FALSE,2,other
288183994,4,2,2,TRUE,TRUE,FALSE,0,already_paired
288184102,6,4,3,TRUE,FALSE,FALSE,1,other
288184269,3,3,2,FALSE,FALSE,FALSE,2,still_orphaned
288184456,1,0,1,FALSE,FALSE,TRUE,0,still_orphaned
288184571,4,3,2,TRUE,FALSE,FALSE,1,other
288184606,1,2,1,FALSE,FALSE,TRUE,2,still_orphaned
288184675,4,3,2,TRUE,FALSE,FALSE,1,other
288184872,2,2,1,TRUE,FALSE,FALSE,1,other
288185132,4,3,2,TRUE,FALSE,FALSE,1,other
288185291,3,2,2,FALSE,TRUE,FALSE,1,completed
288185450,4,5,2,TRUE,FALSE,FALSE,3,other
288185515,5,5,3,FALSE,FALSE,FALSE,3,still_orphaned
288185679,2,2,1,TRUE,FALSE,FALSE,1,other
288185766,3,3,2,FALSE,FALSE,FALSE,2,still_orphaned
288185848,2,2,1,TRUE,FALSE,FALSE,1,other
288186066,3,2,2,FALSE,TRUE,FALSE,1,completed
288186312,1,2,1,FALSE,FALSE,TRUE,2,still_orphaned
288186326,1,3,1,FALSE,FALSE,TRUE,3,still_orphaned
288186407,2,3,1,TRUE,FALSE,FALSE,2,other
288186536,2,1,1,TRUE,TRUE,FALSE,0,already_paired
288186547,1,2,1,FALSE,FALSE,TRUE,2,still_orphaned
288186558,3,5,2,FALSE,FALSE,FALSE,4,still_orphaned
288186673,1,0,1,FALSE,FALSE,TRUE,0,still_orphaned
288186967,7,6,4,FALSE,FALSE,FALSE,3,still_orphaned
288187114,1,2,1,FALSE,FALSE,TRUE,2,still_orphaned
288187241,2,2,1,TRUE,FALSE,FALSE,1,other
288187299,1,2,1,FALSE,FALSE,TRUE,2,still_orphaned
288187387,1,2,1,FALSE,FALSE,TRUE,2,still_orphaned
288187573,1,0,1,FALSE,FALSE,TRUE,0,still_orphaned
288187842,2,2,1,TRUE,FALSE,FALSE,1,other
288188016,3,3,2,FALSE,FALSE,FALSE,2,still_orphaned
288188036,2,2,1,TRUE,FALSE,FALSE,1,other
288188116,2,3,1,TRUE,FALSE,FALSE,2,other
288188246,3,5,2,FALSE,FALSE,FALSE,4,still_orphaned
288188797,1,0,1,FALSE,FALSE,TRUE,0,still_orphaned
288188883,2,1,1,TRUE,TRUE,FALSE,0,already_paired
288189147,3,2,2,FALSE,TRUE,FALSE,1,completed
288189174,1,0,1,FALSE,FALSE,TRUE,0,still_orphaned
288189206,1,3,1,FALSE,FALSE,TRUE,3,still_orphaned
288189261,5,4,3,FALSE,FALSE,FALSE,2,still_orphaned
288189349,3,2,2,FALSE,TRUE,FALSE,1,completed
288189579,4,4,2,TRUE,FALSE,FALSE,2,other
288189755,2,2,1,TRUE,FALSE,FALSE,1,other
288189882,2,4,1,TRUE,FALSE,FALSE,3,other
288190030,3,3,2,FALSE,FALSE,FALSE,2,still_orphaned
288190075,4,3,2,TRUE,FALSE,FALSE,1,other
288190117,1,0,1,FALSE,FALSE,TRUE,0,still_orphaned
288190208,2,2,1,TRUE,FALSE,FALSE,1,other
288190284,2,3,1,TRUE,FALSE,FALSE,2,other
288190420,5,5,3,FALSE,FALSE,FALSE,3,still_orphaned
288190506,7,4,4,FALSE,TRUE,FALSE,1,completed
288190536,1,3,1,FALSE,FALSE,TRUE,3,still_orphaned
288190556,5,3,3,FALSE,TRUE,FALSE,1,completed
288190608,1,2,1,FALSE,FALSE,TRUE,2,still_orphaned
288190644,2,2,1,TRUE,FALSE,FALSE,1,other
288190992,5,6,3,FALSE,FALSE,FALSE,4,still_orphaned
288191581,3,2,2,FALSE,TRUE,FALSE,1,completed
288191582,2,2,1,TRUE,FALSE,FALSE,1,other
288191644,5,5,3,FALSE,FALSE,FALSE,3,still_orphaned
288191673,2,2,1,TRUE,FALSE,FALSE,1,other
288191707,2,3,1,TRUE,FALSE,FALSE,2,other
288191757,2,4,1,TRUE,FALSE,FALSE,3,other
288191774,2,3,1,TRUE,FALSE,FALSE,2,other
288192018,3,4,2,FALSE,FALSE,FALSE,3,still_orphaned
288192145,4,4,2,TRUE,FALSE,FALSE,2,other
288192264,1,0,1,FALSE,FALSE,TRUE,0,still_orphaned
288192273,3,4,2,FALSE,FALSE,FALSE,3,still_orphaned
288192592,4,4,2,TRUE,FALSE,FALSE,2,other
288192749,4,3,2,TRUE,FALSE,FALSE,1,other
288192890,2,2,1,TRUE,FALSE,FALSE,1,other
288192972,1,2,1,FALSE,FALSE,TRUE,2,still_orphaned
288193131,1,2,1,FALSE,FALSE,TRUE,2,still_orphaned
288193333,2,3,1,TRUE,FALSE,FALSE,2,other
288193665,1,2,1,FALSE,FALSE,TRUE,2,still_orphaned
288193804,4,4,2,TRUE,FALSE,FALSE,2,other
288194302,5,3,3,FALSE,TRUE,FALSE,1,completed
288194430,5,7,3,FALSE,FALSE,FALSE,5,still_orphaned
288194535,3,2,2,FALSE,TRUE,FALSE,1,completed
288194791,4,4,2,TRUE,FALSE,FALSE,2,other
288194794,5,4,3,FALSE,FALSE,FALSE,2,still_orphaned
288194884,1,2,1,FALSE,FALSE,TRUE,2,still_orphaned
288194918,4,5,2,TRUE,FALSE,FALSE,3,other
288194945,3,1,2,FALSE,FALSE,FALSE,0,still_orphaned
288194990,2,2,1,TRUE,FALSE,FALSE,1,other
288194997,4,5,2,TRUE,FALSE,FALSE,3,other
288195513,2,1,1,TRUE,TRUE,FALSE,0,already_paired
288195545,3,1,2,FALSE,FALSE,FALSE,0,still_orphaned
288201052,2,2,1,TRUE,FALSE,FALSE,1,other
288201470,4,5,2,TRUE,FALSE,FALSE,3,other
288201676,3,2,2,FALSE,TRUE,FALSE,1,completed
288201740,2,4,1,TRUE,FALSE,FALSE,3,other
288202041,2,2,1,TRUE,FALSE,FALSE,1,other
288202179,4,4,2,TRUE,FALSE,FALSE,2,other
288202232,2,2,1,TRUE,FALSE,FALSE,1,other
288202411,1,0,1,FALSE,FALSE,TRUE,0,still_orphaned
288202469,3,3,2,FALSE,FALSE,FALSE,2,still_orphaned
288202609,2,1,1,TRUE,TRUE,FALSE,0,already_paired
288202823,3,2,2,FALSE,TRUE,FALSE,1,completed
288202833,5,4,3,FALSE,FALSE,FALSE,2,still_orphaned
288202901,2,4,1,TRUE,FALSE,FALSE,3,other
288203132,5,5,3,FALSE,FALSE,FALSE,3,still_orphaned
288203165,1,2,1,FALSE,FALSE,TRUE,2,still_orphaned
288203186,7,8,4,FALSE,FALSE,FALSE,5,still_orphaned
288203339,4,3,2,TRUE,FALSE,FALSE,1,other
288203474,5,5,3,FALSE,FALSE,FALSE,3,still_orphaned
288203493,5,6,3,FALSE,FALSE,FALSE,4,still_orphaned
288203707,1,0,1,FALSE,FALSE,TRUE,0,still_orphaned
288203729,7,7,4,FALSE,FALSE,FALSE,4,still_orphaned
288203770,2,2,1,TRUE,FALSE,FALSE,1,other
288203876,2,1,1,TRUE,TRUE,FALSE,0,already_paired
288204264,3,3,2,FALSE,FALSE,FALSE,2,still_orphaned
288204411,3,2,2,FALSE,TRUE,FALSE,1,completed
288204522,7,8,4,FALSE,FALSE,FALSE,5,still_orphaned
288204635,4,3,2,TRUE,FALSE,FALSE,1,other
288204812,5,4,3,FALSE,FALSE,FALSE,2,still_orphaned
288205114,2,1,1,TRUE,TRUE,FALSE,0,already_paired
288205189,3,3,2,FALSE,FALSE,FALSE,2,still_orphaned
288205350,4,3,2,TRUE,FALSE,FALSE,1,other
288205400,3,4,2,FALSE,FALSE,FALSE,3,still_orphaned
288205403,4,3,2,TRUE,FALSE,FALSE,1,other
288205513,3,1,2,FALSE,FALSE,FALSE,0,still_orphaned
288205670,5,4,3,FALSE,FALSE,FALSE,2,still_orphaned
288205754,4,3,2,TRUE,FALSE,FALSE,1,other
288205836,2,1,1,TRUE,TRUE,FALSE,0,already_paired
288205841,8,6,4,TRUE,FALSE,FALSE,2,other
288205896,3,4,2,FALSE,FALSE,FALSE,3,still_orphaned
288206081,2,2,1,TRUE,FALSE,FALSE,1,other
288206097,2,3,1,TRUE,FALSE,FALSE,2,other
288206127,1,0,1,FALSE,FALSE,TRUE,0,still_orphaned
288206282,3,2,2,FALSE,TRUE,FALSE,1,completed
288206306,2,2,1,TRUE,FALSE,FALSE,1,other
288206707,2,2,1,TRUE,FALSE,FALSE,1,other
288206722,5,5,3,FALSE,FALSE,FALSE,3,still_orphaned
288206747,2,2,1,TRUE,FALSE,FALSE,1,other
288207128,3,2,2,FALSE,TRUE,FALSE,1,completed
288207712,2,1,1,TRUE,TRUE,FALSE,0,already_paired
288207810,1,0,1,FALSE,FALSE,TRUE,0,still_orphaned
288207878,3,5,2,FALSE,FALSE,FALSE,4,still_orphaned
288207938,1,0,1,FALSE,FALSE,TRUE,0,still_orphaned
288208258,5,4,3,FALSE,FALSE,FALSE,2,still_orphaned
288208285,3,1,2,FALSE,FALSE,FALSE,0,still_orphaned
288208377,2,3,1,TRUE,FALSE,FALSE,2,other
288208657,4,6,2,TRUE,FALSE,FALSE,4,other
288208667,5,5,3,FALSE,FALSE,FALSE,3,still_orphaned
288208702,3,2,2,FALSE,TRUE,FALSE,1,completed
288208836,1,3,1,FALSE,FALSE,TRUE,3,still_orphaned
288208994,2,1,1,TRUE,TRUE,FALSE,0,already_paired
288209261,1,1,1,FALSE,TRUE,TRUE,1,completed
288209277,1,0,1,FALSE,FALSE,TRUE,0,still_orphaned
288209398,4,5,2,TRUE,FALSE,FALSE,3,other
288209462,3,2,2,FALSE,TRUE,FALSE,1,completed
288209748,4,3,2,TRUE,FALSE,FALSE,1,other
288210202,3,1,2,FALSE,FALSE,FALSE,0,still_orphaned
288210349,1,2,1,FALSE,FALSE,TRUE,2,still_orphaned
288210463,1,2,1,FALSE,FALSE,TRUE,2,still_orphaned
288210751,5,4,3,FALSE,FALSE,FALSE,2,still_orphaned
288211021,1,3,1,FALSE,FALSE,TRUE,3,still_orphaned
288211190,3,2,2,FALSE,TRUE,FALSE,1,completed
288211349,4,5,2,TRUE,FALSE,FALSE,3,other
288211502,3,5,2,FALSE,FALSE,FALSE,4,still_orphaned
288211637,1,2,1,FALSE,FALSE,TRUE,2,still_orphaned
288211704,1,2,1,FALSE,FALSE,TRUE,2,still_orphaned
288211863,4,4,2,TRUE,FALSE,FALSE,2,other
288212324,1,4,1,FALSE,FALSE,TRUE,4,still_orphaned
288212370,3,3,2,FALSE,FALSE,FALSE,2,still_orphaned
288212520,3,1,2,FALSE,FALSE,FALSE,0,still_orphaned
288212758,2,2,1,TRUE,FALSE,FALSE,1,other
288212780,4,4,2,TRUE,FALSE,FALSE,2,other
288212905,3,2,2,FALSE,TRUE,FALSE,1,completed
288213454,5,3,3,FALSE,TRUE,FALSE,1,completed
288213544,3,2,2,FALSE,TRUE,FALSE,1,completed
288213915,3,2,2,FALSE,TRUE,FALSE,1,completed
288213972,2,2,1,TRUE,FALSE,FALSE,1,other
288214436,7,5,4,FALSE,FALSE,FALSE,2,still_orphaned
288214546,2,1,1,TRUE,TRUE,FALSE,0,already_paired
288214576,5,4,3,FALSE,FALSE,FALSE,2,still_orphaned
288214641,1,0,1,FALSE,FALSE,TRUE,0,still_orphaned
288215274,2,3,1,TRUE,FALSE,FALSE,2,other
288215624,3,1,2,FALSE,FALSE,FALSE,0,still_orphaned
288216036,2,1,1,TRUE,TRUE,FALSE,0,already_paired
288216170,5,5,3,FALSE,FALSE,FALSE,3,still_orphaned
288216549,3,2,2,FALSE,TRUE,FALSE,1,completed
288216644,5,4,3,FALSE,FALSE,FALSE,2,still_orphaned
288216757,2,2,1,TRUE,FALSE,FALSE,1,other
288216996,4,4,2,TRUE,FALSE,FALSE,2,other
288217084,1,2,1,FALSE,FALSE,TRUE,2,still_orphaned
288217095,2,1,1,TRUE,TRUE,FALSE,0,already_paired
288217162,7,5,4,FALSE,FALSE,FALSE,2,still_orphaned
288217206,3,5,2,FALSE,FALSE,FALSE,4,still_orphaned
288217623,5,6,3,FALSE,FALSE,FALSE,4,still_orphaned
288217753,1,2,1,FALSE,FALSE,TRUE,2,still_orphaned
288217837,2,3,1,TRUE,FALSE,FALSE,2,other
288217881,2,1,1,TRUE,TRUE,FALSE,0,already_paired
288217895,2,3,1,TRUE,FALSE,FALSE,2,other
288218156,3,4,2,FALSE,FALSE,FALSE,3,still_orphaned
288218390,8,6,4,TRUE,FALSE,FALSE,2,other
288218393,3,2,2,FALSE,TRUE,FALSE,1,completed
288218871,2,2,1,TRUE,FALSE,FALSE,1,other
288219082,7,5,4,FALSE,FALSE,FALSE,2,still_orphaned
288219540,7,7,4,FALSE,FALSE,FALSE,4,still_orphaned
288219596,3,1,2,FALSE,FALSE,FALSE,0,still_orphaned
288219798,2,2,1,TRUE,FALSE,FALSE,1,other
288220151,2,1,1,TRUE,TRUE,FALSE,0,already_paired
288220670,6,7,3,TRUE,FALSE,FALSE,4,other
288220782,5,6,3,FALSE,FALSE,FALSE,4,still_orphaned
288220810,2,2,1,TRUE,FALSE,FALSE,1,other
288220833,6,5,3,TRUE,FALSE,FALSE,2,other
288220923,2,2,1,TRUE,FALSE,FALSE,1,other
288220937,1,2,1,FALSE,FALSE,TRUE,2,still_orphaned
288221246,2,3,1,TRUE,FALSE,FALSE,2,other
288221421,5,5,3,FALSE,FALSE,FALSE,3,still_orphaned
288221498,2,2,1,TRUE,FALSE,FALSE,1,other
288221522,3,4,2,FALSE,FALSE,FALSE,3,still_orphaned
288221871,3,5,2,FALSE,FALSE,FALSE,4,still_orphaned
288222273,1,3,1,FALSE,FALSE,TRUE,3,still_orphaned
288222298,4,3,2,TRUE,FALSE,FALSE,1,other
288222336,4,4,2,TRUE,FALSE,FALSE,2,other
288222729,1,3,1,FALSE,FALSE,TRUE,3,still_orphaned
288222779,4,5,2,TRUE,FALSE,FALSE,3,other
288222915,3,1,2,FALSE,FALSE,FALSE,0,still_orphaned
288223177,2,4,1,TRUE,FALSE,FALSE,3,other
288223326,2,2,1,TRUE,FALSE,FALSE,1,other
288223362,4,4,2,TRUE,FALSE,FALSE,2,other
288223374,1,2,1,FALSE,FALSE,TRUE,2,still_orphaned
288223390,3,3,2,FALSE,FALSE,FALSE,2,still_orphaned
288223674,5,3,3,FALSE,TRUE,FALSE,1,completed
288223717,2,2,1,TRUE,FALSE,FALSE,1,other
288223723,1,2,1,FALSE,FALSE,TRUE,2,still_orphaned
288224119,3,2,2,FALSE,TRUE,FALSE,1,completed
288224330,3,2,2,FALSE,TRUE,FALSE,1,completed
288224366,3,7,2,FALSE,FALSE,FALSE,6,still_orphaned
288224513,1,2,1,FALSE,FALSE,TRUE,2,still_orphaned
288224525,2,2,1,TRUE,FALSE,FALSE,1,other
288224833,1,3,1,FALSE,FALSE,TRUE,3,still_orphaned
288224879,2,2,1,TRUE,FALSE,FALSE,1,other
288224907,5,3,3,FALSE,TRUE,FALSE,1,completed
288224986,3,5,2,FALSE,FALSE,FALSE,4,still_orphaned
288225086,6,5,3,TRUE,FALSE,FALSE,2,other
288225126,3,4,2,FALSE,FALSE,FALSE,3,still_orphaned
288225201,3,1,2,FALSE,FALSE,FALSE,0,still_orphaned
288225315,3,6,2,FALSE,FALSE,FALSE,5,still_orphaned
288225768,1,3,1,FALSE,FALSE,TRUE,3,still_orphaned
288225844,4,3,2,TRUE,FALSE,FALSE,1,other
288225881,3,1,2,FALSE,FALSE,FALSE,0,still_orphaned
288226059,2,2,1,TRUE,FALSE,FALSE,1,other
288226168,5,5,3,FALSE,FALSE,FALSE,3,still_orphaned
288226388,1,0,1,FALSE,FALSE,TRUE,0,still_orphaned
288226415,1,2,1,FALSE,FALSE,TRUE,2,still_orphaned
288226834,4,3,2,TRUE,FALSE,FALSE,1,other
288227085,2,3,1,TRUE,FALSE,FALSE,2,other
288227260,2,2,1,TRUE,FALSE,FALSE,1,other
288227274,1,1,1,FALSE,TRUE,TRUE,1,completed
288227668,3,3,2,FALSE,FALSE,FALSE,2,still_orphaned
288227772,2,3,1,TRUE,FALSE,FALSE,2,other
288227816,5,5,3,FALSE,FALSE,FALSE,3,still_orphaned
288227937,2,2,1,TRUE,FALSE,FALSE,1,other
288227985,1,2,1,FALSE,FALSE,TRUE,2,still_orphaned
288228191,2,3,1,TRUE,FALSE,FALSE,2,other
288228232,7,7,4,FALSE,FALSE,FALSE,4,still_orphaned
288228510,6,4,3,TRUE,FALSE,FALSE,1,other
288228609,2,2,1,TRUE,FALSE,FALSE,1,other
288228675,1,3,1,FALSE,FALSE,TRUE,3,still_orphaned
288228754,2,1,1,TRUE,TRUE,FALSE,0,already_paired
288228839,1,2,1,FALSE,FALSE,TRUE,2,still_orphaned
288228928,3,4,2,FALSE,FALSE,FALSE,3,still_orphaned
288229008,2,3,1,TRUE,FALSE,FALSE,2,other
288229175,3,3,2,FALSE,FALSE,FALSE,2,still_orphaned
288229673,3,2,2,FALSE,TRUE,FALSE,1,completed
288229675,3,3,2,FALSE,FALSE,FALSE,2,still_orphaned
288229799,4,5,2,TRUE,FALSE,FALSE,3,other
288229849,2,3,1,TRUE,FALSE,FALSE,2,other
288230218,2,2,1,TRUE,FALSE,FALSE,1,other
288230284,4,4,2,TRUE,FALSE,FALSE,2,other
288230421,3,4,2,FALSE,FALSE,FALSE,3,still_orphaned
288230455,1,3,1,FALSE,FALSE,TRUE,3,still_orphaned
288230789,1,2,1,FALSE,FALSE,TRUE,2,still_orphaned
288230846,1,2,1,FALSE,FALSE,TRUE,2,still_orphaned
288231137,1,2,1,FALSE,FALSE,TRUE,2,still_orphaned
288231394,2,2,1,TRUE,FALSE,FALSE,1,other
288231644,2,3,1,TRUE,FALSE,FALSE,2,other
288231995,1,0,1,FALSE,FALSE,TRUE,0,still_orphaned
288232032,1,3,1,FALSE,FALSE,TRUE,3,still_orphaned
288232178,1,2,1,FALSE,FALSE,TRUE,2,still_orphaned
288232386,1,2,1,FALSE,FALSE,TRUE,2,still_orphaned
288257352,4,2,2,TRUE,TRUE,FALSE,0,already_paired
288257762,6,8,3,TRUE,FALSE,FALSE,5,other
288258064,1,2,1,FALSE,FALSE,TRUE,2,still_orphaned
288258631,6,5,3,TRUE,FALSE,FALSE,2,other
288258697,4,5,2,TRUE,FALSE,FALSE,3,other
288259029,1,0,1,FALSE,FALSE,TRUE,0,still_orphaned
288259069,1,0,1,FALSE,FALSE,TRUE,0,still_orphaned
288259181,3,1,2,FALSE,FALSE,FALSE,0,still_orphaned
288259331,1,0,1,FALSE,FALSE,TRUE,0,still_orphaned
288259407,1,2,1,FALSE,FALSE,TRUE,2,still_orphaned
288259543,2,2,1,TRUE,FALSE,FALSE,1,other
288259573,4,3,2,TRUE,FALSE,FALSE,1,other
288259844,4,3,2,TRUE,FALSE,FALSE,1,other
288259870,3,2,2,FALSE,TRUE,FALSE,1,completed
288259976,1,2,1,FALSE,FALSE,TRUE,2,still_orphaned
288260030,5,4,3,FALSE,FALSE,FALSE,2,still_orphaned
288260093,1,0,1,FALSE,FALSE,TRUE,0,still_orphaned
288260171,1,3,1,FALSE,FALSE,TRUE,3,still_orphaned
288260334,2,1,1,TRUE,TRUE,FALSE,0,already_paired
288260458,4,4,2,TRUE,FALSE,FALSE,2,other
288260532,9,5,5,FALSE,TRUE,FALSE,1,completed
288260673,3,4,2,FALSE,FALSE,FALSE,3,still_orphaned
288260745,5,3,3,FALSE,TRUE,FALSE,1,completed
288260942,2,2,1,TRUE,FALSE,FALSE,1,other
288260957,5,5,3,FALSE,FALSE,FALSE,3,still_orphaned
288261204,6,7,3,TRUE,FALSE,FALSE,4,other
288261376,4,4,2,TRUE,FALSE,FALSE,2,other
288261665,7,5,4,FALSE,FALSE,FALSE,2,still_orphaned
288261700,1,0,1,FALSE,FALSE,TRUE,0,still_orphaned
288261833,1,2,1,FALSE,FALSE,TRUE,2,still_orphaned
288261911,1,0,1,FALSE,FALSE,TRUE,0,still_orphaned
288261969,3,2,2,FALSE,TRUE,FALSE,1,completed
288261995,1,0,1,FALSE,FALSE,TRUE,0,still_orphaned
288262183,2,1,1,TRUE,TRUE,FALSE,0,already_paired
288262288,1,0,1,FALSE,FALSE,TRUE,0,still_orphaned
288262323,1,2,1,FALSE,FALSE,TRUE,2,still_orphaned
288262337,7,6,4,FALSE,FALSE,FALSE,3,still_orphaned
288262494,3,2,2,FALSE,TRUE,FALSE,1,completed
288262703,3,3,2,FALSE,FALSE,FALSE,2,still_orphaned
288262805,1,0,1,FALSE,FALSE,TRUE,0,still_orphaned
288262878,6,6,3,TRUE,FALSE,FALSE,3,other
288262987,5,7,3,FALSE,FALSE,FALSE,5,still_orphaned
288263128,2,2,1,TRUE,FALSE,FALSE,1,other
288263184,3,2,2,FALSE,TRUE,FALSE,1,completed
288263278,1,2,1,FALSE,FALSE,TRUE,2,still_orphaned
288263367,3,3,2,FALSE,FALSE,FALSE,2,still_orphaned
288264046,3,4,2,FALSE,FALSE,FALSE,3,still_orphaned
288264302,1,3,1,FALSE,FALSE,TRUE,3,still_orphaned
288264325,4,4,2,TRUE,FALSE,FALSE,2,other
288264447,2,2,1,TRUE,FALSE,FALSE,1,other
288264787,1,2,1,FALSE,FALSE,TRUE,2,still_orphaned
288264888,4,4,2,TRUE,FALSE,FALSE,2,other
288264906,4,3,2,TRUE,FALSE,FALSE,1,other
288265046,2,1,1,TRUE,TRUE,FALSE,0,already_paired
288265365,3,3,2,FALSE,FALSE,FALSE,2,still_orphaned
288265493,2,2,1,TRUE,FALSE,FALSE,1,other
288265533,7,5,4,FALSE,FALSE,FALSE,2,still_orphaned
288265613,3,5,2,FALSE,FALSE,FALSE,4,still_orphaned
288265619,3,5,2,FALSE,FALSE,FALSE,4,still_orphaned
288265971,2,2,1,TRUE,FALSE,FALSE,1,other
288266103,2,2,1,TRUE,FALSE,FALSE,1,other
288266364,1,2,1,FALSE,FALSE,TRUE,2,still_orphaned
288266540,3,3,2,FALSE,FALSE,FALSE,2,still_orphaned
288266550,3,5,2,FALSE,FALSE,FALSE,4,still_orphaned
288266650,4,2,2,TRUE,TRUE,FALSE,0,already_paired
288266667,2,2,1,TRUE,FALSE,FALSE,1,other
288267151,6,6,3,TRUE,FALSE,FALSE,3,other
288267245,2,1,1,TRUE,TRUE,FALSE,0,already_paired
288267340,5,5,3,FALSE,FALSE,FALSE,3,still_orphaned
288267462,8,8,4,TRUE,FALSE,FALSE,4,other
288267813,3,2,2,FALSE,TRUE,FALSE,1,completed
288267912,1,2,1,FALSE,FALSE,TRUE,2,still_orphaned
288268190,2,2,1,TRUE,FALSE,FALSE,1,other
288268215,1,0,1,FALSE,FALSE,TRUE,0,still_orphaned
288268247,2,3,1,TRUE,FALSE,FALSE,2,other
288268643,1,2,1,FALSE,FALSE,TRUE,2,still_orphaned
288268676,2,2,1,TRUE,FALSE,FALSE,1,other
288268697,2,3,1,TRUE,FALSE,FALSE,2,other
288268963,3,2,2,FALSE,TRUE,FALSE,1,completed
288269019,3,4,2,FALSE,FALSE,FALSE,3,still_orphaned
288269102,1,0,1,FALSE,FALSE,TRUE,0,still_orphaned
288269614,2,2,1,TRUE,FALSE,FALSE,1,other
288269753,1,5,1,FALSE,FALSE,TRUE,5,still_orphaned
288269771,1,0,1,FALSE,FALSE,TRUE,0,still_orphaned
288269907,4,2,2,TRUE,TRUE,FALSE,0,already_paired
288270112,3,3,2,FALSE,FALSE,FALSE,2,still_orphaned
288270204,7,7,4,FALSE,FALSE,FALSE,4,still_orphaned
288270336,5,4,3,FALSE,FALSE,FALSE,2,still_orphaned
288270399,5,4,3,FALSE,FALSE,FALSE,2,still_orphaned
288270452,3,2,2,FALSE,TRUE,FALSE,1,completed
288270592,3,5,2,FALSE,FALSE,FALSE,4,still_orphaned
288270730,1,0,1,FALSE,FALSE,TRUE,0,still_orphaned
288271003,2,3,1,TRUE,FALSE,FALSE,2,other
288271098,3,2,2,FALSE,TRUE,FALSE,1,completed
288271350,1,0,1,FALSE,FALSE,TRUE,0,still_orphaned
288271383,1,2,1,FALSE,FALSE,TRUE,2,still_orphaned
288271909,5,3,3,FALSE,TRUE,FALSE,1,completed
288272255,3,3,2,FALSE,FALSE,FALSE,2,still_orphaned
288272294,1,0,1,FALSE,FALSE,TRUE,0,still_orphaned
288272303,3,2,2,FALSE,TRUE,FALSE,1,completed
288272429,2,1,1,TRUE,TRUE,FALSE,0,already_paired
288272861,4,4,2,TRUE,FALSE,FALSE,2,other
288273046,2,2,1,TRUE,FALSE,FALSE,1,other
288273138,3,2,2,FALSE,TRUE,FALSE,1,completed
288273176,4,2,2,TRUE,TRUE,FALSE,0,already_paired
288273420,5,4,3,FALSE,FALSE,FALSE,2,still_orphaned
288273464,5,5,3,FALSE,FALSE,FALSE,3,still_orphaned
288273565,1,2,1,FALSE,FALSE,TRUE,2,still_orphaned
288273765,2,2,1,TRUE,FALSE,FALSE,1,other
288273824,2,2,1,TRUE,FALSE,FALSE,1,other
288274028,2,3,1,TRUE,FALSE,FALSE,2,other
288274344,3,2,2,FALSE,TRUE,FALSE,1,completed
288274656,3,2,2,FALSE,TRUE,FALSE,1,completed
288274825,2,1,1,TRUE,TRUE,FALSE,0,already_paired
288274829,4,5,2,TRUE,FALSE,FALSE,3,other
288274944,2,3,1,TRUE,FALSE,FALSE,2,other
288275250,1,0,1,FALSE,FALSE,TRUE,0,still_orphaned
288275573,1,0,1,FALSE,FALSE,TRUE,0,still_orphaned
288275914,2,4,1,TRUE,FALSE,FALSE,3,other
288275919,7,5,4,FALSE,FALSE,FALSE,2,still_orphaned
288275921,4,5,2,TRUE,FALSE,FALSE,3,other
288275952,4,3,2,TRUE,FALSE,FALSE,1,other
288276022,2,2,1,TRUE,FALSE,FALSE,1,other
288276217,2,2,1,TRUE,FALSE,FALSE,1,other
288276237,1,2,1,FALSE,FALSE,TRUE,2,still_orphaned
288276339,2,2,1,TRUE,FALSE,FALSE,1,other
288276430,2,2,1,TRUE,FALSE,FALSE,1,other
288276472,3,3,2,FALSE,FALSE,FALSE,2,still_orphaned
288276634,1,2,1,FALSE,FALSE,TRUE,2,still_orphaned
288277270,3,2,2,FALSE,TRUE,FALSE,1,completed
288277290,2,2,1,TRUE,FALSE,FALSE,1,other
288277439,2,2,1,TRUE,FALSE,FALSE,1,other
288277753,5,3,3,FALSE,TRUE,FALSE,1,completed
288277866,3,5,2,FALSE,FALSE,FALSE,4,still_orphaned
288277871,2,2,1,TRUE,FALSE,FALSE,1,other
288278173,3,5,2,FALSE,FALSE,FALSE,4,still_orphaned
288278226,4,6,2,TRUE,FALSE,FALSE,4,other
288278386,2,4,1,TRUE,FALSE,FALSE,3,other
288278543,2,2,1,TRUE,FALSE,FALSE,1,other
288278618,1,2,1,FALSE,FALSE,TRUE,2,still_orphaned
288278748,2,3,1,TRUE,FALSE,FALSE,2,other
288278867,3,3,2,FALSE,FALSE,FALSE,2,still_orphaned
288279039,3,2,2,FALSE,TRUE,FALSE,1,completed
288279234,1,2,1,FALSE,FALSE,TRUE,2,still_orphaned
288279543,1,2,1,FALSE,FALSE,TRUE,2,still_orphaned
288279580,2,1,1,TRUE,TRUE,FALSE,0,already_paired
288279681,1,3,1,FALSE,FALSE,TRUE,3,still_orphaned
288279840,2,2,1,TRUE,FALSE,FALSE,1,other
288279874,2,2,1,TRUE,FALSE,FALSE,1,other
288280028,1,2,1,FALSE,FALSE,TRUE,2,still_orphaned
288280102,4,4,2,TRUE,FALSE,FALSE,2,other
288280103,2,3,1,TRUE,FALSE,FALSE,2,other
288280162,4,4,2,TRUE,FALSE,FALSE,2,other
288280333,1,2,1,FALSE,FALSE,TRUE,2,still_orphaned
288280423,3,4,2,FALSE,FALSE,FALSE,3,still_orphaned
288280904,3,3,2,FALSE,FALSE,FALSE,2,still_orphaned
288280923,1,2,1,FALSE,FALSE,TRUE,2,still_orphaned
288281112,4,3,2,TRUE,FALSE,FALSE,1,other
288281116,3,2,2,FALSE,TRUE,FALSE,1,completed
288281331,1,2,1,FALSE,FALSE,TRUE,2,still_orphaned
288281753,2,4,1,TRUE,FALSE,FALSE,3,other
288281820,2,1,1,TRUE,TRUE,FALSE,0,already_paired
288281870,2,1,1,TRUE,TRUE,FALSE,0,already_paired
288281916,1,0,1,FALSE,FALSE,TRUE,0,still_orphaned
288281957,3,6,2,FALSE,FALSE,FALSE,5,still_orphaned
288281975,4,2,2,TRUE,TRUE,FALSE,0,already_paired
288282108,6,7,3,TRUE,FALSE,FALSE,4,other
288282190,2,3,1,TRUE,FALSE,FALSE,2,other
288282228,1,1,1,FALSE,TRUE,TRUE,1,completed
288282285,1,0,1,FALSE,FALSE,TRUE,0,still_orphaned
288282311,6,5,3,TRUE,FALSE,FALSE,2,other
288282331,1,0,1,FALSE,FALSE,TRUE,0,still_orphaned
288282419,2,3,1,TRUE,FALSE,FALSE,2,other
288282612,3,4,2,FALSE,FALSE,FALSE,3,still_orphaned
288282706,1,0,1,FALSE,FALSE,TRUE,0,still_orphaned
288282810,4,4,2,TRUE,FALSE,FALSE,2,other
288283009,5,5,3,FALSE,FALSE,FALSE,3,still_orphaned
288283035,5,5,3,FALSE,FALSE,FALSE,3,still_orphaned
288283132,2,3,1,TRUE,FALSE,FALSE,2,other
288283198,5,6,3,FALSE,FALSE,FALSE,4,still_orphaned
288283206,4,5,2,TRUE,FALSE,FALSE,3,other
288283464,4,3,2,TRUE,FALSE,FALSE,1,other
288283465,2,1,1,TRUE,TRUE,FALSE,0,already_paired
288283680,5,2,3,FALSE,FALSE,FALSE,0,still_orphaned
288283689,2,2,1,TRUE,FALSE,FALSE,1,other
288283737,1,1,1,FALSE,TRUE,TRUE,1,completed
288283805,3,4,2,FALSE,FALSE,FALSE,3,still_orphaned
288283853,3,2,2,FALSE,TRUE,FALSE,1,completed
288284290,1,2,1,FALSE,FALSE,TRUE,2,still_orphaned
288284398,2,3,1,TRUE,FALSE,FALSE,2,other
288284640,3,3,2,FALSE,FALSE,FALSE,2,still_orphaned
288284820,1,0,1,FALSE,FALSE,TRUE,0,still_orphaned
288285027,1,0,1,FALSE,FALSE,TRUE,0,still_orphaned
288285042,1,2,1,FALSE,FALSE,TRUE,2,still_orphaned
288285301,3,1,2,FALSE,FALSE,FALSE,0,still_orphaned
288285333,5,3,3,FALSE,TRUE,FALSE,1,completed
288285386,1,5,1,FALSE,FALSE,TRUE,5,still_orphaned
288285545,1,2,1,FALSE,FALSE,TRUE,2,still_orphaned
288285564,3,5,2,FALSE,FALSE,FALSE,4,still_orphaned
288285767,3,3,2,FALSE,FALSE,FALSE,2,still_orphaned
288286314,1,2,1,FALSE,FALSE,TRUE,2,still_orphaned
288286339,3,3,2,FALSE,FALSE,FALSE,2,still_orphaned
288286615,2,3,1,TRUE,FALSE,FALSE,2,other
288286647,3,4,2,FALSE,FALSE,FALSE,3,still_orphaned
288286874,3,5,2,FALSE,FALSE,FALSE,4,still_orphaned
288286977,3,4,2,FALSE,FALSE,FALSE,3,still_orphaned
288287298,2,3,1,TRUE,FALSE,FALSE,2,other
288287319,4,3,2,TRUE,FALSE,FALSE,1,other
288287351,1,2,1,FALSE,FALSE,TRUE,2,still_orphaned
288287360,1,2,1,FALSE,FALSE,TRUE,2,still_orphaned
288287430,3,5,2,FALSE,FALSE,FALSE,4,still_orphaned
288287489,1,2,1,FALSE,FALSE,TRUE,2,still_orphaned
288287526,4,5,2,TRUE,FALSE,FALSE,3,other
288287598,4,3,2,TRUE,FALSE,FALSE,1,other
288287843,2,2,1,TRUE,FALSE,FALSE,1,other
288287897,3,3,2,FALSE,FALSE,FALSE,2,still_orphaned
288287968,2,1,1,TRUE,TRUE,FALSE,0,already_paired
288288089,1,3,1,FALSE,FALSE,TRUE,3,still_orphaned
288288593,1,0,1,FALSE,FALSE,TRUE,0,still_orphaned
288288917,1,1,1,FALSE,TRUE,TRUE,1,completed
288288967,1,0,1,FALSE,FALSE,TRUE,0,still_orphaned
288289184,4,4,2,TRUE,FALSE,FALSE,2,other
288313089,3,1,2,FALSE,FALSE,FALSE,0,still_orphaned
288313242,1,2,1,FALSE,FALSE,TRUE,2,still_orphaned
288313478,3,2,2,FALSE,TRUE,FALSE,1,completed
288313558,3,2,2,FALSE,TRUE,FALSE,1,completed
288313802,1,0,1,FALSE,FALSE,TRUE,0,still_orphaned
288313979,2,2,1,TRUE,FALSE,FALSE,1,other
288314086,1,1,1,FALSE,TRUE,TRUE,1,completed
288314487,1,2,1,FALSE,FALSE,TRUE,2,still_orphaned
288314586,2,2,1,TRUE,FALSE,FALSE,1,other
288314596,2,3,1,TRUE,FALSE,FALSE,2,other
288314867,2,2,1,TRUE,FALSE,FALSE,1,other
288314914,3,1,2,FALSE,FALSE,FALSE,0,still_orphaned
288315099,2,1,1,TRUE,TRUE,FALSE,0,already_paired
288315165,3,6,2,FALSE,FALSE,FALSE,5,still_orphaned
288315297,2,4,1,TRUE,FALSE,FALSE,3,other
288315318,2,1,1,TRUE,TRUE,FALSE,0,already_paired
288315685,3,2,2,FALSE,TRUE,FALSE,1,completed
288315695,3,2,2,FALSE,TRUE,FALSE,1,completed
288315705,6,4,3,TRUE,FALSE,FALSE,1,other
288315805,2,3,1,TRUE,FALSE,FALSE,2,other
288315822,2,2,1,TRUE,FALSE,FALSE,1,other
288315886,3,5,2,FALSE,FALSE,FALSE,4,still_orphaned
288315933,3,3,2,FALSE,FALSE,FALSE,2,still_orphaned
288316009,4,4,2,TRUE,FALSE,FALSE,2,other
288316227,2,1,1,TRUE,TRUE,FALSE,0,already_paired
288316310,6,6,3,TRUE,FALSE,FALSE,3,other
288316697,3,4,2,FALSE,FALSE,FALSE,3,still_orphaned
288316957,5,5,3,FALSE,FALSE,FALSE,3,still_orphaned
288316986,6,5,3,TRUE,FALSE,FALSE,2,other
288317005,2,3,1,TRUE,FALSE,FALSE,2,other
288317081,1,0,1,FALSE,FALSE,TRUE,0,still_orphaned
288317203,3,2,2,FALSE,TRUE,FALSE,1,completed
288317270,10,8,5,TRUE,FALSE,FALSE,3,other
288317538,6,5,3,TRUE,FALSE,FALSE,2,other
288317692,1,0,1,FALSE,FALSE,TRUE,0,still_orphaned
288317788,2,2,1,TRUE,FALSE,FALSE,1,other
288317909,5,4,3,FALSE,FALSE,FALSE,2,still_orphaned
288317989,2,1,1,TRUE,TRUE,FALSE,0,already_paired
288317990,2,1,1,TRUE,TRUE,FALSE,0,already_paired
288318022,2,2,1,TRUE,FALSE,FALSE,1,other
288318033,2,1,1,TRUE,TRUE,FALSE,0,already_paired
288318443,1,3,1,FALSE,FALSE,TRUE,3,still_orphaned
288318470,3,3,2,FALSE,FALSE,FALSE,2,still_orphaned
288318596,1,2,1,FALSE,FALSE,TRUE,2,still_orphaned
288318644,2,3,1,TRUE,FALSE,FALSE,2,other
288318693,2,3,1,TRUE,FALSE,FALSE,2,other
288318815,3,4,2,FALSE,FALSE,FALSE,3,still_orphaned
288318936,4,4,2,TRUE,FALSE,FALSE,2,other
288318995,1,0,1,FALSE,FALSE,TRUE,0,still_orphaned
288319000,2,2,1,TRUE,FALSE,FALSE,1,other
288319260,2,2,1,TRUE,FALSE,FALSE,1,other
288319485,2,1,1,TRUE,TRUE,FALSE,0,already_paired
288319490,1,3,1,FALSE,FALSE,TRUE,3,still_orphaned
288319529,2,1,1,TRUE,TRUE,FALSE,0,already_paired
288320081,1,3,1,FALSE,FALSE,TRUE,3,still_orphaned
288320141,4,4,2,TRUE,FALSE,FALSE,2,other
288320621,3,2,2,FALSE,TRUE,FALSE,1,completed
288320927,5,4,3,FALSE,FALSE,FALSE,2,still_orphaned
288320940,1,0,1,FALSE,FALSE,TRUE,0,still_orphaned
288321018,3,5,2,FALSE,FALSE,FALSE,4,still_orphaned
288321123,1,2,1,FALSE,FALSE,TRUE,2,still_orphaned
288321175,6,7,3,TRUE,FALSE,FALSE,4,other
288321180,2,2,1,TRUE,FALSE,FALSE,1,other
288321220,1,0,1,FALSE,FALSE,TRUE,0,still_orphaned
288321380,2,1,1,TRUE,TRUE,FALSE,0,already_paired
288321443,3,4,2,FALSE,FALSE,FALSE,3,still_orphaned
288321617,1,0,1,FALSE,FALSE,TRUE,0,still_orphaned
288321669,5,4,3,FALSE,FALSE,FALSE,2,still_orphaned
288321698,1,0,1,FALSE,FALSE,TRUE,0,still_orphaned
288321741,4,4,2,TRUE,FALSE,FALSE,2,other
288321991,1,3,1,FALSE,FALSE,TRUE,3,still_orphaned
288322023,5,6,3,FALSE,FALSE,FALSE,4,still_orphaned
288322187,1,2,1,FALSE,FALSE,TRUE,2,still_orphaned
288322198,4,4,2,TRUE,FALSE,FALSE,2,other
288322212,1,2,1,FALSE,FALSE,TRUE,2,still_orphaned
288322557,3,5,2,FALSE,FALSE,FALSE,4,still_orphaned
288322738,3,2,2,FALSE,TRUE,FALSE,1,completed
288322948,1,2,1,FALSE,FALSE,TRUE,2,still_orphaned
288322995,3,4,2,FALSE,FALSE,FALSE,3,still_orphaned
288323005,5,4,3,FALSE,FALSE,FALSE,2,still_orphaned
288323019,2,1,1,TRUE,TRUE,FALSE,0,already_paired
288323093,1,2,1,FALSE,FALSE,TRUE,2,still_orphaned
288323313,2,2,1,TRUE,FALSE,FALSE,1,other
288323711,3,3,2,FALSE,FALSE,FALSE,2,still_orphaned
288323896,1,0,1,FALSE,FALSE,TRUE,0,still_orphaned
288324613,1,2,1,FALSE,FALSE,TRUE,2,still_orphaned
288324649,2,1,1,TRUE,TRUE,FALSE,0,already_paired
288324738,2,3,1,TRUE,FALSE,FALSE,2,other
288324795,1,0,1,FALSE,FALSE,TRUE,0,still_orphaned
288324820,5,5,3,FALSE,FALSE,FALSE,3,still_orphaned
288324848,2,1,1,TRUE,TRUE,FALSE,0,already_paired
288324852,1,2,1,FALSE,FALSE,TRUE,2,still_orphaned
288325229,2,2,1,TRUE,FALSE,FALSE,1,other
288325366,2,1,1,TRUE,TRUE,FALSE,0,already_paired
288325459,6,7,3,TRUE,FALSE,FALSE,4,other
288325683,1,0,1,FALSE,FALSE,TRUE,0,still_orphaned
288325716,1,3,1,FALSE,FALSE,TRUE,3,still_orphaned
288325850,3,2,2,FALSE,TRUE,FALSE,1,completed
288325957,5,5,3,FALSE,FALSE,FALSE,3,still_orphaned
288326283,2,2,1,TRUE,FALSE,FALSE,1,other
288326348,1,2,1,FALSE,FALSE,TRUE,2,still_orphaned
288326383,3,5,2,FALSE,FALSE,FALSE,4,still_orphaned
288326806,1,0,1,FALSE,FALSE,TRUE,0,still_orphaned
288326988,2,3,1,TRUE,FALSE,FALSE,2,other
288327025,3,3,2,FALSE,FALSE,FALSE,2,still_orphaned
288327280,7,5,4,FALSE,FALSE,FALSE,2,still_orphaned
288327649,4,4,2,TRUE,FALSE,FALSE,2,other
288328001,2,2,1,TRUE,FALSE,FALSE,1,other
288328074,2,2,1,TRUE,FALSE,FALSE,1,other
288328136,1,0,1,FALSE,FALSE,TRUE,0,still_orphaned
288328209,1,3,1,FALSE,FALSE,TRUE,3,still_orphaned
288328556,2,2,1,TRUE,FALSE,FALSE,1,other
288328596,1,2,1,FALSE,FALSE,TRUE,2,still_orphaned
288328618,3,2,2,FALSE,TRUE,FALSE,1,completed
288328706,1,0,1,FALSE,FALSE,TRUE,0,still_orphaned
288328873,2,3,1,TRUE,FALSE,FALSE,2,other
288329056,3,2,2,FALSE,TRUE,FALSE,1,completed
288329084,1,2,1,FALSE,FALSE,TRUE,2,still_orphaned
288329104,4,3,2,TRUE,FALSE,FALSE,1,other
288329134,1,2,1,FALSE,FALSE,TRUE,2,still_orphaned
288329175,3,5,2,FALSE,FALSE,FALSE,4,still_orphaned
288329304,5,6,3,FALSE,FALSE,FALSE,4,still_orphaned
288329626,4,5,2,TRUE,FALSE,FALSE,3,other
288329691,2,2,1,TRUE,FALSE,FALSE,1,other
288329745,1,2,1,FALSE,FALSE,TRUE,2,still_orphaned
288329862,2,2,1,TRUE,FALSE,FALSE,1,other
288329878,2,3,1,TRUE,FALSE,FALSE,2,other
288329917,1,2,1,FALSE,FALSE,TRUE,2,still_orphaned
288330178,1,2,1,FALSE,FALSE,TRUE,2,still_orphaned
288330183,3,2,2,FALSE,TRUE,FALSE,1,completed
288330295,3,1,2,FALSE,FALSE,FALSE,0,still_orphaned
288330473,1,3,1,FALSE,FALSE,TRUE,3,still_orphaned
288330612,2,1,1,TRUE,TRUE,FALSE,0,already_paired
288330620,1,2,1,FALSE,FALSE,TRUE,2,still_orphaned
288330803,8,7,4,TRUE,FALSE,FALSE,3,other
288331048,6,4,3,TRUE,FALSE,FALSE,1,other
288331348,2,2,1,TRUE,FALSE,FALSE,1,other
288331353,1,4,1,FALSE,FALSE,TRUE,4,still_orphaned
288331533,2,2,1,TRUE,FALSE,FALSE,1,other
288331594,1,0,1,FALSE,FALSE,TRUE,0,still_orphaned
288331937,5,5,3,FALSE,FALSE,FALSE,3,still_orphaned
288331955,1,2,1,FALSE,FALSE,TRUE,2,still_orphaned
288332018,1,2,1,FALSE,FALSE,TRUE,2,still_orphaned
288332459,1,4,1,FALSE,FALSE,TRUE,4,still_orphaned
288332954,7,3,4,FALSE,FALSE,FALSE,0,still_orphaned
288333161,2,1,1,TRUE,TRUE,FALSE,0,already_paired
288333341,1,2,1,FALSE,FALSE,TRUE,2,still_orphaned
288333400,2,3,1,TRUE,FALSE,FALSE,2,other
288333522,1,2,1,FALSE,FALSE,TRUE,2,still_orphaned
288333649,5,5,3,FALSE,FALSE,FALSE,3,still_orphaned
288333670,2,2,1,TRUE,FALSE,FALSE,1,other
288333804,3,3,2,FALSE,FALSE,FALSE,2,still_orphaned
288334034,3,2,2,FALSE,TRUE,FALSE,1,completed
288334049,3,5,2,FALSE,FALSE,FALSE,4,still_orphaned
288334285,2,3,1,TRUE,FALSE,FALSE,2,other
288334373,3,4,2,FALSE,FALSE,FALSE,3,still_orphaned
288334387,2,2,1,TRUE,FALSE,FALSE,1,other
288334594,5,3,3,FALSE,TRUE,FALSE,1,completed
288334755,2,3,1,TRUE,FALSE,FALSE,2,other
288334987,4,3,2,TRUE,FALSE,FALSE,1,other
288335172,2,2,1,TRUE,FALSE,FALSE,1,other
288335499,1,3,1,FALSE,FALSE,TRUE,3,still_orphaned
288335584,1,1,1,FALSE,TRUE,TRUE,1,completed
288335732,4,3,2,TRUE,FALSE,FALSE,1,other
288335919,1,1,1,FALSE,TRUE,TRUE,1,completed
288336033,2,3,1,TRUE,FALSE,FALSE,2,other
288336070,4,3,2,TRUE,FALSE,FALSE,1,other
288336149,1,2,1,FALSE,FALSE,TRUE,2,still_orphaned
288336217,4,4,2,TRUE,FALSE,FALSE,2,other
288336490,4,3,2,TRUE,FALSE,FALSE,1,other
288336662,3,2,2,FALSE,TRUE,FALSE,1,completed
288336714,4,4,2,TRUE,FALSE,FALSE,2,other
288336825,2,2,1,TRUE,FALSE,FALSE,1,other
288337042,5,2,3,FALSE,FALSE,FALSE,0,still_orphaned
288337299,5,4,3,FALSE,FALSE,FALSE,2,still_orphaned
288337331,3,1,2,FALSE,FALSE,FALSE,0,still_orphaned
288337452,3,5,2,FALSE,FALSE,FALSE,4,still_orphaned
288337568,2,2,1,TRUE,FALSE,FALSE,1,other
288337578,1,2,1,FALSE,FALSE,TRUE,2,still_orphaned
288337778,3,4,2,FALSE,FALSE,FALSE,3,still_orphaned
288337878,2,2,1,TRUE,FALSE,FALSE,1,other
288337928,3,6,2,FALSE,FALSE,FALSE,5,still_orphaned
288338023,7,5,4,FALSE,FALSE,FALSE,2,still_orphaned
288338236,3,3,2,FALSE,FALSE,FALSE,2,still_orphaned
288338316,1,2,1,FALSE,FALSE,TRUE,2,still_orphaned
288338345,2,2,1,TRUE,FALSE,FALSE,1,other
288338619,2,2,1,TRUE,FALSE,FALSE,1,other
288338698,3,1,2,FALSE,FALSE,FALSE,0,still_orphaned
288338773,3,3,2,FALSE,FALSE,FALSE,2,still_orphaned
288338785,1,2,1,FALSE,FALSE,TRUE,2,still_orphaned
288338792,2,2,1,TRUE,FALSE,FALSE,1,other
288338820,2,3,1,TRUE,FALSE,FALSE,2,other
288338837,4,3,2,TRUE,FALSE,FALSE,1,other
288339594,1,2,1,FALSE,FALSE,TRUE,2,still_orphaned
288339703,1,2,1,FALSE,FALSE,TRUE,2,still_orphaned
288339801,4,3,2,TRUE,FALSE,FALSE,1,other
288339977,1,0,1,FALSE,FALSE,TRUE,0,still_orphaned
288340105,7,7,4,FALSE,FALSE,FALSE,4,still_orphaned
288340234,3,3,2,FALSE,FALSE,FALSE,2,still_orphaned
288340658,4,3,2,TRUE,FALSE,FALSE,1,other
288340928,4,6,2,TRUE,FALSE,FALSE,4,other
288341080,5,4,3,FALSE,FALSE,FALSE,2,still_orphaned
288341138,2,2,1,TRUE,FALSE,FALSE,1,other
288341340,2,2,1,TRUE,FALSE,FALSE,1,other
288341474,2,1,1,TRUE,TRUE,FALSE,0,already_paired
288341520,3,4,2,FALSE,FALSE,FALSE,3,still_orphaned
288341573,3,3,2,FALSE,FALSE,FALSE,2,still_orphaned
288341617,3,3,2,FALSE,FALSE,FALSE,2,still_orphaned
288341886,1,0,1,FALSE,FALSE,TRUE,0,still_orphaned
288342018,1,3,1,FALSE,FALSE,TRUE,3,still_orphaned
288342118,2,1,1,TRUE,TRUE,FALSE,0,already_paired
288342238,2,2,1,TRUE,FALSE,FALSE,1,other
288342347,3,3,2,FALSE,FALSE,FALSE,2,still_orphaned
288342697,1,0,1,FALSE,FALSE,TRUE,0,still_orphaned
288342840,6,7,3,TRUE,FALSE,FALSE,4,other
288342844,2,1,1,TRUE,TRUE,FALSE,0,already_paired
288342933,5,6,3,FALSE,FALSE,FALSE,4,still_orphaned
288342969,2,1,1,TRUE,TRUE,FALSE,0,already_paired
288343089,2,1,1,TRUE,TRUE,FALSE,0,already_paired
288343138,3,4,2,FALSE,FALSE,FALSE,3,still_orphaned
288343147,2,1,1,TRUE,TRUE,FALSE,0,already_paired
288343366,5,4,3,FALSE,FALSE,FALSE,2,still_orphaned
288343520,1,2,1,FALSE,FALSE,TRUE,2,still_orphaned
288344074,2,2,1,TRUE,FALSE,FALSE,1,other
288344705,7,4,4,FALSE,TRUE,FALSE,1,completed
288370477,4,4,2,TRUE,FALSE,FALSE,2,other
288371136,5,4,3,FALSE,FALSE,FALSE,2,still_orphaned
288371198,1,0,1,FALSE,FALSE,TRUE,0,still_orphaned
288371520,2,2,1,TRUE,FALSE,FALSE,1,other
288371699,5,4,3,FALSE,FALSE,FALSE,2,still_orphaned
288371717,2,3,1,TRUE,FALSE,FALSE,2,other
288372060,3,4,2,FALSE,FALSE,FALSE,3,still_orphaned
288372096,1,3,1,FALSE,FALSE,TRUE,3,still_orphaned
288372152,1,0,1,FALSE,FALSE,TRUE,0,still_orphaned
288372466,4,3,2,TRUE,FALSE,FALSE,1,other
288372497,3,2,2,FALSE,TRUE,FALSE,1,completed
288372743,5,4,3,FALSE,FALSE,FALSE,2,still_orphaned
288372806,1,0,1,FALSE,FALSE,TRUE,0,still_orphaned
288372813,1,0,1,FALSE,FALSE,TRUE,0,still_orphaned
288372963,1,0,1,FALSE,FALSE,TRUE,0,still_orphaned
288373180,2,2,1,TRUE,FALSE,FALSE,1,other
288373212,5,5,3,FALSE,FALSE,FALSE,3,still_orphaned
288373281,3,1,2,FALSE,FALSE,FALSE,0,still_orphaned
288373283,4,4,2,TRUE,FALSE,FALSE,2,other
288373347,1,3,1,FALSE,FALSE,TRUE,3,still_orphaned
288373375,2,2,1,TRUE,FALSE,FALSE,1,other
288373515,1,2,1,FALSE,FALSE,TRUE,2,still_orphaned
288373648,6,4,3,TRUE,FALSE,FALSE,1,other
288373787,5,6,3,FALSE,FALSE,FALSE,4,still_orphaned
288373870,2,1,1,TRUE,TRUE,FALSE,0,already_paired
288373918,1,2,1,FALSE,FALSE,TRUE,2,still_orphaned
288373929,1,0,1,FALSE,FALSE,TRUE,0,still_orphaned
288373952,4,3,2,TRUE,FALSE,FALSE,1,other
288374129,4,3,2,TRUE,FALSE,FALSE,1,other
288374486,1,0,1,FALSE,FALSE,TRUE,0,still_orphaned
288374572,5,3,3,FALSE,TRUE,FALSE,1,completed
288374635,2,1,1,TRUE,TRUE,FALSE,0,already_paired
288374789,4,4,2,TRUE,FALSE,FALSE,2,other
288374811,4,3,2,TRUE,FALSE,FALSE,1,other
288375062,3,2,2,FALSE,TRUE,FALSE,1,completed
288375238,2,2,1,TRUE,FALSE,FALSE,1,other
288375258,3,4,2,FALSE,FALSE,FALSE,3,still_orphaned
288375307,2,1,1,TRUE,TRUE,FALSE,0,already_paired
288375523,4,5,2,TRUE,FALSE,FALSE,3,other
288375557,3,3,2,FALSE,FALSE,FALSE,2,still_orphaned
288375717,2,2,1,TRUE,FALSE,FALSE,1,other
288376017,5,5,3,FALSE,FALSE,FALSE,3,still_orphaned
288376178,1,0,1,FALSE,FALSE,TRUE,0,still_orphaned
288376382,2,3,1,TRUE,FALSE,FALSE,2,other
288376460,1,0,1,FALSE,FALSE,TRUE,0,still_orphaned
288376535,5,6,3,FALSE,FALSE,FALSE,4,still_orphaned
288376548,3,2,2,FALSE,TRUE,FALSE,1,completed
288376657,2,2,1,TRUE,FALSE,FALSE,1,other
288376739,2,2,1,TRUE,FALSE,FALSE,1,other
288376762,3,3,2,FALSE,FALSE,FALSE,2,still_orphaned
288376886,4,3,2,TRUE,FALSE,FALSE,1,other
288377072,2,1,1,TRUE,TRUE,FALSE,0,already_paired
288377289,2,3,1,TRUE,FALSE,FALSE,2,other
288377439,1,2,1,FALSE,FALSE,TRUE,2,still_orphaned
288377481,4,3,2,TRUE,FALSE,FALSE,1,other
288377566,5,5,3,FALSE,FALSE,FALSE,3,still_orphaned
288377634,4,3,2,TRUE,FALSE,FALSE,1,other
288378147,2,1,1,TRUE,TRUE,FALSE,0,already_paired
288378209,3,3,2,FALSE,FALSE,FALSE,2,still_orphaned
288378277,5,3,3,FALSE,TRUE,FALSE,1,completed
288378379,4,2,2,TRUE,TRUE,FALSE,0,already_paired
288378545,3,2,2,FALSE,TRUE,FALSE,1,completed
288378711,3,2,2,FALSE,TRUE,FALSE,1,completed
288378775,2,2,1,TRUE,FALSE,FALSE,1,other
288378865,2,1,1,TRUE,TRUE,FALSE,0,already_paired
288378994,4,5,2,TRUE,FALSE,FALSE,3,other
288379239,2,2,1,TRUE,FALSE,FALSE,1,other
288379493,3,5,2,FALSE,FALSE,FALSE,4,still_orphaned
288379514,3,3,2,FALSE,FALSE,FALSE,2,still_orphaned
288379536,3,2,2,FALSE,TRUE,FALSE,1,completed
288379690,2,2,1,TRUE,FALSE,FALSE,1,other
288379840,2,2,1,TRUE,FALSE,FALSE,1,other
288379902,3,5,2,FALSE,FALSE,FALSE,4,still_orphaned
288380053,3,2,2,FALSE,TRUE,FALSE,1,completed
288380143,5,3,3,FALSE,TRUE,FALSE,1,completed
288380281,3,5,2,FALSE,FALSE,FALSE,4,still_orphaned
288380449,3,5,2,FALSE,FALSE,FALSE,4,still_orphaned
288380470,6,7,3,TRUE,FALSE,FALSE,4,other
288380655,1,3,1,FALSE,FALSE,TRUE,3,still_orphaned
288381036,1,2,1,FALSE,FALSE,TRUE,2,still_orphaned
288381043,1,0,1,FALSE,FALSE,TRUE,0,still_orphaned
288381189,5,4,3,FALSE,FALSE,FALSE,2,still_orphaned
288381285,2,2,1,TRUE,FALSE,FALSE,1,other
288381656,1,3,1,FALSE,FALSE,TRUE,3,still_orphaned
288381948,3,4,2,FALSE,FALSE,FALSE,3,still_orphaned
288381966,1,0,1,FALSE,FALSE,TRUE,0,still_orphaned
288382133,1,0,1,FALSE,FALSE,TRUE,0,still_orphaned
288382230,3,5,2,FALSE,FALSE,FALSE,4,still_orphaned
288382296,3,3,2,FALSE,FALSE,FALSE,2,still_orphaned
288382408,2,1,1,TRUE,TRUE,FALSE,0,already_paired
288382608,4,4,2,TRUE,FALSE,FALSE,2,other
288382721,2,2,1,TRUE,FALSE,FALSE,1,other
288382861,2,2,1,TRUE,FALSE,FALSE,1,other
288382866,1,2,1,FALSE,FALSE,TRUE,2,still_orphaned
288382868,5,5,3,FALSE,FALSE,FALSE,3,still_orphaned
288383427,5,6,3,FALSE,FALSE,FALSE,4,still_orphaned
288383485,2,2,1,TRUE,FALSE,FALSE,1,other
288383690,2,1,1,TRUE,TRUE,FALSE,0,already_paired
288383725,5,4,3,FALSE,FALSE,FALSE,2,still_orphaned
288383976,1,2,1,FALSE,FALSE,TRUE,2,still_orphaned
288384758,1,0,1,FALSE,FALSE,TRUE,0,still_orphaned
288384763,2,3,1,TRUE,FALSE,FALSE,2,other
288384772,9,7,5,FALSE,FALSE,FALSE,3,still_orphaned
288384795,3,2,2,FALSE,TRUE,FALSE,1,completed
288385191,2,2,1,TRUE,FALSE,FALSE,1,other
288385396,5,5,3,FALSE,FALSE,FALSE,3,still_orphaned
288385480,3,3,2,FALSE,FALSE,FALSE,2,still_orphaned
288385673,1,0,1,FALSE,FALSE,TRUE,0,still_orphaned
288385928,1,0,1,FALSE,FALSE,TRUE,0,still_orphaned
288386000,4,5,2,TRUE,FALSE,FALSE,3,other
288386048,3,1,2,FALSE,FALSE,FALSE,0,still_orphaned
288386075,2,1,1,TRUE,TRUE,FALSE,0,already_paired
288386284,1,0,1,FALSE,FALSE,TRUE,0,still_orphaned
288386304,3,3,2,FALSE,FALSE,FALSE,2,still_orphaned
288386659,2,2,1,TRUE,FALSE,FALSE,1,other
288386826,3,3,2,FALSE,FALSE,FALSE,2,still_orphaned
288386966,7,7,4,FALSE,FALSE,FALSE,4,still_orphaned
288386992,5,5,3,FALSE,FALSE,FALSE,3,still_orphaned
288387121,2,1,1,TRUE,TRUE,FALSE,0,already_paired
288387375,2,2,1,TRUE,FALSE,FALSE,1,other
288387548,2,3,1,TRUE,FALSE,FALSE,2,other
288387746,2,2,1,TRUE,FALSE,FALSE,1,other
288387911,5,8,3,FALSE,FALSE,FALSE,6,still_orphaned
288388155,4,4,2,TRUE,FALSE,FALSE,2,other
288388383,2,2,1,TRUE,FALSE,FALSE,1,other
288388444,4,3,2,TRUE,FALSE,FALSE,1,other
288388480,1,0,1,FALSE,FALSE,TRUE,0,still_orphaned
288388681,3,3,2,FALSE,FALSE,FALSE,2,still_orphaned
288388995,4,2,2,TRUE,TRUE,FALSE,0,already_paired
288389039,1,0,1,FALSE,FALSE,TRUE,0,still_orphaned
288389206,1,2,1,FALSE,FALSE,TRUE,2,still_orphaned
288389300,3,2,2,FALSE,TRUE,FALSE,1,completed
288389326,2,1,1,TRUE,TRUE,FALSE,0,already_paired
288389381,5,4,3,FALSE,FALSE,FALSE,2,still_orphaned
288389398,3,3,2,FALSE,FALSE,FALSE,2,still_orphaned
288389454,5,5,3,FALSE,FALSE,FALSE,3,still_orphaned
288389500,6,6,3,TRUE,FALSE,FALSE,3,other
288389537,5,4,3,FALSE,FALSE,FALSE,2,still_orphaned
288389601,2,2,1,TRUE,FALSE,FALSE,1,other
288389720,2,2,1,TRUE,FALSE,FALSE,1,other
288389963,1,2,1,FALSE,FALSE,TRUE,2,still_orphaned
288390126,5,8,3,FALSE,FALSE,FALSE,6,still_orphaned
288390647,4,3,2,TRUE,FALSE,FALSE,1,other
288391006,6,5,3,TRUE,FALSE,FALSE,2,other
288391702,5,4,3,FALSE,FALSE,FALSE,2,still_orphaned
288391749,3,5,2,FALSE,FALSE,FALSE,4,still_orphaned
288391823,2,2,1,TRUE,FALSE,FALSE,1,other
288391824,4,4,2,TRUE,FALSE,FALSE,2,other
288391870,2,2,1,TRUE,FALSE,FALSE,1,other
288391954,4,5,2,TRUE,FALSE,FALSE,3,other
288392104,1,2,1,FALSE,FALSE,TRUE,2,still_orphaned
288392260,5,4,3,FALSE,FALSE,FALSE,2,still_orphaned
288392419,5,6,3,FALSE,FALSE,FALSE,4,still_orphaned
288392502,3,1,2,FALSE,FALSE,FALSE,0,still_orphaned
288392838,5,3,3,FALSE,TRUE,FALSE,1,completed
288392907,1,3,1,FALSE,FALSE,TRUE,3,still_orphaned
288393248,1,2,1,FALSE,FALSE,TRUE,2,still_orphaned
288393323,2,2,1,TRUE,FALSE,FALSE,1,other
288393573,5,4,3,FALSE,FALSE,FALSE,2,still_orphaned
288393695,3,3,2,FALSE,FALSE,FALSE,2,still_orphaned
288393789,1,2,1,FALSE,FALSE,TRUE,2,still_orphaned
288393803,1,3,1,FALSE,FALSE,TRUE,3,still_orphaned
288393875,2,2,1,TRUE,FALSE,FALSE,1,other
288393959,4,4,2,TRUE,FALSE,FALSE,2,other
288394461,1,0,1,FALSE,FALSE,TRUE,0,still_orphaned
288394524,6,6,3,TRUE,FALSE,FALSE,3,other
288394579,6,4,3,TRUE,FALSE,FALSE,1,other
288394653,2,2,1,TRUE,FALSE,FALSE,1,other
288394682,2,3,1,TRUE,FALSE,FALSE,2,other
288394991,5,5,3,FALSE,FALSE,FALSE,3,still_orphaned
288395006,3,2,2,FALSE,TRUE,FALSE,1,completed
288395279,2,1,1,TRUE,TRUE,FALSE,0,already_paired
288395527,6,4,3,TRUE,FALSE,FALSE,1,other
288395535,1,3,1,FALSE,FALSE,TRUE,3,still_orphaned
288395602,1,0,1,FALSE,FALSE,TRUE,0,still_orphaned
288395725,3,2,2,FALSE,TRUE,FALSE,1,completed
288395959,4,2,2,TRUE,TRUE,FALSE,0,already_paired
288396071,8,8,4,TRUE,FALSE,FALSE,4,other
288396233,3,3,2,FALSE,FALSE,FALSE,2,still_orphaned
288396472,1,4,1,FALSE,FALSE,TRUE,4,still_orphaned
288396598,3,3,2,FALSE,FALSE,FALSE,2,still_orphaned
288396614,1,0,1,FALSE,FALSE,TRUE,0,still_orphaned
288396720,1,2,1,FALSE,FALSE,TRUE,2,still_orphaned
288397064,4,4,2,TRUE,FALSE,FALSE,2,other
288397071,4,4,2,TRUE,FALSE,FALSE,2,other
288397134,2,2,1,TRUE,FALSE,FALSE,1,other
288397274,2,2,1,TRUE,FALSE,FALSE,1,other
288397317,1,0,1,FALSE,FALSE,TRUE,0,still_orphaned
288397356,2,2,1,TRUE,FALSE,FALSE,1,other
288397377,2,4,1,TRUE,FALSE,FALSE,3,other
288397528,3,3,2,FALSE,FALSE,FALSE,2,still_orphaned
288397606,3,2,2,FALSE,TRUE,FALSE,1,completed
288398057,8,6,4,TRUE,FALSE,FALSE,2,other
288398319,1,3,1,FALSE,FALSE,TRUE,3,still_orphaned
288398419,6,5,3,TRUE,FALSE,FALSE,2,other
288398454,2,2,1,TRUE,FALSE,FALSE,1,other
288398615,2,1,1,TRUE,TRUE,FALSE,0,already_paired
288398868,4,4,2,TRUE,FALSE,FALSE,2,other
288398877,1,0,1,FALSE,FALSE,TRUE,0,still_orphaned
288399301,5,5,3,FALSE,FALSE,FALSE,3,still_orphaned
288399436,2,1,1,TRUE,TRUE,FALSE,0,already_paired
288399601,3,1,2,FALSE,FALSE,FALSE,0,still_orphaned
288400105,4,4,2,TRUE,FALSE,FALSE,2,other
288400149,2,3,1,TRUE,FALSE,FALSE,2,other
288400582,1,2,1,FALSE,FALSE,TRUE,2,still_orphaned
288400595,2,2,1,TRUE,FALSE,FALSE,1,other
288400709,1,0,1,FALSE,FALSE,TRUE,0,still_orphaned
288400745,2,3,1,TRUE,FALSE,FALSE,2,other
288400790,1,2,1,FALSE,FALSE,TRUE,2,still_orphaned
288400885,1,0,1,FALSE,FALSE,TRUE,0,still_orphaned
288401065,2,4,1,TRUE,FALSE,FALSE,3,other
288401154,1,5,1,FALSE,FALSE,TRUE,5,still_orphaned
288401243,3,3,2,FALSE,FALSE,FALSE,2,still_orphaned
288401602,1,0,1,FALSE,FALSE,TRUE,0,still_orphaned
288401822,2,3,1,TRUE,FALSE,FALSE,2,other
288401926,1,2,1,FALSE,FALSE,TRUE,2,still_orphaned
288402042,1,3,1,FALSE,FALSE,TRUE,3,still_orphaned
288402188,2,1,1,TRUE,TRUE,FALSE,0,already_paired
288402340,2,2,1,TRUE,FALSE,FALSE,1,other
288402424,3,2,2,FALSE,TRUE,FALSE,1,completed
288402487,5,6,3,FALSE,FALSE,FALSE,4,still_orphaned
288402874,1,3,1,FALSE,FALSE,TRUE,3,still_orphaned
288426368,2,3,1,TRUE,FALSE,FALSE,2,other
288427300,2,2,1,TRUE,FALSE,FALSE,1,other
288427543,2,2,1,TRUE,FALSE,FALSE,1,other
288427886,3,2,2,FALSE,TRUE,FALSE,1,completed
288428275,3,2,2,FALSE,TRUE,FALSE,1,completed
288428406,2,1,1,TRUE,TRUE,FALSE,0,already_paired
288428891,2,3,1,TRUE,FALSE,FALSE,2,other
288429191,1,0,1,FALSE,FALSE,TRUE,0,still_orphaned
288429238,3,3,2,FALSE,FALSE,FALSE,2,still_orphaned
288429363,1,0,1,FALSE,FALSE,TRUE,0,still_orphaned
288429520,3,5,2,FALSE,FALSE,FALSE,4,still_orphaned
288429675,1,0,1,FALSE,FALSE,TRUE,0,still_orphaned
288430093,3,3,2,FALSE,FALSE,FALSE,2,still_orphaned
288430112,3,4,2,FALSE,FALSE,FALSE,3,still_orphaned
288430230,3,3,2,FALSE,FALSE,FALSE,2,still_orphaned
288430256,3,2,2,FALSE,TRUE,FALSE,1,completed
288430318,2,3,1,TRUE,FALSE,FALSE,2,other
288430379,3,5,2,FALSE,FALSE,FALSE,4,still_orphaned
288430387,2,1,1,TRUE,TRUE,FALSE,0,already_paired
288430526,5,5,3,FALSE,FALSE,FALSE,3,still_orphaned
288430545,1,0,1,FALSE,FALSE,TRUE,0,still_orphaned
288430624,5,3,3,FALSE,TRUE,FALSE,1,completed
288430640,5,4,3,FALSE,FALSE,FALSE,2,still_orphaned
288431109,7,4,4,FALSE,TRUE,FALSE,1,completed
288431149,3,4,2,FALSE,FALSE,FALSE,3,still_orphaned
288431296,4,3,2,TRUE,FALSE,FALSE,1,other
288431443,4,3,2,TRUE,FALSE,FALSE,1,other
288431495,2,2,1,TRUE,FALSE,FALSE,1,other
288431592,1,0,1,FALSE,FALSE,TRUE,0,still_orphaned
288431892,4,3,2,TRUE,FALSE,FALSE,1,other
288431893,4,4,2,TRUE,FALSE,FALSE,2,other
288431959,3,2,2,FALSE,TRUE,FALSE,1,completed
288432058,2,1,1,TRUE,TRUE,FALSE,0,already_paired
288432087,2,2,1,TRUE,FALSE,FALSE,1,other
288432222,1,1,1,FALSE,TRUE,TRUE,1,completed
288432417,1,0,1,FALSE,FALSE,TRUE,0,still_orphaned
288432449,4,5,2,TRUE,FALSE,FALSE,3,other
288432924,2,1,1,TRUE,TRUE,FALSE,0,already_paired
288433030,3,3,2,FALSE,FALSE,FALSE,2,still_orphaned
288433239,1,0,1,FALSE,FALSE,TRUE,0,still_orphaned
288433298,2,1,1,TRUE,TRUE,FALSE,0,already_paired
288433506,5,6,3,FALSE,FALSE,FALSE,4,still_orphaned
288433967,3,2,2,FALSE,TRUE,FALSE,1,completed
288434061,5,4,3,FALSE,FALSE,FALSE,2,still_orphaned
288434134,3,6,2,FALSE,FALSE,FALSE,5,still_orphaned
288434297,2,3,1,TRUE,FALSE,FALSE,2,other
288434378,2,2,1,TRUE,FALSE,FALSE,1,other
288434531,4,4,2,TRUE,FALSE,FALSE,2,other
288434929,4,2,2,TRUE,TRUE,FALSE,0,already_paired
288435004,5,3,3,FALSE,TRUE,FALSE,1,completed
288435079,1,0,1,FALSE,FALSE,TRUE,0,still_orphaned
288435114,3,5,2,FALSE,FALSE,FALSE,4,still_orphaned
288435392,2,2,1,TRUE,FALSE,FALSE,1,other
288435616,4,3,2,TRUE,FALSE,FALSE,1,other
288435679,3,1,2,FALSE,FALSE,FALSE,0,still_orphaned
288435743,4,2,2,TRUE,TRUE,FALSE,0,already_paired
288435744,3,3,2,FALSE,FALSE,FALSE,2,still_orphaned
288436022,3,3,2,FALSE,FALSE,FALSE,2,still_orphaned
288436032,2,1,1,TRUE,TRUE,FALSE,0,already_paired
288436094,4,5,2,TRUE,FALSE,FALSE,3,other
288436269,1,2,1,FALSE,FALSE,TRUE,2,still_orphaned
288436368,3,2,2,FALSE,TRUE,FALSE,1,completed
288436494,4,4,2,TRUE,FALSE,FALSE,2,other
288436688,1,3,1,FALSE,FALSE,TRUE,3,still_orphaned
288437526,4,3,2,TRUE,FALSE,FALSE,1,other
288437538,1,2,1,FALSE,FALSE,TRUE,2,still_orphaned
288437713,2,4,1,TRUE,FALSE,FALSE,3,other
288437867,1,0,1,FALSE,FALSE,TRUE,0,still_orphaned
288438069,2,3,1,TRUE,FALSE,FALSE,2,other
288438103,4,4,2,TRUE,FALSE,FALSE,2,other
288438115,1,2,1,FALSE,FALSE,TRUE,2,still_orphaned
288438652,1,0,1,FALSE,FALSE,TRUE,0,still_orphaned
288438979,5,3,3,FALSE,TRUE,FALSE,1,completed
288439076,3,3,2,FALSE,FALSE,FALSE,2,still_orphaned
288439106,3,3,2,FALSE,FALSE,FALSE,2,still_orphaned
288439173,4,3,2,TRUE,FALSE,FALSE,1,other
288439328,6,5,3,TRUE,FALSE,FALSE,2,other
288439470,4,5,2,TRUE,FALSE,FALSE,3,other
288439773,3,3,2,FALSE,FALSE,FALSE,2,still_orphaned
288439779,1,3,1,FALSE,FALSE,TRUE,3,still_orphaned
288439807,1,0,1,FALSE,FALSE,TRUE,0,still_orphaned
288439989,6,6,3,TRUE,FALSE,FALSE,3,other
288440083,3,3,2,FALSE,FALSE,FALSE,2,still_orphaned
288441402,3,2,2,FALSE,TRUE,FALSE,1,completed
288441508,4,3,2,TRUE,FALSE,FALSE,1,other
288441551,3,1,2,FALSE,FALSE,FALSE,0,still_orphaned
288441714,3,4,2,FALSE,FALSE,FALSE,3,still_orphaned
288441849,4,5,2,TRUE,FALSE,FALSE,3,other
288442201,4,4,2,TRUE,FALSE,FALSE,2,other
288442248,3,3,2,FALSE,FALSE,FALSE,2,still_orphaned
288442356,4,3,2,TRUE,FALSE,FALSE,1,other
288442671,1,2,1,FALSE,FALSE,TRUE,2,still_orphaned
288442691,1,0,1,FALSE,FALSE,TRUE,0,still_orphaned
288442707,2,2,1,TRUE,FALSE,FALSE,1,other
288442809,1,3,1,FALSE,FALSE,TRUE,3,still_orphaned
288443023,6,6,3,TRUE,FALSE,FALSE,3,other
288443033,2,1,1,TRUE,TRUE,FALSE,0,already_paired
288443697,4,3,2,TRUE,FALSE,FALSE,1,other
288443793,3,3,2,FALSE,FALSE,FALSE,2,still_orphaned
288443933,2,3,1,TRUE,FALSE,FALSE,2,other
288444079,2,2,1,TRUE,FALSE,FALSE,1,other
288444080,2,3,1,TRUE,FALSE,FALSE,2,other
288444224,3,3,2,FALSE,FALSE,FALSE,2,still_orphaned
288444457,3,5,2,FALSE,FALSE,FALSE,4,still_orphaned
288444459,1,1,1,FALSE,TRUE,TRUE,1,completed
288444466,1,0,1,FALSE,FALSE,TRUE,0,still_orphaned
288444527,2,2,1,TRUE,FALSE,FALSE,1,other
288445278,8,5,4,TRUE,FALSE,FALSE,1,other
288445318,2,3,1,TRUE,FALSE,FALSE,2,other
288445469,4,4,2,TRUE,FALSE,FALSE,2,other
288445556,1,1,1,FALSE,TRUE,TRUE,1,completed
288445670,2,1,1,TRUE,TRUE,FALSE,0,already_paired
288445729,2,3,1,TRUE,FALSE,FALSE,2,other
288445763,6,5,3,TRUE,FALSE,FALSE,2,other
288445791,4,4,2,TRUE,FALSE,FALSE,2,other
288445801,2,3,1,TRUE,FALSE,FALSE,2,other
288445810,3,3,2,FALSE,FALSE,FALSE,2,still_orphaned
288445896,6,7,3,TRUE,FALSE,FALSE,4,other
288446244,2,1,1,TRUE,TRUE,FALSE,0,already_paired
288446256,4,5,2,TRUE,FALSE,FALSE,3,other
288446338,2,3,1,TRUE,FALSE,FALSE,2,other
288446629,3,4,2,FALSE,FALSE,FALSE,3,still_orphaned
288446638,2,2,1,TRUE,FALSE,FALSE,1,other
288446766,4,3,2,TRUE,FALSE,FALSE,1,other
288446791,4,4,2,TRUE,FALSE,FALSE,2,other
288446933,3,1,2,FALSE,FALSE,FALSE,0,still_orphaned
288447038,3,1,2,FALSE,FALSE,FALSE,0,still_orphaned
288447220,3,1,2,FALSE,FALSE,FALSE,0,still_orphaned
288447438,1,2,1,FALSE,FALSE,TRUE,2,still_orphaned
288447498,4,4,2,TRUE,FALSE,FALSE,2,other
288447614,2,2,1,TRUE,FALSE,FALSE,1,other
288448222,5,4,3,FALSE,FALSE,FALSE,2,still_orphaned
288448429,1,3,1,FALSE,FALSE,TRUE,3,still_orphaned
288448689,1,0,1,FALSE,FALSE,TRUE,0,still_orphaned
288448904,3,3,2,FALSE,FALSE,FALSE,2,still_orphaned
288448950,4,4,2,TRUE,FALSE,FALSE,2,other
288449064,1,3,1,FALSE,FALSE,TRUE,3,still_orphaned
288449516,1,0,1,FALSE,FALSE,TRUE,0,still_orphaned
288449595,1,3,1,FALSE,FALSE,TRUE,3,still_orphaned
288449659,3,5,2,FALSE,FALSE,FALSE,4,still_orphaned
288449681,5,4,3,FALSE,FALSE,FALSE,2,still_orphaned
288449870,2,3,1,TRUE,FALSE,FALSE,2,other
288450241,2,2,1,TRUE,FALSE,FALSE,1,other
288450391,4,3,2,TRUE,FALSE,FALSE,1,other
288450447,6,3,3,TRUE,TRUE,FALSE,0,already_paired
288450518,4,5,2,TRUE,FALSE,FALSE,3,other
288450678,3,2,2,FALSE,TRUE,FALSE,1,completed
288450961,4,6,2,TRUE,FALSE,FALSE,4,other
288451163,5,4,3,FALSE,FALSE,FALSE,2,still_orphaned
288451569,3,4,2,FALSE,FALSE,FALSE,3,still_orphaned
288451630,2,2,1,TRUE,FALSE,FALSE,1,other
288451801,3,2,2,FALSE,TRUE,FALSE,1,completed
288451879,3,3,2,FALSE,FALSE,FALSE,2,still_orphaned
288452134,2,4,1,TRUE,FALSE,FALSE,3,other
288452143,1,0,1,FALSE,FALSE,TRUE,0,still_orphaned
288452261,3,4,2,FALSE,FALSE,FALSE,3,still_orphaned
288452396,2,2,1,TRUE,FALSE,FALSE,1,other
288452483,6,4,3,TRUE,FALSE,FALSE,1,other
288452490,4,5,2,TRUE,FALSE,FALSE,3,other
288452853,4,3,2,TRUE,FALSE,FALSE,1,other
288452883,1,0,1,FALSE,FALSE,TRUE,0,still_orphaned
288452900,2,1,1,TRUE,TRUE,FALSE,0,already_paired
288453038,4,5,2,TRUE,FALSE,FALSE,3,other
288453166,2,3,1,TRUE,FALSE,FALSE,2,other
288453335,2,2,1,TRUE,FALSE,FALSE,1,other
288453569,6,6,3,TRUE,FALSE,FALSE,3,other
288453699,1,0,1,FALSE,FALSE,TRUE,0,still_orphaned
288453923,3,5,2,FALSE,FALSE,FALSE,4,still_orphaned
288453975,3,1,2,FALSE,FALSE,FALSE,0,still_orphaned
288454037,4,3,2,TRUE,FALSE,FALSE,1,other
288454046,1,2,1,FALSE,FALSE,TRUE,2,still_orphaned
288454199,3,2,2,FALSE,TRUE,FALSE,1,completed
288454548,4,5,2,TRUE,FALSE,FALSE,3,other
288454635,4,4,2,TRUE,FALSE,FALSE,2,other
288454998,3,4,2,FALSE,FALSE,FALSE,3,still_orphaned
288455063,3,4,2,FALSE,FALSE,FALSE,3,still_orphaned
288455082,2,3,1,TRUE,FALSE,FALSE,2,other
288455112,2,3,1,TRUE,FALSE,FALSE,2,other
288455127,4,5,2,TRUE,FALSE,FALSE,3,other
288455249,5,5,3,FALSE,FALSE,FALSE,3,still_orphaned
288455330,1,0,1,FALSE,FALSE,TRUE,0,still_orphaned
288455540,3,3,2,FALSE,FALSE,FALSE,2,still_orphaned
288455550,1,0,1,FALSE,FALSE,TRUE,0,still_orphaned
288456062,2,2,1,TRUE,FALSE,FALSE,1,other
288456150,4,3,2,TRUE,FALSE,FALSE,1,other
288456353,3,2,2,FALSE,TRUE,FALSE,1,completed
288456928,1,0,1,FALSE,FALSE,TRUE,0,still_orphaned
288456942,1,2,1,FALSE,FALSE,TRUE,2,still_orphaned
288457092,6,6,3,TRUE,FALSE,FALSE,3,other
288457225,1,2,1,FALSE,FALSE,TRUE,2,still_orphaned
288457281,2,3,1,TRUE,FALSE,FALSE,2,other
288457498,3,2,2,FALSE,TRUE,FALSE,1,completed
288457593,1,2,1,FALSE,FALSE,TRUE,2,still_orphaned
288457730,3,5,2,FALSE,FALSE,FALSE,4,still_orphaned
288458079,3,3,2,FALSE,FALSE,FALSE,2,still_orphaned
288458232,11,8,6,FALSE,FALSE,FALSE,3,still_orphaned
288458323,1,0,1,FALSE,FALSE,TRUE,0,still_orphaned
288458388,2,3,1,TRUE,FALSE,FALSE,2,other
288458634,3,3,2,FALSE,FALSE,FALSE,2,still_orphaned
288458739,2,2,1,TRUE,FALSE,FALSE,1,other
288459248,1,2,1,FALSE,FALSE,TRUE,2,still_orphaned
288459763,5,4,3,FALSE,FALSE,FALSE,2,still_orphaned
288459830,4,4,2,TRUE,FALSE,FALSE,2,other
288486300,2,3,1,TRUE,FALSE,FALSE,2,other
288486354,2,3,1,TRUE,FALSE,FALSE,2,other
288486659,7,3,4,FALSE,FALSE,FALSE,0,still_orphaned
288486665,3,4,2,FALSE,FALSE,FALSE,3,still_orphaned
288486951,4,3,2,TRUE,FALSE,FALSE,1,other
288486965,2,2,1,TRUE,FALSE,FALSE,1,other
288487028,1,2,1,FALSE,FALSE,TRUE,2,still_orphaned
288487146,1,1,1,FALSE,TRUE,TRUE,1,completed
288487479,2,2,1,TRUE,FALSE,FALSE,1,other
288487933,2,1,1,TRUE,TRUE,FALSE,0,already_paired
288487955,1,0,1,FALSE,FALSE,TRUE,0,still_orphaned
288488161,3,2,2,FALSE,TRUE,FALSE,1,completed
288488219,3,1,2,FALSE,FALSE,FALSE,0,still_orphaned
288488495,4,3,2,TRUE,FALSE,FALSE,1,other
288488524,2,1,1,TRUE,TRUE,FALSE,0,already_paired
288488705,3,3,2,FALSE,FALSE,FALSE,2,still_orphaned
288488770,2,2,1,TRUE,FALSE,FALSE,1,other
288488813,4,3,2,TRUE,FALSE,FALSE,1,other
288488818,3,2,2,FALSE,TRUE,FALSE,1,completed
288488953,2,2,1,TRUE,FALSE,FALSE,1,other
288488974,1,3,1,FALSE,FALSE,TRUE,3,still_orphaned
288489099,4,2,2,TRUE,TRUE,FALSE,0,already_paired
288489252,3,2,2,FALSE,TRUE,FALSE,1,completed
288489336,5,4,3,FALSE,FALSE,FALSE,2,still_orphaned
288489408,4,4,2,TRUE,FALSE,FALSE,2,other
288489410,3,2,2,FALSE,TRUE,FALSE,1,completed
288489643,4,3,2,TRUE,FALSE,FALSE,1,other
288489725,2,1,1,TRUE,TRUE,FALSE,0,already_paired
288490019,5,3,3,FALSE,TRUE,FALSE,1,completed
288490071,4,5,2,TRUE,FALSE,FALSE,3,other
288490141,3,4,2,FALSE,FALSE,FALSE,3,still_orphaned
288490206,3,2,2,FALSE,TRUE,FALSE,1,completed
288490737,1,0,1,FALSE,FALSE,TRUE,0,still_orphaned
288490742,1,0,1,FALSE,FALSE,TRUE,0,still_orphaned
288490759,2,2,1,TRUE,FALSE,FALSE,1,other
288490878,4,3,2,TRUE,FALSE,FALSE,1,other
288490939,4,5,2,TRUE,FALSE,FALSE,3,other
288491076,5,5,3,FALSE,FALSE,FALSE,3,still_orphaned
288491257,2,1,1,TRUE,TRUE,FALSE,0,already_paired
288491503,6,4,3,TRUE,FALSE,FALSE,1,other
288491795,2,2,1,TRUE,FALSE,FALSE,1,other
288491871,1,2,1,FALSE,FALSE,TRUE,2,still_orphaned
288491969,2,2,1,TRUE,FALSE,FALSE,1,other
288492042,2,2,1,TRUE,FALSE,FALSE,1,other
288492060,4,6,2,TRUE,FALSE,FALSE,4,other
288492092,5,8,3,FALSE,FALSE,FALSE,6,still_orphaned
288492578,1,0,1,FALSE,FALSE,TRUE,0,still_orphaned
288492656,1,0,1,FALSE,FALSE,TRUE,0,still_orphaned
288492825,2,2,1,TRUE,FALSE,FALSE,1,other
288493071,1,2,1,FALSE,FALSE,TRUE,2,still_orphaned
288493289,2,2,1,TRUE,FALSE,FALSE,1,other
288493737,2,3,1,TRUE,FALSE,FALSE,2,other
288493746,1,0,1,FALSE,FALSE,TRUE,0,still_orphaned
288493749,3,1,2,FALSE,FALSE,FALSE,0,still_orphaned
288493793,3,2,2,FALSE,TRUE,FALSE,1,completed
288493889,1,2,1,FALSE,FALSE,TRUE,2,still_orphaned
288494030,5,5,3,FALSE,FALSE,FALSE,3,still_orphaned
288494381,2,2,1,TRUE,FALSE,FALSE,1,other
288494426,5,3,3,FALSE,TRUE,FALSE,1,completed
288494477,2,2,1,TRUE,FALSE,FALSE,1,other
288494541,5,7,3,FALSE,FALSE,FALSE,5,still_orphaned
288494921,3,1,2,FALSE,FALSE,FALSE,0,still_orphaned
288495072,5,7,3,FALSE,FALSE,FALSE,5,still_orphaned
288495246,10,8,5,TRUE,FALSE,FALSE,3,other
288495314,1,3,1,FALSE,FALSE,TRUE,3,still_orphaned
288495326,3,4,2,FALSE,FALSE,FALSE,3,still_orphaned
288495403,3,4,2,FALSE,FALSE,FALSE,3,still_orphaned
288495484,5,4,3,FALSE,FALSE,FALSE,2,still_orphaned
288495721,3,2,2,FALSE,TRUE,FALSE,1,completed
288496245,1,2,1,FALSE,FALSE,TRUE,2,still_orphaned
288496291,1,2,1,FALSE,FALSE,TRUE,2,still_orphaned
288496402,4,5,2,TRUE,FALSE,FALSE,3,other
288496537,3,2,2,FALSE,TRUE,FALSE,1,completed
288496690,4,2,2,TRUE,TRUE,FALSE,0,already_paired
288496717,4,3,2,TRUE,FALSE,FALSE,1,other
288497110,2,1,1,TRUE,TRUE,FALSE,0,already_paired
288497172,2,1,1,TRUE,TRUE,FALSE,0,already_paired
288497176,4,5,2,TRUE,FALSE,FALSE,3,other
288497704,2,1,1,TRUE,TRUE,FALSE,0,already_paired
288497887,2,1,1,TRUE,TRUE,FALSE,0,already_paired
288498030,7,6,4,FALSE,FALSE,FALSE,3,still_orphaned
288498031,3,3,2,FALSE,FALSE,FALSE,2,still_orphaned
288498042,4,4,2,TRUE,FALSE,FALSE,2,other
288498068,2,2,1,TRUE,FALSE,FALSE,1,other
288498570,5,5,3,FALSE,FALSE,FALSE,3,still_orphaned
288498643,2,2,1,TRUE,FALSE,FALSE,1,other
288499122,2,2,1,TRUE,FALSE,FALSE,1,other
288499209,3,4,2,FALSE,FALSE,FALSE,3,still_orphaned
288499287,6,6,3,TRUE,FALSE,FALSE,3,other
288499308,6,5,3,TRUE,FALSE,FALSE,2,other
288499873,6,6,3,TRUE,FALSE,FALSE,3,other
288500206,5,5,3,FALSE,FALSE,FALSE,3,still_orphaned
288500308,2,2,1,TRUE,FALSE,FALSE,1,other
288500408,3,2,2,FALSE,TRUE,FALSE,1,completed
288500418,3,2,2,FALSE,TRUE,FALSE,1,completed
288500597,4,5,2,TRUE,FALSE,FALSE,3,other
288500806,4,3,2,TRUE,FALSE,FALSE,1,other
288500812,2,2,1,TRUE,FALSE,FALSE,1,other
288501063,6,6,3,TRUE,FALSE,FALSE,3,other
288501108,1,3,1,FALSE,FALSE,TRUE,3,still_orphaned
288501131,4,3,2,TRUE,FALSE,FALSE,1,other
288501173,2,1,1,TRUE,TRUE,FALSE,0,already_paired
288501395,3,3,2,FALSE,FALSE,FALSE,2,still_orphaned
288501396,4,5,2,TRUE,FALSE,FALSE,3,other
288501688,4,5,2,TRUE,FALSE,FALSE,3,other
288502148,5,4,3,FALSE,FALSE,FALSE,2,still_orphaned
288502281,8,7,4,TRUE,FALSE,FALSE,3,other
288502343,3,3,2,FALSE,FALSE,FALSE,2,still_orphaned
288502739,1,2,1,FALSE,FALSE,TRUE,2,still_orphaned
288502866,4,4,2,TRUE,FALSE,FALSE,2,other
288502888,7,6,4,FALSE,FALSE,FALSE,3,still_orphaned
288503328,3,3,2,FALSE,FALSE,FALSE,2,still_orphaned
288503950,3,3,2,FALSE,FALSE,FALSE,2,still_orphaned
288504098,3,5,2,FALSE,FALSE,FALSE,4,still_orphaned
288504305,2,2,1,TRUE,FALSE,FALSE,1,other
288504466,3,5,2,FALSE,FALSE,FALSE,4,still_orphaned
288504594,1,2,1,FALSE,FALSE,TRUE,2,still_orphaned
288505186,3,4,2,FALSE,FALSE,FALSE,3,still_orphaned
288505413,1,2,1,FALSE,FALSE,TRUE,2,still_orphaned
288505475,2,2,1,TRUE,FALSE,FALSE,1,other
288505588,6,6,3,TRUE,FALSE,FALSE,3,other
288505648,2,2,1,TRUE,FALSE,FALSE,1,other
288505665,6,5,3,TRUE,FALSE,FALSE,2,other
288505698,3,1,2,FALSE,FALSE,FALSE,0,still_orphaned
288505777,7,5,4,FALSE,FALSE,FALSE,2,still_orphaned
288506096,2,3,1,TRUE,FALSE,FALSE,2,other
288506176,2,2,1,TRUE,FALSE,FALSE,1,other
288506230,4,6,2,TRUE,FALSE,FALSE,4,other
288506529,5,2,3,FALSE,FALSE,FALSE,0,still_orphaned
288506580,4,3,2,TRUE,FALSE,FALSE,1,other
288506588,5,2,3,FALSE,FALSE,FALSE,0,still_orphaned
288507479,1,3,1,FALSE,FALSE,TRUE,3,still_orphaned
288507654,7,6,4,FALSE,FALSE,FALSE,3,still_orphaned
288507852,4,4,2,TRUE,FALSE,FALSE,2,other
288507874,4,4,2,TRUE,FALSE,FALSE,2,other
288507930,1,2,1,FALSE,FALSE,TRUE,2,still_orphaned
288507980,2,4,1,TRUE,FALSE,FALSE,3,other
288508200,3,3,2,FALSE,FALSE,FALSE,2,still_orphaned
288508343,3,3,2,FALSE,FALSE,FALSE,2,still_orphaned
288508377,2,3,1,TRUE,FALSE,FALSE,2,other
288508865,3,4,2,FALSE,FALSE,FALSE,3,still_orphaned
288509073,2,1,1,TRUE,TRUE,FALSE,0,already_paired
288509116,4,5,2,TRUE,FALSE,FALSE,3,other
288509344,3,5,2,FALSE,FALSE,FALSE,4,still_orphaned
288509461,2,2,1,TRUE,FALSE,FALSE,1,other
288509543,1,0,1,FALSE,FALSE,TRUE,0,still_orphaned
288509635,6,4,3,TRUE,FALSE,FALSE,1,other
288509665,1,0,1,FALSE,FALSE,TRUE,0,still_orphaned
288509692,1,0,1,FALSE,FALSE,TRUE,0,still_orphaned
288510396,5,4,3,FALSE,FALSE,FALSE,2,still_orphaned
288510526,1,0,1,FALSE,FALSE,TRUE,0,still_orphaned
288510545,4,4,2,TRUE,FALSE,FALSE,2,other
288510630,1,3,1,FALSE,FALSE,TRUE,3,still_orphaned
288510856,5,3,3,FALSE,TRUE,FALSE,1,completed
288510861,2,2,1,TRUE,FALSE,FALSE,1,other
288511285,5,4,3,FALSE,FALSE,FALSE,2,still_orphaned
288511460,2,1,1,TRUE,TRUE,FALSE,0,already_paired
288511477,2,2,1,TRUE,FALSE,FALSE,1,other
288511513,2,3,1,TRUE,FALSE,FALSE,2,other
288511566,6,6,3,TRUE,FALSE,FALSE,3,other
288511591,1,0,1,FALSE,FALSE,TRUE,0,still_orphaned
288511864,3,2,2,FALSE,TRUE,FALSE,1,completed
288512032,4,4,2,TRUE,FALSE,FALSE,2,other
288512434,2,3,1,TRUE,FALSE,FALSE,2,other
288512603,1,4,1,FALSE,FALSE,TRUE,4,still_orphaned
288512877,2,2,1,TRUE,FALSE,FALSE,1,other
288513356,4,5,2,TRUE,FALSE,FALSE,3,other
288513361,7,7,4,FALSE,FALSE,FALSE,4,still_orphaned
288513549,1,2,1,FALSE,FALSE,TRUE,2,still_orphaned
288513645,6,7,3,TRUE,FALSE,FALSE,4,other
288513660,1,0,1,FALSE,FALSE,TRUE,0,still_orphaned
288513751,5,6,3,FALSE,FALSE,FALSE,4,still_orphaned
288513945,4,4,2,TRUE,FALSE,FALSE,2,other
288513957,3,5,2,FALSE,FALSE,FALSE,4,still_orphaned
288514189,4,5,2,TRUE,FALSE,FALSE,3,other
288514429,2,2,1,TRUE,FALSE,FALSE,1,other
288514729,5,3,3,FALSE,TRUE,FALSE,1,completed
288514735,5,4,3,FALSE,FALSE,FALSE,2,still_orphaned
288514849,3,2,2,FALSE,TRUE,FALSE,1,completed
288514865,4,4,2,TRUE,FALSE,FALSE,2,other
288514995,1,0,1,FALSE,FALSE,TRUE,0,still_orphaned
288515833,2,4,1,TRUE,FALSE,FALSE,3,other
288515941,2,2,1,TRUE,FALSE,FALSE,1,other
288515949,4,3,2,TRUE,FALSE,FALSE,1,other
288516069,2,2,1,TRUE,FALSE,FALSE,1,other
288516347,2,2,1,TRUE,FALSE,FALSE,1,other
288516414,4,5,2,TRUE,FALSE,FALSE,3,other
288516549,3,2,2,FALSE,TRUE,FALSE,1,completed
288516909,2,2,1,TRUE,FALSE,FALSE,1,other
288516957,3,1,2,FALSE,FALSE,FALSE,0,still_orphaned
288517358,5,4,3,FALSE,FALSE,FALSE,2,still_orphaned
288517378,1,3,1,FALSE,FALSE,TRUE,3,still_orphaned
288517468,2,1,1,TRUE,TRUE,FALSE,0,already_paired
288517675,2,2,1,TRUE,FALSE,FALSE,1,other
288517722,5,5,3,FALSE,FALSE,FALSE,3,still_orphaned
288517772,2,1,1,TRUE,TRUE,FALSE,0,already_paired
288518414,2,2,1,TRUE,FALSE,FALSE,1,other
288518485,1,2,1,FALSE,FALSE,TRUE,2,still_orphaned
288518502,1,0,1,FALSE,FALSE,TRUE,0,still_orphaned
288518574,4,4,2,TRUE,FALSE,FALSE,2,other
288518801,1,2,1,FALSE,FALSE,TRUE,2,still_orphaned
288519223,3,2,2,FALSE,TRUE,FALSE,1,completed
288523102,4,4,2,TRUE,FALSE,FALSE,2,other
288523129,1,2,1,FALSE,FALSE,TRUE,2,still_orphaned
288523223,2,2,1,TRUE,FALSE,FALSE,1,other
288523922,2,3,1,TRUE,FALSE,FALSE,2,other
288524007,2,2,1,TRUE,FALSE,FALSE,1,other
288524017,1,2,1,FALSE,FALSE,TRUE,2,still_orphaned
288524272,3,3,2,FALSE,FALSE,FALSE,2,still_orphaned
288524363,3,4,2,FALSE,FALSE,FALSE,3,still_orphaned
288524434,3,5,2,FALSE,FALSE,FALSE,4,still_orphaned
288524437,4,3,2,TRUE,FALSE,FALSE,1,other
288524816,4,4,2,TRUE,FALSE,FALSE,2,other
288525049,1,0,1,FALSE,FALSE,TRUE,0,still_orphaned
288525083,2,2,1,TRUE,FALSE,FALSE,1,other
288525414,1,2,1,FALSE,FALSE,TRUE,2,still_orphaned
288525439,1,3,1,FALSE,FALSE,TRUE,3,still_orphaned
288525443,3,2,2,FALSE,TRUE,FALSE,1,completed
288525518,4,5,2,TRUE,FALSE,FALSE,3,other
288525619,2,4,1,TRUE,FALSE,FALSE,3,other
288525748,2,1,1,TRUE,TRUE,FALSE,0,already_paired
288525818,4,5,2,TRUE,FALSE,FALSE,3,other
288525840,3,4,2,FALSE,FALSE,FALSE,3,still_orphaned
288525990,2,2,1,TRUE,FALSE,FALSE,1,other
288526009,1,3,1,FALSE,FALSE,TRUE,3,still_orphaned
288526037,2,3,1,TRUE,FALSE,FALSE,2,other
288526107,4,2,2,TRUE,TRUE,FALSE,0,already_paired
288526108,1,2,1,FALSE,FALSE,TRUE,2,still_orphaned
288526241,7,7,4,FALSE,FALSE,FALSE,4,still_orphaned
288526345,2,1,1,TRUE,TRUE,FALSE,0,already_paired
288526645,6,4,3,TRUE,FALSE,FALSE,1,other
288526724,2,2,1,TRUE,FALSE,FALSE,1,other
288526818,2,4,1,TRUE,FALSE,FALSE,3,other
288526952,5,3,3,FALSE,TRUE,FALSE,1,completed
288527131,4,5,2,TRUE,FALSE,FALSE,3,other
288527313,1,0,1,FALSE,FALSE,TRUE,0,still_orphaned
288527319,2,1,1,TRUE,TRUE,FALSE,0,already_paired
288527525,4,5,2,TRUE,FALSE,FALSE,3,other
288527631,1,0,1,FALSE,FALSE,TRUE,0,still_orphaned
288527679,2,1,1,TRUE,TRUE,FALSE,0,already_paired
288527727,1,0,1,FALSE,FALSE,TRUE,0,still_orphaned
288527915,1,1,1,FALSE,TRUE,TRUE,1,completed
288528117,2,2,1,TRUE,FALSE,FALSE,1,other
288528298,6,5,3,TRUE,FALSE,FALSE,2,other
288528397,4,5,2,TRUE,FALSE,FALSE,3,other
288528651,4,4,2,TRUE,FALSE,FALSE,2,other
288528721,3,2,2,FALSE,TRUE,FALSE,1,completed
288529025,1,0,1,FALSE,FALSE,TRUE,0,still_orphaned
288529089,2,1,1,TRUE,TRUE,FALSE,0,already_paired
288529274,2,2,1,TRUE,FALSE,FALSE,1,other
288529524,4,4,2,TRUE,FALSE,FALSE,2,other
288529610,3,1,2,FALSE,FALSE,FALSE,0,still_orphaned
288529731,8,8,4,TRUE,FALSE,FALSE,4,other
288530049,2,1,1,TRUE,TRUE,FALSE,0,already_paired
288530063,4,3,2,TRUE,FALSE,FALSE,1,other
288530071,2,3,1,TRUE,FALSE,FALSE,2,other
288530112,1,0,1,FALSE,FALSE,TRUE,0,still_orphaned
288530268,3,2,2,FALSE,TRUE,FALSE,1,completed
288530304,1,3,1,FALSE,FALSE,TRUE,3,still_orphaned
288530502,3,3,2,FALSE,FALSE,FALSE,2,still_orphaned
288530719,5,4,3,FALSE,FALSE,FALSE,2,still_orphaned
288530813,2,2,1,TRUE,FALSE,FALSE,1,other
288530829,3,3,2,FALSE,FALSE,FALSE,2,still_orphaned
288530920,1,2,1,FALSE,FALSE,TRUE,2,still_orphaned
288531045,1,2,1,FALSE,FALSE,TRUE,2,still_orphaned
288531216,1,2,1,FALSE,FALSE,TRUE,2,still_orphaned
288531515,4,3,2,TRUE,FALSE,FALSE,1,other
288531621,4,4,2,TRUE,FALSE,FALSE,2,other
288531704,2,3,1,TRUE,FALSE,FALSE,2,other
288531908,4,4,2,TRUE,FALSE,FALSE,2,other
288531988,2,1,1,TRUE,TRUE,FALSE,0,already_paired
288532106,1,0,1,FALSE,FALSE,TRUE,0,still_orphaned
288532445,8,8,4,TRUE,FALSE,FALSE,4,other
288532805,2,3,1,TRUE,FALSE,FALSE,2,other
288533232,3,4,2,FALSE,FALSE,FALSE,3,still_orphaned
288533374,3,2,2,FALSE,TRUE,FALSE,1,completed
288533413,3,3,2,FALSE,FALSE,FALSE,2,still_orphaned
288533603,4,3,2,TRUE,FALSE,FALSE,1,other
288534042,2,1,1,TRUE,TRUE,FALSE,0,already_paired
288534097,2,1,1,TRUE,TRUE,FALSE,0,already_paired
288534158,4,2,2,TRUE,TRUE,FALSE,0,already_paired
288534171,3,2,2,FALSE,TRUE,FALSE,1,completed
288535223,5,5,3,FALSE,FALSE,FALSE,3,still_orphaned
288535326,1,2,1,FALSE,FALSE,TRUE,2,still_orphaned
288535333,3,4,2,FALSE,FALSE,FALSE,3,still_orphaned
288535428,2,2,1,TRUE,FALSE,FALSE,1,other
288536149,3,2,2,FALSE,TRUE,FALSE,1,completed
288536168,2,3,1,TRUE,FALSE,FALSE,2,other
288536396,5,5,3,FALSE,FALSE,FALSE,3,still_orphaned
288536409,3,3,2,FALSE,FALSE,FALSE,2,still_orphaned
288536439,6,6,3,TRUE,FALSE,FALSE,3,other
288536514,2,2,1,TRUE,FALSE,FALSE,1,other
288536689,6,6,3,TRUE,FALSE,FALSE,3,other
288536714,1,0,1,FALSE,FALSE,TRUE,0,still_orphaned
288536863,3,4,2,FALSE,FALSE,FALSE,3,still_orphaned
288536902,1,0,1,FALSE,FALSE,TRUE,0,still_orphaned
288536909,4,5,2,TRUE,FALSE,FALSE,3,other
288537105,2,1,1,TRUE,TRUE,FALSE,0,already_paired
288537160,2,1,1,TRUE,TRUE,FALSE,0,already_paired
288537327,8,7,4,TRUE,FALSE,FALSE,3,other
288537371,3,5,2,FALSE,FALSE,FALSE,4,still_orphaned
288537488,2,3,1,TRUE,FALSE,FALSE,2,other
288537493,3,3,2,FALSE,FALSE,FALSE,2,still_orphaned
288537521,5,4,3,FALSE,FALSE,FALSE,2,still_orphaned
288537586,2,2,1,TRUE,FALSE,FALSE,1,other
288537798,3,2,2,FALSE,TRUE,FALSE,1,completed
288538099,1,3,1,FALSE,FALSE,TRUE,3,still_orphaned
288538230,3,2,2,FALSE,TRUE,FALSE,1,completed
288538238,6,7,3,TRUE,FALSE,FALSE,4,other
288538407,3,4,2,FALSE,FALSE,FALSE,3,still_orphaned
288538642,3,5,2,FALSE,FALSE,FALSE,4,still_orphaned
288538657,3,3,2,FALSE,FALSE,FALSE,2,still_orphaned
288539011,1,4,1,FALSE,FALSE,TRUE,4,still_orphaned
288539323,2,2,1,TRUE,FALSE,FALSE,1,other
288539444,4,3,2,TRUE,FALSE,FALSE,1,other
288539548,4,4,2,TRUE,FALSE,FALSE,2,other
288539770,1,1,1,FALSE,TRUE,TRUE,1,completed
288539879,1,0,1,FALSE,FALSE,TRUE,0,still_orphaned
288539950,3,2,2,FALSE,TRUE,FALSE,1,completed
288540103,1,2,1,FALSE,FALSE,TRUE,2,still_orphaned
288540446,1,0,1,FALSE,FALSE,TRUE,0,still_orphaned
288540603,3,4,2,FALSE,FALSE,FALSE,3,still_orphaned
288540719,1,1,1,FALSE,TRUE,TRUE,1,completed
288540767,4,5,2,TRUE,FALSE,FALSE,3,other
288540996,4,3,2,TRUE,FALSE,FALSE,1,other
288541028,2,2,1,TRUE,FALSE,FALSE,1,other
288541092,2,2,1,TRUE,FALSE,FALSE,1,other
288541182,2,1,1,TRUE,TRUE,FALSE,0,already_paired
288541189,1,0,1,FALSE,FALSE,TRUE,0,still_orphaned
288541304,3,4,2,FALSE,FALSE,FALSE,3,still_orphaned
288541699,3,1,2,FALSE,FALSE,FALSE,0,still_orphaned
288542190,3,2,2,FALSE,TRUE,FALSE,1,completed
288542307,3,4,2,FALSE,FALSE,FALSE,3,still_orphaned
288542463,1,2,1,FALSE,FALSE,TRUE,2,still_orphaned
288542700,2,3,1,TRUE,FALSE,FALSE,2,other
288542763,1,4,1,FALSE,FALSE,TRUE,4,still_orphaned
288542971,2,2,1,TRUE,FALSE,FALSE,1,other
288543168,1,2,1,FALSE,FALSE,TRUE,2,still_orphaned
288543209,4,4,2,TRUE,FALSE,FALSE,2,other
288543264,4,4,2,TRUE,FALSE,FALSE,2,other
288543336,2,2,1,TRUE,FALSE,FALSE,1,other
288543975,2,3,1,TRUE,FALSE,FALSE,2,other
288544034,3,4,2,FALSE,FALSE,FALSE,3,still_orphaned
288544461,4,3,2,TRUE,FALSE,FALSE,1,other
288544472,2,3,1,TRUE,FALSE,FALSE,2,other
288544713,2,3,1,TRUE,FALSE,FALSE,2,other
288544803,1,2,1,FALSE,FALSE,TRUE,2,still_orphaned
288544818,2,3,1,TRUE,FALSE,FALSE,2,other
288545014,7,6,4,FALSE,FALSE,FALSE,3,still_orphaned
288545219,2,1,1,TRUE,TRUE,FALSE,0,already_paired
288545530,2,2,1,TRUE,FALSE,FALSE,1,other
288545557,1,1,1,FALSE,TRUE,TRUE,1,completed
288545788,3,3,2,FALSE,FALSE,FALSE,2,still_orphaned
288545963,5,3,3,FALSE,TRUE,FALSE,1,completed
288546088,3,4,2,FALSE,FALSE,FALSE,3,still_orphaned
288546109,4,4,2,TRUE,FALSE,FALSE,2,other
288546379,2,3,1,TRUE,FALSE,FALSE,2,other
288546791,1,0,1,FALSE,FALSE,TRUE,0,still_orphaned
288546813,3,2,2,FALSE,TRUE,FALSE,1,completed
288546962,2,2,1,TRUE,FALSE,FALSE,1,other
288547038,3,3,2,FALSE,FALSE,FALSE,2,still_orphaned
288547073,1,0,1,FALSE,FALSE,TRUE,0,still_orphaned
288547510,2,1,1,TRUE,TRUE,FALSE,0,already_paired
288547624,9,7,5,FALSE,FALSE,FALSE,3,still_orphaned
288547840,4,5,2,TRUE,FALSE,FALSE,3,other
288547910,3,2,2,FALSE,TRUE,FALSE,1,completed
288548208,4,3,2,TRUE,FALSE,FALSE,1,other
288548284,2,2,1,TRUE,FALSE,FALSE,1,other
288548351,1,2,1,FALSE,FALSE,TRUE,2,still_orphaned
288548400,1,0,1,FALSE,FALSE,TRUE,0,still_orphaned
288548407,2,1,1,TRUE,TRUE,FALSE,0,already_paired
288548483,2,2,1,TRUE,FALSE,FALSE,1,other
288548590,2,1,1,TRUE,TRUE,FALSE,0,already_paired
288548863,1,0,1,FALSE,FALSE,TRUE,0,still_orphaned
288549029,7,7,4,FALSE,FALSE,FALSE,4,still_orphaned
288549118,4,2,2,TRUE,TRUE,FALSE,0,already_paired
288549125,1,2,1,FALSE,FALSE,TRUE,2,still_orphaned
288549160,1,0,1,FALSE,FALSE,TRUE,0,still_orphaned
288549169,3,3,2,FALSE,FALSE,FALSE,2,still_orphaned
288549223,1,2,1,FALSE,FALSE,TRUE,2,still_orphaned
288549441,2,2,1,TRUE,FALSE,FALSE,1,other
288549477,6,4,3,TRUE,FALSE,FALSE,1,other
288549642,4,3,2,TRUE,FALSE,FALSE,1,other
288549643,1,0,1,FALSE,FALSE,TRUE,0,still_orphaned
288549872,1,2,1,FALSE,FALSE,TRUE,2,still_orphaned
288550007,2,4,1,TRUE,FALSE,FALSE,3,other
288550369,1,0,1,FALSE,FALSE,TRUE,0,still_orphaned
288550527,1,2,1,FALSE,FALSE,TRUE,2,still_orphaned
288550771,1,2,1,FALSE,FALSE,TRUE,2,still_orphaned
288550953,3,4,2,FALSE,FALSE,FALSE,3,still_orphaned
288551025,3,3,2,FALSE,FALSE,FALSE,2,still_orphaned
288551053,2,2,1,TRUE,FALSE,FALSE,1,other
288551101,7,7,4,FALSE,FALSE,FALSE,4,still_orphaned
288551211,3,1,2,FALSE,FALSE,FALSE,0,still_orphaned
288551247,2,1,1,TRUE,TRUE,FALSE,0,already_paired
288551328,1,2,1,FALSE,FALSE,TRUE,2,still_orphaned
288551688,6,6,3,TRUE,FALSE,FALSE,3,other
288551784,1,3,1,FALSE,FALSE,TRUE,3,still_orphaned
288551828,3,3,2,FALSE,FALSE,FALSE,2,still_orphaned
288552364,3,2,2,FALSE,TRUE,FALSE,1,completed
288557511,3,1,2,FALSE,FALSE,FALSE,0,still_orphaned
288557614,5,4,3,FALSE,FALSE,FALSE,2,still_orphaned
288557667,3,3,2,FALSE,FALSE,FALSE,2,still_orphaned
288558087,1,2,1,FALSE,FALSE,TRUE,2,still_orphaned
288558191,2,2,1,TRUE,FALSE,FALSE,1,other
288558710,3,2,2,FALSE,TRUE,FALSE,1,completed
288558737,3,3,2,FALSE,FALSE,FALSE,2,still_orphaned
288558989,1,0,1,FALSE,FALSE,TRUE,0,still_orphaned
288559146,2,4,1,TRUE,FALSE,FALSE,3,other
288559274,1,0,1,FALSE,FALSE,TRUE,0,still_orphaned
288559410,4,3,2,TRUE,FALSE,FALSE,1,other
288559509,1,3,1,FALSE,FALSE,TRUE,3,still_orphaned
288559634,4,3,2,TRUE,FALSE,FALSE,1,other
288559675,3,2,2,FALSE,TRUE,FALSE,1,completed
288559725,1,1,1,FALSE,TRUE,TRUE,1,completed
288559839,2,2,1,TRUE,FALSE,FALSE,1,other
288559893,3,2,2,FALSE,TRUE,FALSE,1,completed
288560006,2,3,1,TRUE,FALSE,FALSE,2,other
288560072,5,5,3,FALSE,FALSE,FALSE,3,still_orphaned
288560240,3,3,2,FALSE,FALSE,FALSE,2,still_orphaned
288560244,5,5,3,FALSE,FALSE,FALSE,3,still_orphaned
288560653,2,3,1,TRUE,FALSE,FALSE,2,other
288560752,2,2,1,TRUE,FALSE,FALSE,1,other
288560790,5,9,3,FALSE,FALSE,FALSE,7,still_orphaned
288560892,1,2,1,FALSE,FALSE,TRUE,2,still_orphaned
288560939,6,5,3,TRUE,FALSE,FALSE,2,other
288560942,2,2,1,TRUE,FALSE,FALSE,1,other
288560998,2,3,1,TRUE,FALSE,FALSE,2,other
288561282,2,2,1,TRUE,FALSE,FALSE,1,other
288561401,1,0,1,FALSE,FALSE,TRUE,0,still_orphaned
288561489,3,2,2,FALSE,TRUE,FALSE,1,completed
288561505,1,2,1,FALSE,FALSE,TRUE,2,still_orphaned
288561547,3,2,2,FALSE,TRUE,FALSE,1,completed
288561626,5,4,3,FALSE,FALSE,FALSE,2,still_orphaned
288561781,1,0,1,FALSE,FALSE,TRUE,0,still_orphaned
288561845,5,5,3,FALSE,FALSE,FALSE,3,still_orphaned
288562344,2,2,1,TRUE,FALSE,FALSE,1,other
288562561,2,1,1,TRUE,TRUE,FALSE,0,already_paired
288562568,4,3,2,TRUE,FALSE,FALSE,1,other
288562715,3,2,2,FALSE,TRUE,FALSE,1,completed
288562736,5,4,3,FALSE,FALSE,FALSE,2,still_orphaned
288562880,2,2,1,TRUE,FALSE,FALSE,1,other
288562884,1,2,1,FALSE,FALSE,TRUE,2,still_orphaned
288563189,1,0,1,FALSE,FALSE,TRUE,0,still_orphaned
288563444,3,3,2,FALSE,FALSE,FALSE,2,still_orphaned
288563539,1,0,1,FALSE,FALSE,TRUE,0,still_orphaned
288563614,4,4,2,TRUE,FALSE,FALSE,2,other
288563846,2,1,1,TRUE,TRUE,FALSE,0,already_paired
288564128,3,2,2,FALSE,TRUE,FALSE,1,completed
288564227,1,0,1,FALSE,FALSE,TRUE,0,still_orphaned
288564286,2,4,1,TRUE,FALSE,FALSE,3,other
288564487,4,4,2,TRUE,FALSE,FALSE,2,other
288564573,7,6,4,FALSE,FALSE,FALSE,3,still_orphaned
288564620,2,1,1,TRUE,TRUE,FALSE,0,already_paired
288564735,2,2,1,TRUE,FALSE,FALSE,1,other
288564831,4,4,2,TRUE,FALSE,FALSE,2,other
288564836,2,1,1,TRUE,TRUE,FALSE,0,already_paired
288565089,3,3,2,FALSE,FALSE,FALSE,2,still_orphaned
288565153,4,5,2,TRUE,FALSE,FALSE,3,other
288565209,4,5,2,TRUE,FALSE,FALSE,3,other
288565297,3,1,2,FALSE,FALSE,FALSE,0,still_orphaned
288565451,2,1,1,TRUE,TRUE,FALSE,0,already_paired
288565519,4,4,2,TRUE,FALSE,FALSE,2,other
288565557,7,5,4,FALSE,FALSE,FALSE,2,still_orphaned
288565562,3,5,2,FALSE,FALSE,FALSE,4,still_orphaned
288565809,2,1,1,TRUE,TRUE,FALSE,0,already_paired
288566424,1,2,1,FALSE,FALSE,TRUE,2,still_orphaned
288566483,2,3,1,TRUE,FALSE,FALSE,2,other
288566525,2,1,1,TRUE,TRUE,FALSE,0,already_paired
288566760,4,4,2,TRUE,FALSE,FALSE,2,other
288566902,3,4,2,FALSE,FALSE,FALSE,3,still_orphaned
288567523,1,0,1,FALSE,FALSE,TRUE,0,still_orphaned
288567592,2,3,1,TRUE,FALSE,FALSE,2,other
288567601,5,5,3,FALSE,FALSE,FALSE,3,still_orphaned
288567849,2,1,1,TRUE,TRUE,FALSE,0,already_paired
288568094,2,1,1,TRUE,TRUE,FALSE,0,already_paired
288568556,4,4,2,TRUE,FALSE,FALSE,2,other
288568700,4,3,2,TRUE,FALSE,FALSE,1,other
288568738,2,2,1,TRUE,FALSE,FALSE,1,other
288568846,4,5,2,TRUE,FALSE,FALSE,3,other
288569158,1,2,1,FALSE,FALSE,TRUE,2,still_orphaned
288569243,1,0,1,FALSE,FALSE,TRUE,0,still_orphaned
288569315,4,4,2,TRUE,FALSE,FALSE,2,other
288569695,2,3,1,TRUE,FALSE,FALSE,2,other
288570389,1,1,1,FALSE,TRUE,TRUE,1,completed
288570431,1,0,1,FALSE,FALSE,TRUE,0,still_orphaned
288570447,3,4,2,FALSE,FALSE,FALSE,3,still_orphaned
288570640,8,6,4,TRUE,FALSE,FALSE,2,other
288570675,2,3,1,TRUE,FALSE,FALSE,2,other
288570676,3,3,2,FALSE,FALSE,FALSE,2,still_orphaned
288570949,3,3,2,FALSE,FALSE,FALSE,2,still_orphaned
288571039,2,3,1,TRUE,FALSE,FALSE,2,other
288571091,5,3,3,FALSE,TRUE,FALSE,1,completed
288571150,4,3,2,TRUE,FALSE,FALSE,1,other
288571302,1,3,1,FALSE,FALSE,TRUE,3,still_orphaned
288571433,2,3,1,TRUE,FALSE,FALSE,2,other
288571609,1,2,1,FALSE,FALSE,TRUE,2,still_orphaned
288571680,6,5,3,TRUE,FALSE,FALSE,2,other
288571820,3,2,2,FALSE,TRUE,FALSE,1,completed
288571987,1,0,1,FALSE,FALSE,TRUE,0,still_orphaned
288572380,2,1,1,TRUE,TRUE,FALSE,0,already_paired
288572423,7,6,4,FALSE,FALSE,FALSE,3,still_orphaned
288572838,4,3,2,TRUE,FALSE,FALSE,1,other
288573206,3,5,2,FALSE,FALSE,FALSE,4,still_orphaned
288573398,2,2,1,TRUE,FALSE,FALSE,1,other
288573614,5,4,3,FALSE,FALSE,FALSE,2,still_orphaned
288573620,4,4,2,TRUE,FALSE,FALSE,2,other
288573625,4,3,2,TRUE,FALSE,FALSE,1,other
288573633,1,0,1,FALSE,FALSE,TRUE,0,still_orphaned
288573691,6,4,3,TRUE,FALSE,FALSE,1,other
288574070,2,2,1,TRUE,FALSE,FALSE,1,other
288574282,6,8,3,TRUE,FALSE,FALSE,5,other
288574343,6,7,3,TRUE,FALSE,FALSE,4,other
288574491,2,2,1,TRUE,FALSE,FALSE,1,other
288574775,7,5,4,FALSE,FALSE,FALSE,2,still_orphaned
288574922,4,4,2,TRUE,FALSE,FALSE,2,other
288574954,2,2,1,TRUE,FALSE,FALSE,1,other
288575438,2,2,1,TRUE,FALSE,FALSE,1,other
288575644,5,3,3,FALSE,TRUE,FALSE,1,completed
288575702,3,4,2,FALSE,FALSE,FALSE,3,still_orphaned
288575733,1,0,1,FALSE,FALSE,TRUE,0,still_orphaned
288576230,2,2,1,TRUE,FALSE,FALSE,1,other
288576275,4,3,2,TRUE,FALSE,FALSE,1,other
288576399,7,7,4,FALSE,FALSE,FALSE,4,still_orphaned
288576444,5,2,3,FALSE,FALSE,FALSE,0,still_orphaned
288576773,4,4,2,TRUE,FALSE,FALSE,2,other
288576861,2,2,1,TRUE,FALSE,FALSE,1,other
288576953,3,4,2,FALSE,FALSE,FALSE,3,still_orphaned
288577049,2,3,1,TRUE,FALSE,FALSE,2,other
288577269,1,1,1,FALSE,TRUE,TRUE,1,completed
288577297,1,2,1,FALSE,FALSE,TRUE,2,still_orphaned
288577616,1,2,1,FALSE,FALSE,TRUE,2,still_orphaned
288577621,2,3,1,TRUE,FALSE,FALSE,2,other
288577701,3,6,2,FALSE,FALSE,FALSE,5,still_orphaned
288577945,1,2,1,FALSE,FALSE,TRUE,2,still_orphaned
288577977,3,5,2,FALSE,FALSE,FALSE,4,still_orphaned
288578064,6,7,3,TRUE,FALSE,FALSE,4,other
288578384,2,2,1,TRUE,FALSE,FALSE,1,other
288578595,4,3,2,TRUE,FALSE,FALSE,1,other
288578713,1,0,1,FALSE,FALSE,TRUE,0,still_orphaned
288579102,3,3,2,FALSE,FALSE,FALSE,2,still_orphaned
288579182,3,3,2,FALSE,FALSE,FALSE,2,still_orphaned
288579234,6,5,3,TRUE,FALSE,FALSE,2,other
288579265,2,1,1,TRUE,TRUE,FALSE,0,already_paired
288579445,3,4,2,FALSE,FALSE,FALSE,3,still_orphaned
288579473,2,2,1,TRUE,FALSE,FALSE,1,other
288579785,1,0,1,FALSE,FALSE,TRUE,0,still_orphaned
288579796,7,6,4,FALSE,FALSE,FALSE,3,still_orphaned
288580003,3,5,2,FALSE,FALSE,FALSE,4,still_orphaned
288580147,2,2,1,TRUE,FALSE,FALSE,1,other
288580206,3,3,2,FALSE,FALSE,FALSE,2,still_orphaned
288580237,2,4,1,TRUE,FALSE,FALSE,3,other
288580366,1,0,1,FALSE,FALSE,TRUE,0,still_orphaned
288580450,3,4,2,FALSE,FALSE,FALSE,3,still_orphaned
288580520,2,4,1,TRUE,FALSE,FALSE,3,other
288580586,2,1,1,TRUE,TRUE,FALSE,0,already_paired
288580633,2,1,1,TRUE,TRUE,FALSE,0,already_paired
288580671,2,2,1,TRUE,FALSE,FALSE,1,other
288580935,3,3,2,FALSE,FALSE,FALSE,2,still_orphaned
288581029,2,3,1,TRUE,FALSE,FALSE,2,other
288581098,4,3,2,TRUE,FALSE,FALSE,1,other
288581130,2,1,1,TRUE,TRUE,FALSE,0,already_paired
288581264,1,0,1,FALSE,FALSE,TRUE,0,still_orphaned
288581305,1,1,1,FALSE,TRUE,TRUE,1,completed
288581346,3,5,2,FALSE,FALSE,FALSE,4,still_orphaned
288581483,7,4,4,FALSE,TRUE,FALSE,1,completed
288581587,2,3,1,TRUE,FALSE,FALSE,2,other
288581814,7,7,4,FALSE,FALSE,FALSE,4,still_orphaned
288581818,4,3,2,TRUE,FALSE,FALSE,1,other
288581892,6,3,3,TRUE,TRUE,FALSE,0,already_paired
288581902,2,2,1,TRUE,FALSE,FALSE,1,other
288581962,7,6,4,FALSE,FALSE,FALSE,3,still_orphaned
288582183,4,6,2,TRUE,FALSE,FALSE,4,other
288582306,2,1,1,TRUE,TRUE,FALSE,0,already_paired
288582332,3,4,2,FALSE,FALSE,FALSE,3,still_orphaned
288582357,3,3,2,FALSE,FALSE,FALSE,2,still_orphaned
288582739,6,6,3,TRUE,FALSE,FALSE,3,other
288582747,1,3,1,FALSE,FALSE,TRUE,3,still_orphaned
288582860,1,3,1,FALSE,FALSE,TRUE,3,still_orphaned
288583155,8,6,4,TRUE,FALSE,FALSE,2,other
288583335,3,2,2,FALSE,TRUE,FALSE,1,completed
288583341,1,0,1,FALSE,FALSE,TRUE,0,still_orphaned
288583355,2,2,1,TRUE,FALSE,FALSE,1,other
288583948,3,5,2,FALSE,FALSE,FALSE,4,still_orphaned
288584044,2,1,1,TRUE,TRUE,FALSE,0,already_paired
288584083,2,3,1,TRUE,FALSE,FALSE,2,other
288584175,3,2,2,FALSE,TRUE,FALSE,1,completed
288584267,3,2,2,FALSE,TRUE,FALSE,1,completed
288584515,3,3,2,FALSE,FALSE,FALSE,2,still_orphaned
288584637,4,3,2,TRUE,FALSE,FALSE,1,other
288584694,3,2,2,FALSE,TRUE,FALSE,1,completed
288585001,2,3,1,TRUE,FALSE,FALSE,2,other
288585126,4,4,2,TRUE,FALSE,FALSE,2,other
288585211,3,5,2,FALSE,FALSE,FALSE,4,still_orphaned
288585362,2,1,1,TRUE,TRUE,FALSE,0,already_paired
288585500,3,2,2,FALSE,TRUE,FALSE,1,completed
288585531,4,3,2,TRUE,FALSE,FALSE,1,other
288585707,4,6,2,TRUE,FALSE,FALSE,4,other
288585735,3,4,2,FALSE,FALSE,FALSE,3,still_orphaned
288585913,1,4,1,FALSE,FALSE,TRUE,4,still_orphaned
288586077,2,1,1,TRUE,TRUE,FALSE,0,already_paired
288586292,2,2,1,TRUE,FALSE,FALSE,1,other
288586414,2,3,1,TRUE,FALSE,FALSE,2,other
288586477,3,1,2,FALSE,FALSE,FALSE,0,still_orphaned
288586530,3,1,2,FALSE,FALSE,FALSE,0,still_orphaned
288586549,1,3,1,FALSE,FALSE,TRUE,3,still_orphaned
288586701,1,1,1,FALSE,TRUE,TRUE,1,completed
288586748,2,2,1,TRUE,FALSE,FALSE,1,other
288586818,4,5,2,TRUE,FALSE,FALSE,3,other
288586888,1,2,1,FALSE,FALSE,TRUE,2,still_orphaned
288587130,4,4,2,TRUE,FALSE,FALSE,2,other
288592404,4,4,2,TRUE,FALSE,FALSE,2,other
288592541,1,2,1,FALSE,FALSE,TRUE,2,still_orphaned
288592661,1,0,1,FALSE,FALSE,TRUE,0,still_orphaned
288592874,5,2,3,FALSE,FALSE,FALSE,0,still_orphaned
288593394,2,2,1,TRUE,FALSE,FALSE,1,other
288593724,2,3,1,TRUE,FALSE,FALSE,2,other
288593742,2,1,1,TRUE,TRUE,FALSE,0,already_paired
288593875,2,2,1,TRUE,FALSE,FALSE,1,other
288594086,2,2,1,TRUE,FALSE,FALSE,1,other
288594106,5,3,3,FALSE,TRUE,FALSE,1,completed
288594321,4,3,2,TRUE,FALSE,FALSE,1,other
288594378,2,3,1,TRUE,FALSE,FALSE,2,other
288594410,5,4,3,FALSE,FALSE,FALSE,2,still_orphaned
288594550,4,4,2,TRUE,FALSE,FALSE,2,other
288594649,2,2,1,TRUE,FALSE,FALSE,1,other
288594910,3,2,2,FALSE,TRUE,FALSE,1,completed
288594953,2,1,1,TRUE,TRUE,FALSE,0,already_paired
288594992,3,2,2,FALSE,TRUE,FALSE,1,completed
288595037,2,3,1,TRUE,FALSE,FALSE,2,other
288595133,1,2,1,FALSE,FALSE,TRUE,2,still_orphaned
288595297,4,3,2,TRUE,FALSE,FALSE,1,other
288595398,2,1,1,TRUE,TRUE,FALSE,0,already_paired
288595559,3,2,2,FALSE,TRUE,FALSE,1,completed
288595583,2,2,1,TRUE,FALSE,FALSE,1,other
288595601,5,5,3,FALSE,FALSE,FALSE,3,still_orphaned
288595741,2,1,1,TRUE,TRUE,FALSE,0,already_paired
288595852,4,3,2,TRUE,FALSE,FALSE,1,other
288596231,4,5,2,TRUE,FALSE,FALSE,3,other
288596245,3,2,2,FALSE,TRUE,FALSE,1,completed
288596263,4,3,2,TRUE,FALSE,FALSE,1,other
288596336,2,1,1,TRUE,TRUE,FALSE,0,already_paired
288596369,2,2,1,TRUE,FALSE,FALSE,1,other
288596650,2,2,1,TRUE,FALSE,FALSE,1,other
288596753,3,3,2,FALSE,FALSE,FALSE,2,still_orphaned
288596804,1,2,1,FALSE,FALSE,TRUE,2,still_orphaned
288596842,2,3,1,TRUE,FALSE,FALSE,2,other
288596915,2,2,1,TRUE,FALSE,FALSE,1,other
288597164,4,4,2,TRUE,FALSE,FALSE,2,other
288597342,2,2,1,TRUE,FALSE,FALSE,1,other
288597360,2,2,1,TRUE,FALSE,FALSE,1,other
288597801,6,5,3,TRUE,FALSE,FALSE,2,other
288597992,4,3,2,TRUE,FALSE,FALSE,1,other
288598293,4,3,2,TRUE,FALSE,FALSE,1,other
288598311,1,0,1,FALSE,FALSE,TRUE,0,still_orphaned
288598329,2,2,1,TRUE,FALSE,FALSE,1,other
288598510,4,4,2,TRUE,FALSE,FALSE,2,other
288598771,2,2,1,TRUE,FALSE,FALSE,1,other
288598930,1,1,1,FALSE,TRUE,TRUE,1,completed
288599139,1,0,1,FALSE,FALSE,TRUE,0,still_orphaned
288599219,6,5,3,TRUE,FALSE,FALSE,2,other
288599421,2,3,1,TRUE,FALSE,FALSE,2,other
288599480,4,3,2,TRUE,FALSE,FALSE,1,other
288599795,4,5,2,TRUE,FALSE,FALSE,3,other
288599841,2,2,1,TRUE,FALSE,FALSE,1,other
288599899,3,2,2,FALSE,TRUE,FALSE,1,completed
288599977,4,4,2,TRUE,FALSE,FALSE,2,other
288600349,2,2,1,TRUE,FALSE,FALSE,1,other
288600381,2,1,1,TRUE,TRUE,FALSE,0,already_paired
288600414,7,5,4,FALSE,FALSE,FALSE,2,still_orphaned
288600605,5,5,3,FALSE,FALSE,FALSE,3,still_orphaned
288600850,4,6,2,TRUE,FALSE,FALSE,4,other
288600937,3,3,2,FALSE,FALSE,FALSE,2,still_orphaned
288600982,1,0,1,FALSE,FALSE,TRUE,0,still_orphaned
288601138,3,2,2,FALSE,TRUE,FALSE,1,completed
288601151,1,0,1,FALSE,FALSE,TRUE,0,still_orphaned
288601306,2,1,1,TRUE,TRUE,FALSE,0,already_paired
288601476,6,5,3,TRUE,FALSE,FALSE,2,other
288601498,4,4,2,TRUE,FALSE,FALSE,2,other
288601651,1,2,1,FALSE,FALSE,TRUE,2,still_orphaned
288601661,2,1,1,TRUE,TRUE,FALSE,0,already_paired
288602341,5,5,3,FALSE,FALSE,FALSE,3,still_orphaned
288602492,1,2,1,FALSE,FALSE,TRUE,2,still_orphaned
288602594,3,2,2,FALSE,TRUE,FALSE,1,completed
288602605,4,4,2,TRUE,FALSE,FALSE,2,other
288602845,4,3,2,TRUE,FALSE,FALSE,1,other
288602962,2,3,1,TRUE,FALSE,FALSE,2,other
288603177,1,2,1,FALSE,FALSE,TRUE,2,still_orphaned
288603524,2,2,1,TRUE,FALSE,FALSE,1,other
288603559,3,5,2,FALSE,FALSE,FALSE,4,still_orphaned
288603671,1,2,1,FALSE,FALSE,TRUE,2,still_orphaned
288603880,2,1,1,TRUE,TRUE,FALSE,0,already_paired
288603927,2,2,1,TRUE,FALSE,FALSE,1,other
288604195,4,4,2,TRUE,FALSE,FALSE,2,other
288604554,2,2,1,TRUE,FALSE,FALSE,1,other
288604649,2,2,1,TRUE,FALSE,FALSE,1,other
288604716,2,2,1,TRUE,FALSE,FALSE,1,other
288604870,3,2,2,FALSE,TRUE,FALSE,1,completed
288605056,2,2,1,TRUE,FALSE,FALSE,1,other
288605226,2,2,1,TRUE,FALSE,FALSE,1,other
288605263,4,3,2,TRUE,FALSE,FALSE,1,other
288605353,3,2,2,FALSE,TRUE,FALSE,1,completed
288605591,4,5,2,TRUE,FALSE,FALSE,3,other
288605941,4,3,2,TRUE,FALSE,FALSE,1,other
288605985,5,4,3,FALSE,FALSE,FALSE,2,still_orphaned
288606208,2,1,1,TRUE,TRUE,FALSE,0,already_paired
288606336,1,1,1,FALSE,TRUE,TRUE,1,completed
288606635,1,2,1,FALSE,FALSE,TRUE,2,still_orphaned
288606962,4,3,2,TRUE,FALSE,FALSE,1,other
288607019,4,3,2,TRUE,FALSE,FALSE,1,other
288607036,3,4,2,FALSE,FALSE,FALSE,3,still_orphaned
288607265,3,2,2,FALSE,TRUE,FALSE,1,completed
288607529,1,0,1,FALSE,FALSE,TRUE,0,still_orphaned
288607658,1,3,1,FALSE,FALSE,TRUE,3,still_orphaned
288607676,2,2,1,TRUE,FALSE,FALSE,1,other
288607708,2,1,1,TRUE,TRUE,FALSE,0,already_paired
288608086,2,1,1,TRUE,TRUE,FALSE,0,already_paired
288608512,4,3,2,TRUE,FALSE,FALSE,1,other
288608751,1,4,1,FALSE,FALSE,TRUE,4,still_orphaned
288608814,1,0,1,FALSE,FALSE,TRUE,0,still_orphaned
288609148,3,4,2,FALSE,FALSE,FALSE,3,still_orphaned
288609253,3,3,2,FALSE,FALSE,FALSE,2,still_orphaned
288609328,7,6,4,FALSE,FALSE,FALSE,3,still_orphaned
288609615,1,0,1,FALSE,FALSE,TRUE,0,still_orphaned
288609709,1,3,1,FALSE,FALSE,TRUE,3,still_orphaned
288609943,3,3,2,FALSE,FALSE,FALSE,2,still_orphaned
288610015,3,2,2,FALSE,TRUE,FALSE,1,completed
288610026,3,3,2,FALSE,FALSE,FALSE,2,still_orphaned
288610129,1,0,1,FALSE,FALSE,TRUE,0,still_orphaned
288610137,2,3,1,TRUE,FALSE,FALSE,2,other
288610200,7,8,4,FALSE,FALSE,FALSE,5,still_orphaned
288610574,4,3,2,TRUE,FALSE,FALSE,1,other
288610783,3,2,2,FALSE,TRUE,FALSE,1,completed
288610835,2,2,1,TRUE,FALSE,FALSE,1,other
288610952,3,3,2,FALSE,FALSE,FALSE,2,still_orphaned
288610961,3,3,2,FALSE,FALSE,FALSE,2,still_orphaned
288610974,3,3,2,FALSE,FALSE,FALSE,2,still_orphaned
288611091,1,3,1,FALSE,FALSE,TRUE,3,still_orphaned
288611245,1,3,1,FALSE,FALSE,TRUE,3,still_orphaned
288611249,3,2,2,FALSE,TRUE,FALSE,1,completed
288611263,2,2,1,TRUE,FALSE,FALSE,1,other
288611300,2,2,1,TRUE,FALSE,FALSE,1,other
288611468,2,2,1,TRUE,FALSE,FALSE,1,other
288611610,4,3,2,TRUE,FALSE,FALSE,1,other
288612507,4,2,2,TRUE,TRUE,FALSE,0,already_paired
288612542,2,2,1,TRUE,FALSE,FALSE,1,other
288612802,3,2,2,FALSE,TRUE,FALSE,1,completed
288612829,1,2,1,FALSE,FALSE,TRUE,2,still_orphaned
288612880,4,2,2,TRUE,TRUE,FALSE,0,already_paired
288613305,2,2,1,TRUE,FALSE,FALSE,1,other
288613393,6,5,3,TRUE,FALSE,FALSE,2,other
288613533,2,3,1,TRUE,FALSE,FALSE,2,other
288613609,1,0,1,FALSE,FALSE,TRUE,0,still_orphaned
288613670,4,5,2,TRUE,FALSE,FALSE,3,other
288613800,1,2,1,FALSE,FALSE,TRUE,2,still_orphaned
288613829,5,3,3,FALSE,TRUE,FALSE,1,completed
288613957,1,1,1,FALSE,TRUE,TRUE,1,completed
288614073,3,2,2,FALSE,TRUE,FALSE,1,completed
288614193,3,3,2,FALSE,FALSE,FALSE,2,still_orphaned
288614650,2,1,1,TRUE,TRUE,FALSE,0,already_paired
288614844,1,3,1,FALSE,FALSE,TRUE,3,still_orphaned
288614888,2,1,1,TRUE,TRUE,FALSE,0,already_paired
288615145,2,4,1,TRUE,FALSE,FALSE,3,other
288615213,1,3,1,FALSE,FALSE,TRUE,3,still_orphaned
288615237,3,2,2,FALSE,TRUE,FALSE,1,completed
288615546,4,5,2,TRUE,FALSE,FALSE,3,other
288615573,5,5,3,FALSE,FALSE,FALSE,3,still_orphaned
288615753,1,2,1,FALSE,FALSE,TRUE,2,still_orphaned
288615768,5,4,3,FALSE,FALSE,FALSE,2,still_orphaned
288615791,1,2,1,FALSE,FALSE,TRUE,2,still_orphaned
288615958,4,3,2,TRUE,FALSE,FALSE,1,other
288616020,1,3,1,FALSE,FALSE,TRUE,3,still_orphaned
288616288,3,2,2,FALSE,TRUE,FALSE,1,completed
288616561,5,7,3,FALSE,FALSE,FALSE,5,still_orphaned
288616639,2,2,1,TRUE,FALSE,FALSE,1,other
288616762,4,4,2,TRUE,FALSE,FALSE,2,other
288616776,6,4,3,TRUE,FALSE,FALSE,1,other
288616790,2,2,1,TRUE,FALSE,FALSE,1,other
288616815,2,3,1,TRUE,FALSE,FALSE,2,other
288616859,3,3,2,FALSE,FALSE,FALSE,2,still_orphaned
288616972,3,4,2,FALSE,FALSE,FALSE,3,still_orphaned
288617270,1,2,1,FALSE,FALSE,TRUE,2,still_orphaned
288617345,1,2,1,FALSE,FALSE,TRUE,2,still_orphaned
288617394,5,3,3,FALSE,TRUE,FALSE,1,completed
288617455,3,3,2,FALSE,FALSE,FALSE,2,still_orphaned
288617545,2,3,1,TRUE,FALSE,FALSE,2,other
288617740,2,3,1,TRUE,FALSE,FALSE,2,other
288617760,2,2,1,TRUE,FALSE,FALSE,1,other
288617767,4,5,2,TRUE,FALSE,FALSE,3,other
288617820,3,2,2,FALSE,TRUE,FALSE,1,completed
288618193,1,0,1,FALSE,FALSE,TRUE,0,still_orphaned
288618210,4,3,2,TRUE,FALSE,FALSE,1,other
288618241,3,2,2,FALSE,TRUE,FALSE,1,completed
288618533,3,1,2,FALSE,FALSE,FALSE,0,still_orphaned
288618639,2,2,1,TRUE,FALSE,FALSE,1,other
288618658,1,1,1,FALSE,TRUE,TRUE,1,completed
288618716,2,3,1,TRUE,FALSE,FALSE,2,other
288618802,2,2,1,TRUE,FALSE,FALSE,1,other
288618878,1,0,1,FALSE,FALSE,TRUE,0,still_orphaned
288618947,2,2,1,TRUE,FALSE,FALSE,1,other
288619267,2,2,1,TRUE,FALSE,FALSE,1,other
288619302,3,3,2,FALSE,FALSE,FALSE,2,still_orphaned
288620014,1,4,1,FALSE,FALSE,TRUE,4,still_orphaned
288620020,4,4,2,TRUE,FALSE,FALSE,2,other
288620042,2,3,1,TRUE,FALSE,FALSE,2,other
288620169,1,4,1,FALSE,FALSE,TRUE,4,still_orphaned
288620458,5,3,3,FALSE,TRUE,FALSE,1,completed
288620733,2,2,1,TRUE,FALSE,FALSE,1,other
288620767,4,5,2,TRUE,FALSE,FALSE,3,other
288620969,2,2,1,TRUE,FALSE,FALSE,1,other
288621042,1,3,1,FALSE,FALSE,TRUE,3,still_orphaned
288621306,1,0,1,FALSE,FALSE,TRUE,0,still_orphaned
288621316,2,3,1,TRUE,FALSE,FALSE,2,other
288621701,1,4,1,FALSE,FALSE,TRUE,4,still_orphaned
288621844,2,2,1,TRUE,FALSE,FALSE,1,other
288621981,3,3,2,FALSE,FALSE,FALSE,2,still_orphaned
288622090,2,2,1,TRUE,FALSE,FALSE,1,other
288622107,1,0,1,FALSE,FALSE,TRUE,0,still_orphaned
288622332,4,4,2,TRUE,FALSE,FALSE,2,other
288622389,2,1,1,TRUE,TRUE,FALSE,0,already_paired
288622707,4,4,2,TRUE,FALSE,FALSE,2,other
288622967,5,3,3,FALSE,TRUE,FALSE,1,completed
288623429,2,1,1,TRUE,TRUE,FALSE,0,already_paired
288623607,1,0,1,FALSE,FALSE,TRUE,0,still_orphaned
288624238,3,2,2,FALSE,TRUE,FALSE,1,completed
288628206,6,5,3,TRUE,FALSE,FALSE,2,other
288628617,5,3,3,FALSE,TRUE,FALSE,1,completed
288628739,5,3,3,FALSE,TRUE,FALSE,1,completed
288629083,3,4,2,FALSE,FALSE,FALSE,3,still_orphaned
288629175,1,3,1,FALSE,FALSE,TRUE,3,still_orphaned
288629284,1,3,1,FALSE,FALSE,TRUE,3,still_orphaned
288629650,1,0,1,FALSE,FALSE,TRUE,0,still_orphaned
288629705,1,2,1,FALSE,FALSE,TRUE,2,still_orphaned
288629723,5,6,3,FALSE,FALSE,FALSE,4,still_orphaned
288629976,1,0,1,FALSE,FALSE,TRUE,0,still_orphaned
288630012,3,4,2,FALSE,FALSE,FALSE,3,still_orphaned
288630111,1,0,1,FALSE,FALSE,TRUE,0,still_orphaned
288630392,5,6,3,FALSE,FALSE,FALSE,4,still_orphaned
288630523,2,2,1,TRUE,FALSE,FALSE,1,other
288630578,1,0,1,FALSE,FALSE,TRUE,0,still_orphaned
288630759,3,4,2,FALSE,FALSE,FALSE,3,still_orphaned
288630782,3,2,2,FALSE,TRUE,FALSE,1,completed
288630828,3,6,2,FALSE,FALSE,FALSE,5,still_orphaned
288630945,3,3,2,FALSE,FALSE,FALSE,2,still_orphaned
288630956,2,1,1,TRUE,TRUE,FALSE,0,already_paired
288631082,4,4,2,TRUE,FALSE,FALSE,2,other
288631343,4,3,2,TRUE,FALSE,FALSE,1,other
288631422,2,2,1,TRUE,FALSE,FALSE,1,other
288631476,3,3,2,FALSE,FALSE,FALSE,2,still_orphaned
288631827,8,7,4,TRUE,FALSE,FALSE,3,other
288632040,5,5,3,FALSE,FALSE,FALSE,3,still_orphaned
288632078,3,3,2,FALSE,FALSE,FALSE,2,still_orphaned
288632140,1,0,1,FALSE,FALSE,TRUE,0,still_orphaned
288632231,3,4,2,FALSE,FALSE,FALSE,3,still_orphaned
288632241,2,3,1,TRUE,FALSE,FALSE,2,other
288632342,3,2,2,FALSE,TRUE,FALSE,1,completed
288632637,5,6,3,FALSE,FALSE,FALSE,4,still_orphaned
288632760,6,6,3,TRUE,FALSE,FALSE,3,other
288632809,1,0,1,FALSE,FALSE,TRUE,0,still_orphaned
288632900,1,2,1,FALSE,FALSE,TRUE,2,still_orphaned
288633041,4,4,2,TRUE,FALSE,FALSE,2,other
288633065,5,4,3,FALSE,FALSE,FALSE,2,still_orphaned
288633171,2,2,1,TRUE,FALSE,FALSE,1,other
288633205,3,3,2,FALSE,FALSE,FALSE,2,still_orphaned
288633209,2,2,1,TRUE,FALSE,FALSE,1,other
288633600,4,3,2,TRUE,FALSE,FALSE,1,other
288633705,3,2,2,FALSE,TRUE,FALSE,1,completed
288633716,2,2,1,TRUE,FALSE,FALSE,1,other
288633867,1,2,1,FALSE,FALSE,TRUE,2,still_orphaned
288633908,5,4,3,FALSE,FALSE,FALSE,2,still_orphaned
288634025,2,2,1,TRUE,FALSE,FALSE,1,other
288634159,5,5,3,FALSE,FALSE,FALSE,3,still_orphaned
288634233,1,0,1,FALSE,FALSE,TRUE,0,still_orphaned
288634575,5,5,3,FALSE,FALSE,FALSE,3,still_orphaned
288634668,4,3,2,TRUE,FALSE,FALSE,1,other
288634874,4,4,2,TRUE,FALSE,FALSE,2,other
288635094,3,3,2,FALSE,FALSE,FALSE,2,still_orphaned
288635601,5,3,3,FALSE,TRUE,FALSE,1,completed
288635609,3,2,2,FALSE,TRUE,FALSE,1,completed
288635666,6,6,3,TRUE,FALSE,FALSE,3,other
288635685,1,2,1,FALSE,FALSE,TRUE,2,still_orphaned
288635879,2,2,1,TRUE,FALSE,FALSE,1,other
288635890,3,6,2,FALSE,FALSE,FALSE,5,still_orphaned
288635944,2,3,1,TRUE,FALSE,FALSE,2,other
288636051,3,2,2,FALSE,TRUE,FALSE,1,completed
288636110,4,6,2,TRUE,FALSE,FALSE,4,other
288636235,3,2,2,FALSE,TRUE,FALSE,1,completed
288636264,3,2,2,FALSE,TRUE,FALSE,1,completed
288636417,2,2,1,TRUE,FALSE,FALSE,1,other
288636693,4,3,2,TRUE,FALSE,FALSE,1,other
288636768,6,5,3,TRUE,FALSE,FALSE,2,other
288636793,1,0,1,FALSE,FALSE,TRUE,0,still_orphaned
288637016,3,3,2,FALSE,FALSE,FALSE,2,still_orphaned
288637043,1,0,1,FALSE,FALSE,TRUE,0,still_orphaned
288637337,4,4,2,TRUE,FALSE,FALSE,2,other
288637476,5,4,3,FALSE,FALSE,FALSE,2,still_orphaned
288637518,5,7,3,FALSE,FALSE,FALSE,5,still_orphaned
288638019,3,5,2,FALSE,FALSE,FALSE,4,still_orphaned
288638042,2,3,1,TRUE,FALSE,FALSE,2,other
288638173,4,3,2,TRUE,FALSE,FALSE,1,other
288638267,2,1,1,TRUE,TRUE,FALSE,0,already_paired
288638470,6,6,3,TRUE,FALSE,FALSE,3,other
288638656,2,2,1,TRUE,FALSE,FALSE,1,other
288638787,2,3,1,TRUE,FALSE,FALSE,2,other
288638866,2,2,1,TRUE,FALSE,FALSE,1,other
288638990,2,2,1,TRUE,FALSE,FALSE,1,other
288639254,4,4,2,TRUE,FALSE,FALSE,2,other
288639616,4,4,2,TRUE,FALSE,FALSE,2,other
288639758,6,5,3,TRUE,FALSE,FALSE,2,other
288639815,1,2,1,FALSE,FALSE,TRUE,2,still_orphaned
288639831,7,5,4,FALSE,FALSE,FALSE,2,still_orphaned
288639905,2,2,1,TRUE,FALSE,FALSE,1,other
288639940,3,3,2,FALSE,FALSE,FALSE,2,still_orphaned
288640428,2,2,1,TRUE,FALSE,FALSE,1,other
288640607,1,2,1,FALSE,FALSE,TRUE,2,still_orphaned
288640951,6,4,3,TRUE,FALSE,FALSE,1,other
288641103,4,4,2,TRUE,FALSE,FALSE,2,other
288641379,5,4,3,FALSE,FALSE,FALSE,2,still_orphaned
288641383,4,3,2,TRUE,FALSE,FALSE,1,other
288641401,3,5,2,FALSE,FALSE,FALSE,4,still_orphaned
288641496,3,2,2,FALSE,TRUE,FALSE,1,completed
288641706,6,6,3,TRUE,FALSE,FALSE,3,other
288641985,1,0,1,FALSE,FALSE,TRUE,0,still_orphaned
288642012,2,3,1,TRUE,FALSE,FALSE,2,other
288642535,2,1,1,TRUE,TRUE,FALSE,0,already_paired
288642656,2,3,1,TRUE,FALSE,FALSE,2,other
288642725,2,1,1,TRUE,TRUE,FALSE,0,already_paired
288642877,1,0,1,FALSE,FALSE,TRUE,0,still_orphaned
288643027,2,1,1,TRUE,TRUE,FALSE,0,already_paired
288643068,2,3,1,TRUE,FALSE,FALSE,2,other
288643196,2,1,1,TRUE,TRUE,FALSE,0,already_paired
288643244,4,3,2,TRUE,FALSE,FALSE,1,other
288643300,5,5,3,FALSE,FALSE,FALSE,3,still_orphaned
288643630,2,2,1,TRUE,FALSE,FALSE,1,other
288643790,5,6,3,FALSE,FALSE,FALSE,4,still_orphaned
288644008,3,1,2,FALSE,FALSE,FALSE,0,still_orphaned
288644180,2,3,1,TRUE,FALSE,FALSE,2,other
288644347,3,1,2,FALSE,FALSE,FALSE,0,still_orphaned
288644696,1,3,1,FALSE,FALSE,TRUE,3,still_orphaned
288644716,1,2,1,FALSE,FALSE,TRUE,2,still_orphaned
288644717,4,4,2,TRUE,FALSE,FALSE,2,other
288644843,2,1,1,TRUE,TRUE,FALSE,0,already_paired
288644939,5,3,3,FALSE,TRUE,FALSE,1,completed
288645094,1,0,1,FALSE,FALSE,TRUE,0,still_orphaned
288645143,1,0,1,FALSE,FALSE,TRUE,0,still_orphaned
288645193,4,5,2,TRUE,FALSE,FALSE,3,other
288645767,4,4,2,TRUE,FALSE,FALSE,2,other
288645850,3,3,2,FALSE,FALSE,FALSE,2,still_orphaned
288646066,2,2,1,TRUE,FALSE,FALSE,1,other
288646120,2,2,1,TRUE,FALSE,FALSE,1,other
288646126,3,2,2,FALSE,TRUE,FALSE,1,completed
288646155,4,5,2,TRUE,FALSE,FALSE,3,other
288646246,3,5,2,FALSE,FALSE,FALSE,4,still_orphaned
288646610,3,5,2,FALSE,FALSE,FALSE,4,still_orphaned
288646687,1,0,1,FALSE,FALSE,TRUE,0,still_orphaned
288646765,1,0,1,FALSE,FALSE,TRUE,0,still_orphaned
288646893,5,3,3,FALSE,TRUE,FALSE,1,completed
288646904,2,3,1,TRUE,FALSE,FALSE,2,other
288646923,1,0,1,FALSE,FALSE,TRUE,0,still_orphaned
288646939,2,1,1,TRUE,TRUE,FALSE,0,already_paired
288647113,1,0,1,FALSE,FALSE,TRUE,0,still_orphaned
288647331,4,3,2,TRUE,FALSE,FALSE,1,other
288648079,3,3,2,FALSE,FALSE,FALSE,2,still_orphaned
288648183,6,4,3,TRUE,FALSE,FALSE,1,other
288648290,1,3,1,FALSE,FALSE,TRUE,3,still_orphaned
288648472,2,1,1,TRUE,TRUE,FALSE,0,already_paired
288648609,3,5,2,FALSE,FALSE,FALSE,4,still_orphaned
288648645,4,3,2,TRUE,FALSE,FALSE,1,other
288648885,6,6,3,TRUE,FALSE,FALSE,3,other
288648979,2,2,1,TRUE,FALSE,FALSE,1,other
288649170,3,1,2,FALSE,FALSE,FALSE,0,still_orphaned
288649434,2,2,1,TRUE,FALSE,FALSE,1,other
288649460,3,2,2,FALSE,TRUE,FALSE,1,completed
288649508,1,0,1,FALSE,FALSE,TRUE,0,still_orphaned
288649551,1,2,1,FALSE,FALSE,TRUE,2,still_orphaned
288649679,3,3,2,FALSE,FALSE,FALSE,2,still_orphaned
288649720,7,7,4,FALSE,FALSE,FALSE,4,still_orphaned
288650429,1,0,1,FALSE,FALSE,TRUE,0,still_orphaned
288650549,3,1,2,FALSE,FALSE,FALSE,0,still_orphaned
288650619,1,2,1,FALSE,FALSE,TRUE,2,still_orphaned
288650702,3,5,2,FALSE,FALSE,FALSE,4,still_orphaned
288650815,3,1,2,FALSE,FALSE,FALSE,0,still_orphaned
288650955,3,3,2,FALSE,FALSE,FALSE,2,still_orphaned
288650959,7,7,4,FALSE,FALSE,FALSE,4,still_orphaned
288651077,3,4,2,FALSE,FALSE,FALSE,3,still_orphaned
288651111,3,5,2,FALSE,FALSE,FALSE,4,still_orphaned
288651327,3,3,2,FALSE,FALSE,FALSE,2,still_orphaned
288651649,1,2,1,FALSE,FALSE,TRUE,2,still_orphaned
288651854,3,2,2,FALSE,TRUE,FALSE,1,completed
288651871,3,2,2,FALSE,TRUE,FALSE,1,completed
288651934,1,0,1,FALSE,FALSE,TRUE,0,still_orphaned
288652197,3,2,2,FALSE,TRUE,FALSE,1,completed
288652240,2,1,1,TRUE,TRUE,FALSE,0,already_paired
288652285,3,4,2,FALSE,FALSE,FALSE,3,still_orphaned
288652461,1,0,1,FALSE,FALSE,TRUE,0,still_orphaned
288652538,3,5,2,FALSE,FALSE,FALSE,4,still_orphaned
288652690,2,2,1,TRUE,FALSE,FALSE,1,other
288652773,1,1,1,FALSE,TRUE,TRUE,1,completed
288652814,1,3,1,FALSE,FALSE,TRUE,3,still_orphaned
288653075,5,3,3,FALSE,TRUE,FALSE,1,completed
288653120,2,2,1,TRUE,FALSE,FALSE,1,other
288653163,1,0,1,FALSE,FALSE,TRUE,0,still_orphaned
288653246,3,5,2,FALSE,FALSE,FALSE,4,still_orphaned
288653353,4,5,2,TRUE,FALSE,FALSE,3,other
288653452,5,6,3,FALSE,FALSE,FALSE,4,still_orphaned
288653604,3,3,2,FALSE,FALSE,FALSE,2,still_orphaned
288653728,4,4,2,TRUE,FALSE,FALSE,2,other
288653796,3,2,2,FALSE,TRUE,FALSE,1,completed
288653802,5,3,3,FALSE,TRUE,FALSE,1,completed
288653809,2,2,1,TRUE,FALSE,FALSE,1,other
288653863,3,3,2,FALSE,FALSE,FALSE,2,still_orphaned
288653883,4,4,2,TRUE,FALSE,FALSE,2,other
288653981,3,2,2,FALSE,TRUE,FALSE,1,completed
288654066,3,4,2,FALSE,FALSE,FALSE,3,still_orphaned
288654193,1,2,1,FALSE,FALSE,TRUE,2,still_orphaned
288654212,1,3,1,FALSE,FALSE,TRUE,3,still_orphaned
288654295,2,3,1,TRUE,FALSE,FALSE,2,other
288654833,2,2,1,TRUE,FALSE,FALSE,1,other
288654947,3,4,2,FALSE,FALSE,FALSE,3,still_orphaned
288654991,2,2,1,TRUE,FALSE,FALSE,1,other
288655056,2,2,1,TRUE,FALSE,FALSE,1,other
288655173,5,5,3,FALSE,FALSE,FALSE,3,still_orphaned
288655592,1,3,1,FALSE,FALSE,TRUE,3,still_orphaned
288655711,2,4,1,TRUE,FALSE,FALSE,3,other
288655717,2,2,1,TRUE,FALSE,FALSE,1,other
288655881,3,3,2,FALSE,FALSE,FALSE,2,still_orphaned
288655999,1,0,1,FALSE,FALSE,TRUE,0,still_orphaned
288656026,2,2,1,TRUE,FALSE,FALSE,1,other
288656281,1,0,1,FALSE,FALSE,TRUE,0,still_orphaned
288656440,3,4,2,FALSE,FALSE,FALSE,3,still_orphaned
288656844,2,2,1,TRUE,FALSE,FALSE,1,other
288657024,5,6,3,FALSE,FALSE,FALSE,4,still_orphaned
288657112,1,0,1,FALSE,FALSE,TRUE,0,still_orphaned
288657256,2,1,1,TRUE,TRUE,FALSE,0,already_paired
288657401,2,2,1,TRUE,FALSE,FALSE,1,other
288657606,2,2,1,TRUE,FALSE,FALSE,1,other
288657859,2,2,1,TRUE,FALSE,FALSE,1,other
288657933,2,2,1,TRUE,FALSE,FALSE,1,other
288657967,5,5,3,FALSE,FALSE,FALSE,3,still_orphaned
288658051,3,4,2,FALSE,FALSE,FALSE,3,still_orphaned
288658204,2,3,1,TRUE,FALSE,FALSE,2,other
288658310,1,4,1,FALSE,FALSE,TRUE,4,still_orphaned
288658357,5,3,3,FALSE,TRUE,FALSE,1,completed
288658566,2,3,1,TRUE,FALSE,FALSE,2,other
288658801,4,4,2,TRUE,FALSE,FALSE,2,other
288659037,1,0,1,FALSE,FALSE,TRUE,0,still_orphaned
288659618,2,2,1,TRUE,FALSE,FALSE,1,other
288682738,1,0,1,FALSE,FALSE,TRUE,0,still_orphaned
288683683,5,3,3,FALSE,TRUE,FALSE,1,completed
288683828,2,1,1,TRUE,TRUE,FALSE,0,already_paired
288684098,4,4,2,TRUE,FALSE,FALSE,2,other
288684315,1,0,1,FALSE,FALSE,TRUE,0,still_orphaned
288684598,5,4,3,FALSE,FALSE,FALSE,2,still_orphaned
288684749,4,3,2,TRUE,FALSE,FALSE,1,other
288685160,2,1,1,TRUE,TRUE,FALSE,0,already_paired
288685202,1,0,1,FALSE,FALSE,TRUE,0,still_orphaned
288685203,1,2,1,FALSE,FALSE,TRUE,2,still_orphaned
288685554,3,2,2,FALSE,TRUE,FALSE,1,completed
288685639,3,2,2,FALSE,TRUE,FALSE,1,completed
288685674,3,1,2,FALSE,FALSE,FALSE,0,still_orphaned
288685940,3,3,2,FALSE,FALSE,FALSE,2,still_orphaned
288686010,2,2,1,TRUE,FALSE,FALSE,1,other
288686324,3,2,2,FALSE,TRUE,FALSE,1,completed
288686388,4,4,2,TRUE,FALSE,FALSE,2,other
288686425,2,2,1,TRUE,FALSE,FALSE,1,other
288686523,2,1,1,TRUE,TRUE,FALSE,0,already_paired
288686527,1,3,1,FALSE,FALSE,TRUE,3,still_orphaned
288686668,2,2,1,TRUE,FALSE,FALSE,1,other
288686818,2,1,1,TRUE,TRUE,FALSE,0,already_paired
288686914,3,2,2,FALSE,TRUE,FALSE,1,completed
288686933,2,1,1,TRUE,TRUE,FALSE,0,already_paired
288687061,1,2,1,FALSE,FALSE,TRUE,2,still_orphaned
288687065,1,2,1,FALSE,FALSE,TRUE,2,still_orphaned
288687260,2,2,1,TRUE,FALSE,FALSE,1,other
288687318,4,2,2,TRUE,TRUE,FALSE,0,already_paired
288687623,2,1,1,TRUE,TRUE,FALSE,0,already_paired
288687656,1,1,1,FALSE,TRUE,TRUE,1,completed
288687727,2,2,1,TRUE,FALSE,FALSE,1,other
288687753,2,2,1,TRUE,FALSE,FALSE,1,other
288688122,4,4,2,TRUE,FALSE,FALSE,2,other
288688132,5,5,3,FALSE,FALSE,FALSE,3,still_orphaned
288688200,1,4,1,FALSE,FALSE,TRUE,4,still_orphaned
288688329,1,0,1,FALSE,FALSE,TRUE,0,still_orphaned
288688349,4,3,2,TRUE,FALSE,FALSE,1,other
288688361,1,0,1,FALSE,FALSE,TRUE,0,still_orphaned
288688462,1,2,1,FALSE,FALSE,TRUE,2,still_orphaned
288688508,3,3,2,FALSE,FALSE,FALSE,2,still_orphaned
288688671,1,0,1,FALSE,FALSE,TRUE,0,still_orphaned
288688698,3,3,2,FALSE,FALSE,FALSE,2,still_orphaned
288689180,3,3,2,FALSE,FALSE,FALSE,2,still_orphaned
288689270,4,3,2,TRUE,FALSE,FALSE,1,other
288689489,3,4,2,FALSE,FALSE,FALSE,3,still_orphaned
288689513,1,0,1,FALSE,FALSE,TRUE,0,still_orphaned
288689625,1,2,1,FALSE,FALSE,TRUE,2,still_orphaned
288689870,5,4,3,FALSE,FALSE,FALSE,2,still_orphaned
288690196,2,2,1,TRUE,FALSE,FALSE,1,other
288690577,3,3,2,FALSE,FALSE,FALSE,2,still_orphaned
288690590,3,4,2,FALSE,FALSE,FALSE,3,still_orphaned
288690735,4,4,2,TRUE,FALSE,FALSE,2,other
288690835,1,0,1,FALSE,FALSE,TRUE,0,still_orphaned
288690846,2,4,1,TRUE,FALSE,FALSE,3,other
288691205,2,2,1,TRUE,FALSE,FALSE,1,other
288691224,2,2,1,TRUE,FALSE,FALSE,1,other
288691244,1,0,1,FALSE,FALSE,TRUE,0,still_orphaned
288691548,4,5,2,TRUE,FALSE,FALSE,3,other
288691686,5,3,3,FALSE,TRUE,FALSE,1,completed
288691697,3,2,2,FALSE,TRUE,FALSE,1,completed
288691841,2,2,1,TRUE,FALSE,FALSE,1,other
288691961,3,2,2,FALSE,TRUE,FALSE,1,completed
288691995,4,5,2,TRUE,FALSE,FALSE,3,other
288692197,1,0,1,FALSE,FALSE,TRUE,0,still_orphaned
288692484,1,2,1,FALSE,FALSE,TRUE,2,still_orphaned
288692580,2,2,1,TRUE,FALSE,FALSE,1,other
288692889,1,3,1,FALSE,FALSE,TRUE,3,still_orphaned
288693014,4,3,2,TRUE,FALSE,FALSE,1,other
288693028,3,2,2,FALSE,TRUE,FALSE,1,completed
288693189,3,2,2,FALSE,TRUE,FALSE,1,completed
288693236,4,5,2,TRUE,FALSE,FALSE,3,other
288693300,2,1,1,TRUE,TRUE,FALSE,0,already_paired
288693313,5,3,3,FALSE,TRUE,FALSE,1,completed
288693424,4,3,2,TRUE,FALSE,FALSE,1,other
288693451,3,3,2,FALSE,FALSE,FALSE,2,still_orphaned
288693720,4,4,2,TRUE,FALSE,FALSE,2,other
288693729,3,2,2,FALSE,TRUE,FALSE,1,completed
288693901,5,4,3,FALSE,FALSE,FALSE,2,still_orphaned
288694184,2,1,1,TRUE,TRUE,FALSE,0,already_paired
288694261,3,1,2,FALSE,FALSE,FALSE,0,still_orphaned
288694266,1,3,1,FALSE,FALSE,TRUE,3,still_orphaned
288694552,5,3,3,FALSE,TRUE,FALSE,1,completed
288694924,2,2,1,TRUE,FALSE,FALSE,1,other
288695390,2,1,1,TRUE,TRUE,FALSE,0,already_paired
288695476,4,5,2,TRUE,FALSE,FALSE,3,other
288695564,2,3,1,TRUE,FALSE,FALSE,2,other
288695690,4,5,2,TRUE,FALSE,FALSE,3,other
288695833,2,2,1,TRUE,FALSE,FALSE,1,other
288696037,3,5,2,FALSE,FALSE,FALSE,4,still_orphaned
288696162,2,2,1,TRUE,FALSE,FALSE,1,other
288696325,5,4,3,FALSE,FALSE,FALSE,2,still_orphaned
288696480,2,1,1,TRUE,TRUE,FALSE,0,already_paired
288696635,2,2,1,TRUE,FALSE,FALSE,1,other
288696724,4,4,2,TRUE,FALSE,FALSE,2,other
288697058,4,5,2,TRUE,FALSE,FALSE,3,other
288697668,6,6,3,TRUE,FALSE,FALSE,3,other
288697749,1,2,1,FALSE,FALSE,TRUE,2,still_orphaned
288697792,2,3,1,TRUE,FALSE,FALSE,2,other
288697815,2,1,1,TRUE,TRUE,FALSE,0,already_paired
288698149,4,4,2,TRUE,FALSE,FALSE,2,other
288698348,5,4,3,FALSE,FALSE,FALSE,2,still_orphaned
288698561,1,2,1,FALSE,FALSE,TRUE,2,still_orphaned
288698567,2,3,1,TRUE,FALSE,FALSE,2,other
288698710,3,2,2,FALSE,TRUE,FALSE,1,completed
288698727,1,2,1,FALSE,FALSE,TRUE,2,still_orphaned
288698840,3,3,2,FALSE,FALSE,FALSE,2,still_orphaned
288698858,1,0,1,FALSE,FALSE,TRUE,0,still_orphaned
288698885,1,2,1,FALSE,FALSE,TRUE,2,still_orphaned
288698943,1,3,1,FALSE,FALSE,TRUE,3,still_orphaned
288699061,3,2,2,FALSE,TRUE,FALSE,1,completed
288699499,5,3,3,FALSE,TRUE,FALSE,1,completed
288699773,1,2,1,FALSE,FALSE,TRUE,2,still_orphaned
288700076,1,0,1,FALSE,FALSE,TRUE,0,still_orphaned
288700152,4,2,2,TRUE,TRUE,FALSE,0,already_paired
288700182,1,2,1,FALSE,FALSE,TRUE,2,still_orphaned
288700363,3,2,2,FALSE,TRUE,FALSE,1,completed
288700474,3,4,2,FALSE,FALSE,FALSE,3,still_orphaned
288700701,2,3,1,TRUE,FALSE,FALSE,2,other
288700761,1,2,1,FALSE,FALSE,TRUE,2,still_orphaned
288701072,6,6,3,TRUE,FALSE,FALSE,3,other
288701095,3,2,2,FALSE,TRUE,FALSE,1,completed
288701398,3,3,2,FALSE,FALSE,FALSE,2,still_orphaned
288701552,3,2,2,FALSE,TRUE,FALSE,1,completed
288701638,2,2,1,TRUE,FALSE,FALSE,1,other
288701698,5,3,3,FALSE,TRUE,FALSE,1,completed
288701931,1,3,1,FALSE,FALSE,TRUE,3,still_orphaned
288702209,5,5,3,FALSE,FALSE,FALSE,3,still_orphaned
288702212,5,3,3,FALSE,TRUE,FALSE,1,completed
288702354,1,0,1,FALSE,FALSE,TRUE,0,still_orphaned
288702569,4,3,2,TRUE,FALSE,FALSE,1,other
288702810,5,3,3,FALSE,TRUE,FALSE,1,completed
288702919,1,0,1,FALSE,FALSE,TRUE,0,still_orphaned
288703047,4,3,2,TRUE,FALSE,FALSE,1,other
288703179,1,0,1,FALSE,FALSE,TRUE,0,still_orphaned
288703759,7,5,4,FALSE,FALSE,FALSE,2,still_orphaned
288703840,2,3,1,TRUE,FALSE,FALSE,2,other
288703903,2,2,1,TRUE,FALSE,FALSE,1,other
288704132,2,2,1,TRUE,FALSE,FALSE,1,other
288704225,1,2,1,FALSE,FALSE,TRUE,2,still_orphaned
288704257,1,2,1,FALSE,FALSE,TRUE,2,still_orphaned
288704430,4,4,2,TRUE,FALSE,FALSE,2,other
288704532,5,5,3,FALSE,FALSE,FALSE,3,still_orphaned
288704707,5,4,3,FALSE,FALSE,FALSE,2,still_orphaned
288704779,2,4,1,TRUE,FALSE,FALSE,3,other
288704792,2,1,1,TRUE,TRUE,FALSE,0,already_paired
288705103,4,3,2,TRUE,FALSE,FALSE,1,other
288705153,2,2,1,TRUE,FALSE,FALSE,1,other
288705261,1,0,1,FALSE,FALSE,TRUE,0,still_orphaned
288705424,3,3,2,FALSE,FALSE,FALSE,2,still_orphaned
288705466,1,2,1,FALSE,FALSE,TRUE,2,still_orphaned
288705556,1,0,1,FALSE,FALSE,TRUE,0,still_orphaned
288705980,1,2,1,FALSE,FALSE,TRUE,2,still_orphaned
288706063,3,3,2,FALSE,FALSE,FALSE,2,still_orphaned
288706192,2,2,1,TRUE,FALSE,FALSE,1,other
288706244,2,1,1,TRUE,TRUE,FALSE,0,already_paired
288706780,5,5,3,FALSE,FALSE,FALSE,3,still_orphaned
288706822,4,4,2,TRUE,FALSE,FALSE,2,other
288706830,3,3,2,FALSE,FALSE,FALSE,2,still_orphaned
288706936,3,4,2,FALSE,FALSE,FALSE,3,still_orphaned
288706970,1,0,1,FALSE,FALSE,TRUE,0,still_orphaned
288707009,5,5,3,FALSE,FALSE,FALSE,3,still_orphaned
288707107,4,4,2,TRUE,FALSE,FALSE,2,other
288707233,4,3,2,TRUE,FALSE,FALSE,1,other
288707297,3,3,2,FALSE,FALSE,FALSE,2,still_orphaned
288707388,3,1,2,FALSE,FALSE,FALSE,0,still_orphaned
288707557,1,0,1,FALSE,FALSE,TRUE,0,still_orphaned
288707677,1,0,1,FALSE,FALSE,TRUE,0,still_orphaned
288707733,1,0,1,FALSE,FALSE,TRUE,0,still_orphaned
288707930,2,1,1,TRUE,TRUE,FALSE,0,already_paired
288708138,7,6,4,FALSE,FALSE,FALSE,3,still_orphaned
288708264,6,7,3,TRUE,FALSE,FALSE,4,other
288708296,7,6,4,FALSE,FALSE,FALSE,3,still_orphaned
288708332,2,2,1,TRUE,FALSE,FALSE,1,other
288708414,3,1,2,FALSE,FALSE,FALSE,0,still_orphaned
288708630,1,0,1,FALSE,FALSE,TRUE,0,still_orphaned
288708727,2,2,1,TRUE,FALSE,FALSE,1,other
288708860,2,3,1,TRUE,FALSE,FALSE,2,other
288708940,3,5,2,FALSE,FALSE,FALSE,4,still_orphaned
288709128,2,2,1,TRUE,FALSE,FALSE,1,other
288709198,3,4,2,FALSE,FALSE,FALSE,3,still_orphaned
288709303,2,3,1,TRUE,FALSE,FALSE,2,other
288709488,5,5,3,FALSE,FALSE,FALSE,3,still_orphaned
288709594,1,0,1,FALSE,FALSE,TRUE,0,still_orphaned
288709614,2,2,1,TRUE,FALSE,FALSE,1,other
288709627,5,5,3,FALSE,FALSE,FALSE,3,still_orphaned
288709654,4,4,2,TRUE,FALSE,FALSE,2,other
288709686,6,5,3,TRUE,FALSE,FALSE,2,other
288710110,3,3,2,FALSE,FALSE,FALSE,2,still_orphaned
288710308,4,4,2,TRUE,FALSE,FALSE,2,other
288710571,3,3,2,FALSE,FALSE,FALSE,2,still_orphaned
288710587,3,2,2,FALSE,TRUE,FALSE,1,completed
288710697,2,2,1,TRUE,FALSE,FALSE,1,other
288710704,4,4,2,TRUE,FALSE,FALSE,2,other
288710837,1,0,1,FALSE,FALSE,TRUE,0,still_orphaned
288710937,1,2,1,FALSE,FALSE,TRUE,2,still_orphaned
288711536,4,4,2,TRUE,FALSE,FALSE,2,other
288711557,1,0,1,FALSE,FALSE,TRUE,0,still_orphaned
288711802,3,1,2,FALSE,FALSE,FALSE,0,still_orphaned
288711879,1,0,1,FALSE,FALSE,TRUE,0,still_orphaned
288711882,2,3,1,TRUE,FALSE,FALSE,2,other
288712290,2,3,1,TRUE,FALSE,FALSE,2,other
288712382,1,2,1,FALSE,FALSE,TRUE,2,still_orphaned
288712644,1,3,1,FALSE,FALSE,TRUE,3,still_orphaned
288712658,4,3,2,TRUE,FALSE,FALSE,1,other
288712717,2,2,1,TRUE,FALSE,FALSE,1,other
288713135,1,4,1,FALSE,FALSE,TRUE,4,still_orphaned
288713138,2,1,1,TRUE,TRUE,FALSE,0,already_paired
288713421,4,3,2,TRUE,FALSE,FALSE,1,other
288713437,2,2,1,TRUE,FALSE,FALSE,1,other
288713522,1,2,1,FALSE,FALSE,TRUE,2,still_orphaned
288713621,1,2,1,FALSE,FALSE,TRUE,2,still_orphaned
288713649,3,2,2,FALSE,TRUE,FALSE,1,completed
288713736,4,4,2,TRUE,FALSE,FALSE,2,other
288713899,4,3,2,TRUE,FALSE,FALSE,1,other
288714126,2,3,1,TRUE,FALSE,FALSE,2,other
288714220,2,2,1,TRUE,FALSE,FALSE,1,other
288714515,1,2,1,FALSE,FALSE,TRUE,2,still_orphaned
288714959,2,3,1,TRUE,FALSE,FALSE,2,other
288714976,1,0,1,FALSE,FALSE,TRUE,0,still_orphaned
288715444,1,0,1,FALSE,FALSE,TRUE,0,still_orphaned
288732039,6,6,3,TRUE,FALSE,FALSE,3,other
288732682,3,6,2,FALSE,FALSE,FALSE,5,still_orphaned
288732887,3,4,2,FALSE,FALSE,FALSE,3,still_orphaned
288732987,4,4,2,TRUE,FALSE,FALSE,2,other
288733386,3,3,2,FALSE,FALSE,FALSE,2,still_orphaned
288733758,2,2,1,TRUE,FALSE,FALSE,1,other
288733833,3,3,2,FALSE,FALSE,FALSE,2,still_orphaned
288733962,3,2,2,FALSE,TRUE,FALSE,1,completed
288734061,2,3,1,TRUE,FALSE,FALSE,2,other
288734314,1,2,1,FALSE,FALSE,TRUE,2,still_orphaned
288734502,2,2,1,TRUE,FALSE,FALSE,1,other
288734509,1,2,1,FALSE,FALSE,TRUE,2,still_orphaned
288734522,3,2,2,FALSE,TRUE,FALSE,1,completed
288734678,1,2,1,FALSE,FALSE,TRUE,2,still_orphaned
288734725,1,2,1,FALSE,FALSE,TRUE,2,still_orphaned
288734923,1,2,1,FALSE,FALSE,TRUE,2,still_orphaned
288735010,1,0,1,FALSE,FALSE,TRUE,0,still_orphaned
288735012,2,3,1,TRUE,FALSE,FALSE,2,other
288735177,3,3,2,FALSE,FALSE,FALSE,2,still_orphaned
288735213,2,2,1,TRUE,FALSE,FALSE,1,other
288735354,3,3,2,FALSE,FALSE,FALSE,2,still_orphaned
288735563,2,1,1,TRUE,TRUE,FALSE,0,already_paired
288735610,3,3,2,FALSE,FALSE,FALSE,2,still_orphaned
288735808,3,4,2,FALSE,FALSE,FALSE,3,still_orphaned
288735884,2,3,1,TRUE,FALSE,FALSE,2,other
288736020,2,2,1,TRUE,FALSE,FALSE,1,other
288736095,4,3,2,TRUE,FALSE,FALSE,1,other
288736323,1,3,1,FALSE,FALSE,TRUE,3,still_orphaned
288736347,4,4,2,TRUE,FALSE,FALSE,2,other
288736457,3,4,2,FALSE,FALSE,FALSE,3,still_orphaned
288736752,2,3,1,TRUE,FALSE,FALSE,2,other
288736775,2,3,1,TRUE,FALSE,FALSE,2,other
288736828,3,2,2,FALSE,TRUE,FALSE,1,completed
288736872,3,2,2,FALSE,TRUE,FALSE,1,completed
288736937,1,2,1,FALSE,FALSE,TRUE,2,still_orphaned
288737127,2,3,1,TRUE,FALSE,FALSE,2,other
288737274,5,3,3,FALSE,TRUE,FALSE,1,completed
288737454,1,2,1,FALSE,FALSE,TRUE,2,still_orphaned
288737475,3,3,2,FALSE,FALSE,FALSE,2,still_orphaned
288737769,4,3,2,TRUE,FALSE,FALSE,1,other
288737785,2,2,1,TRUE,FALSE,FALSE,1,other
288737913,2,1,1,TRUE,TRUE,FALSE,0,already_paired
288738095,4,4,2,TRUE,FALSE,FALSE,2,other
288738660,7,5,4,FALSE,FALSE,FALSE,2,still_orphaned
288738817,3,4,2,FALSE,FALSE,FALSE,3,still_orphaned
288739461,5,4,3,FALSE,FALSE,FALSE,2,still_orphaned
288739475,1,0,1,FALSE,FALSE,TRUE,0,still_orphaned
288739491,2,3,1,TRUE,FALSE,FALSE,2,other
288739590,2,2,1,TRUE,FALSE,FALSE,1,other
288739634,4,5,2,TRUE,FALSE,FALSE,3,other
288739817,1,3,1,FALSE,FALSE,TRUE,3,still_orphaned
288739940,5,6,3,FALSE,FALSE,FALSE,4,still_orphaned
288740049,2,1,1,TRUE,TRUE,FALSE,0,already_paired
288740144,3,2,2,FALSE,TRUE,FALSE,1,completed
288740283,3,3,2,FALSE,FALSE,FALSE,2,still_orphaned
288740300,2,4,1,TRUE,FALSE,FALSE,3,other
288740541,3,2,2,FALSE,TRUE,FALSE,1,completed
288740924,2,3,1,TRUE,FALSE,FALSE,2,other
288741472,1,2,1,FALSE,FALSE,TRUE,2,still_orphaned
288741483,1,0,1,FALSE,FALSE,TRUE,0,still_orphaned
288741620,2,2,1,TRUE,FALSE,FALSE,1,other
288741686,3,3,2,FALSE,FALSE,FALSE,2,still_orphaned
288741735,5,5,3,FALSE,FALSE,FALSE,3,still_orphaned
288741914,2,2,1,TRUE,FALSE,FALSE,1,other
288741960,2,2,1,TRUE,FALSE,FALSE,1,other
288741985,2,1,1,TRUE,TRUE,FALSE,0,already_paired
288742244,2,1,1,TRUE,TRUE,FALSE,0,already_paired
288742280,1,0,1,FALSE,FALSE,TRUE,0,still_orphaned
288742378,3,3,2,FALSE,FALSE,FALSE,2,still_orphaned
288742507,3,3,2,FALSE,FALSE,FALSE,2,still_orphaned
288742562,3,3,2,FALSE,FALSE,FALSE,2,still_orphaned
288742631,2,3,1,TRUE,FALSE,FALSE,2,other
288743196,4,5,2,TRUE,FALSE,FALSE,3,other
288743471,1,0,1,FALSE,FALSE,TRUE,0,still_orphaned
288743547,2,2,1,TRUE,FALSE,FALSE,1,other
288743576,1,3,1,FALSE,FALSE,TRUE,3,still_orphaned
288743744,8,7,4,TRUE,FALSE,FALSE,3,other
288743861,2,3,1,TRUE,FALSE,FALSE,2,other
288744316,3,3,2,FALSE,FALSE,FALSE,2,still_orphaned
288744459,1,2,1,FALSE,FALSE,TRUE,2,still_orphaned
288744691,2,3,1,TRUE,FALSE,FALSE,2,other
288744835,2,2,1,TRUE,FALSE,FALSE,1,other
288745295,2,2,1,TRUE,FALSE,FALSE,1,other
288745414,3,4,2,FALSE,FALSE,FALSE,3,still_orphaned
288745531,2,3,1,TRUE,FALSE,FALSE,2,other
288745746,1,0,1,FALSE,FALSE,TRUE,0,still_orphaned
288745938,1,3,1,FALSE,FALSE,TRUE,3,still_orphaned
288745999,2,2,1,TRUE,FALSE,FALSE,1,other
288746014,2,1,1,TRUE,TRUE,FALSE,0,already_paired
288746076,4,3,2,TRUE,FALSE,FALSE,1,other
288746123,1,2,1,FALSE,FALSE,TRUE,2,still_orphaned
288746512,4,6,2,TRUE,FALSE,FALSE,4,other
288746637,6,5,3,TRUE,FALSE,FALSE,2,other
288746746,1,2,1,FALSE,FALSE,TRUE,2,still_orphaned
288746903,1,3,1,FALSE,FALSE,TRUE,3,still_orphaned
288746925,4,4,2,TRUE,FALSE,FALSE,2,other
288747076,3,5,2,FALSE,FALSE,FALSE,4,still_orphaned
288747206,3,3,2,FALSE,FALSE,FALSE,2,still_orphaned
288747283,2,3,1,TRUE,FALSE,FALSE,2,other
288747304,4,5,2,TRUE,FALSE,FALSE,3,other
288747440,4,5,2,TRUE,FALSE,FALSE,3,other
288747761,2,1,1,TRUE,TRUE,FALSE,0,already_paired
288748157,6,7,3,TRUE,FALSE,FALSE,4,other
288748177,1,3,1,FALSE,FALSE,TRUE,3,still_orphaned
288748492,1,0,1,FALSE,FALSE,TRUE,0,still_orphaned
288748669,6,7,3,TRUE,FALSE,FALSE,4,other
288748787,2,2,1,TRUE,FALSE,FALSE,1,other
288748986,1,3,1,FALSE,FALSE,TRUE,3,still_orphaned
288749785,2,1,1,TRUE,TRUE,FALSE,0,already_paired
288749897,3,4,2,FALSE,FALSE,FALSE,3,still_orphaned
288750023,2,2,1,TRUE,FALSE,FALSE,1,other
288750170,3,5,2,FALSE,FALSE,FALSE,4,still_orphaned
288750367,1,2,1,FALSE,FALSE,TRUE,2,still_orphaned
288750655,1,1,1,FALSE,TRUE,TRUE,1,completed
288750669,3,2,2,FALSE,TRUE,FALSE,1,completed
288750741,3,5,2,FALSE,FALSE,FALSE,4,still_orphaned
288751037,1,0,1,FALSE,FALSE,TRUE,0,still_orphaned
288751052,1,2,1,FALSE,FALSE,TRUE,2,still_orphaned
288751061,1,0,1,FALSE,FALSE,TRUE,0,still_orphaned
288751082,1,2,1,FALSE,FALSE,TRUE,2,still_orphaned
288751204,1,0,1,FALSE,FALSE,TRUE,0,still_orphaned
288751407,2,1,1,TRUE,TRUE,FALSE,0,already_paired
288751469,4,3,2,TRUE,FALSE,FALSE,1,other
288751722,2,2,1,TRUE,FALSE,FALSE,1,other
288752137,5,4,3,FALSE,FALSE,FALSE,2,still_orphaned
288752185,1,2,1,FALSE,FALSE,TRUE,2,still_orphaned
288752480,2,2,1,TRUE,FALSE,FALSE,1,other
288752503,5,4,3,FALSE,FALSE,FALSE,2,still_orphaned
288752648,2,1,1,TRUE,TRUE,FALSE,0,already_paired
288752786,3,6,2,FALSE,FALSE,FALSE,5,still_orphaned
288753626,3,3,2,FALSE,FALSE,FALSE,2,still_orphaned
288753770,3,1,2,FALSE,FALSE,FALSE,0,still_orphaned
288753842,3,3,2,FALSE,FALSE,FALSE,2,still_orphaned
288753843,4,3,2,TRUE,FALSE,FALSE,1,other
288753881,2,2,1,TRUE,FALSE,FALSE,1,other
288753913,3,4,2,FALSE,FALSE,FALSE,3,still_orphaned
288754427,1,3,1,FALSE,FALSE,TRUE,3,still_orphaned
288754625,2,2,1,TRUE,FALSE,FALSE,1,other
288754816,4,3,2,TRUE,FALSE,FALSE,1,other
288755189,4,5,2,TRUE,FALSE,FALSE,3,other
288755264,4,4,2,TRUE,FALSE,FALSE,2,other
288755476,1,0,1,FALSE,FALSE,TRUE,0,still_orphaned
288755682,1,2,1,FALSE,FALSE,TRUE,2,still_orphaned
288755695,2,3,1,TRUE,FALSE,FALSE,2,other
288755753,3,2,2,FALSE,TRUE,FALSE,1,completed
288755961,2,2,1,TRUE,FALSE,FALSE,1,other
288756242,1,0,1,FALSE,FALSE,TRUE,0,still_orphaned
288756465,2,2,1,TRUE,FALSE,FALSE,1,other
288756610,1,2,1,FALSE,FALSE,TRUE,2,still_orphaned
288756613,1,0,1,FALSE,FALSE,TRUE,0,still_orphaned
288756661,3,3,2,FALSE,FALSE,FALSE,2,still_orphaned
288756831,3,2,2,FALSE,TRUE,FALSE,1,completed
288757007,1,0,1,FALSE,FALSE,TRUE,0,still_orphaned
288757183,9,6,5,FALSE,FALSE,FALSE,2,still_orphaned
288757225,2,1,1,TRUE,TRUE,FALSE,0,already_paired
288757277,3,2,2,FALSE,TRUE,FALSE,1,completed
288757293,2,1,1,TRUE,TRUE,FALSE,0,already_paired
288757331,3,3,2,FALSE,FALSE,FALSE,2,still_orphaned
288757656,5,4,3,FALSE,FALSE,FALSE,2,still_orphaned
288757688,2,2,1,TRUE,FALSE,FALSE,1,other
288757701,3,2,2,FALSE,TRUE,FALSE,1,completed
288757946,2,2,1,TRUE,FALSE,FALSE,1,other
288758002,5,3,3,FALSE,TRUE,FALSE,1,completed
288758788,2,2,1,TRUE,FALSE,FALSE,1,other
288758952,1,0,1,FALSE,FALSE,TRUE,0,still_orphaned
288759380,1,3,1,FALSE,FALSE,TRUE,3,still_orphaned
288759426,1,1,1,FALSE,TRUE,TRUE,1,completed
288759760,3,3,2,FALSE,FALSE,FALSE,2,still_orphaned
288759776,3,2,2,FALSE,TRUE,FALSE,1,completed
288759914,3,2,2,FALSE,TRUE,FALSE,1,completed
288759966,2,3,1,TRUE,FALSE,FALSE,2,other
288760086,1,0,1,FALSE,FALSE,TRUE,0,still_orphaned
288760295,3,2,2,FALSE,TRUE,FALSE,1,completed
288760429,4,3,2,TRUE,FALSE,FALSE,1,other
288760459,3,2,2,FALSE,TRUE,FALSE,1,completed
288760797,3,5,2,FALSE,FALSE,FALSE,4,still_orphaned
288760868,3,2,2,FALSE,TRUE,FALSE,1,completed
288760934,1,2,1,FALSE,FALSE,TRUE,2,still_orphaned
288761122,1,2,1,FALSE,FALSE,TRUE,2,still_orphaned
288761192,6,5,3,TRUE,FALSE,FALSE,2,other
288761865,2,2,1,TRUE,FALSE,FALSE,1,other
288762049,2,3,1,TRUE,FALSE,FALSE,2,other
288762062,2,2,1,TRUE,FALSE,FALSE,1,other
288762131,2,3,1,TRUE,FALSE,FALSE,2,other
288762153,3,3,2,FALSE,FALSE,FALSE,2,still_orphaned
288762178,2,2,1,TRUE,FALSE,FALSE,1,other
288762253,1,4,1,FALSE,FALSE,TRUE,4,still_orphaned
288762306,4,3,2,TRUE,FALSE,FALSE,1,other
288762373,3,2,2,FALSE,TRUE,FALSE,1,completed
288762637,1,2,1,FALSE,FALSE,TRUE,2,still_orphaned
288762694,4,3,2,TRUE,FALSE,FALSE,1,other
288763243,3,2,2,FALSE,TRUE,FALSE,1,completed
288763456,3,2,2,FALSE,TRUE,FALSE,1,completed
288763604,1,0,1,FALSE,FALSE,TRUE,0,still_orphaned
288764142,2,2,1,TRUE,FALSE,FALSE,1,other
288769267,4,5,2,TRUE,FALSE,FALSE,3,other
288769359,4,3,2,TRUE,FALSE,FALSE,1,other
288769520,4,4,2,TRUE,FALSE,FALSE,2,other
288769681,4,3,2,TRUE,FALSE,FALSE,1,other
288769923,4,3,2,TRUE,FALSE,FALSE,1,other
288769961,3,5,2,FALSE,FALSE,FALSE,4,still_orphaned
288770186,2,1,1,TRUE,TRUE,FALSE,0,already_paired
288770373,2,3,1,TRUE,FALSE,FALSE,2,other
288770667,1,1,1,FALSE,TRUE,TRUE,1,completed
288770957,1,0,1,FALSE,FALSE,TRUE,0,still_orphaned
288771087,1,0,1,FALSE,FALSE,TRUE,0,still_orphaned
288771236,3,1,2,FALSE,FALSE,FALSE,0,still_orphaned
288771257,1,0,1,FALSE,FALSE,TRUE,0,still_orphaned
288771394,4,3,2,TRUE,FALSE,FALSE,1,other
288771485,1,0,1,FALSE,FALSE,TRUE,0,still_orphaned
288771525,4,3,2,TRUE,FALSE,FALSE,1,other
288771699,1,2,1,FALSE,FALSE,TRUE,2,still_orphaned
288771713,5,5,3,FALSE,FALSE,FALSE,3,still_orphaned
288771715,2,2,1,TRUE,FALSE,FALSE,1,other
288771827,1,2,1,FALSE,FALSE,TRUE,2,still_orphaned
288771872,4,3,2,TRUE,FALSE,FALSE,1,other
288771873,1,2,1,FALSE,FALSE,TRUE,2,still_orphaned
288771957,1,0,1,FALSE,FALSE,TRUE,0,still_orphaned
288772055,2,1,1,TRUE,TRUE,FALSE,0,already_paired
288772169,1,0,1,FALSE,FALSE,TRUE,0,still_orphaned
288772289,1,3,1,FALSE,FALSE,TRUE,3,still_orphaned
288772365,3,3,2,FALSE,FALSE,FALSE,2,still_orphaned
288772381,3,6,2,FALSE,FALSE,FALSE,5,still_orphaned
288772599,3,3,2,FALSE,FALSE,FALSE,2,still_orphaned
288773026,6,4,3,TRUE,FALSE,FALSE,1,other
288773043,5,4,3,FALSE,FALSE,FALSE,2,still_orphaned
288773072,2,2,1,TRUE,FALSE,FALSE,1,other
288773182,2,1,1,TRUE,TRUE,FALSE,0,already_paired
288773572,2,2,1,TRUE,FALSE,FALSE,1,other
288773638,1,0,1,FALSE,FALSE,TRUE,0,still_orphaned
288773821,2,2,1,TRUE,FALSE,FALSE,1,other
288773832,2,2,1,TRUE,FALSE,FALSE,1,other
288773953,4,3,2,TRUE,FALSE,FALSE,1,other
288774042,1,0,1,FALSE,FALSE,TRUE,0,still_orphaned
288774143,5,4,3,FALSE,FALSE,FALSE,2,still_orphaned
288774180,2,1,1,TRUE,TRUE,FALSE,0,already_paired
288774499,5,5,3,FALSE,FALSE,FALSE,3,still_orphaned
288774707,1,2,1,FALSE,FALSE,TRUE,2,still_orphaned
288774826,3,6,2,FALSE,FALSE,FALSE,5,still_orphaned
288774877,2,2,1,TRUE,FALSE,FALSE,1,other
288774929,1,0,1,FALSE,FALSE,TRUE,0,still_orphaned
288775019,2,2,1,TRUE,FALSE,FALSE,1,other
288775047,2,3,1,TRUE,FALSE,FALSE,2,other
288775116,1,2,1,FALSE,FALSE,TRUE,2,still_orphaned
288775505,4,5,2,TRUE,FALSE,FALSE,3,other
288775540,2,1,1,TRUE,TRUE,FALSE,0,already_paired
288775549,1,3,1,FALSE,FALSE,TRUE,3,still_orphaned
288775740,1,1,1,FALSE,TRUE,TRUE,1,completed
288775809,5,3,3,FALSE,TRUE,FALSE,1,completed
288776085,5,5,3,FALSE,FALSE,FALSE,3,still_orphaned
288776157,2,2,1,TRUE,FALSE,FALSE,1,other
288776662,2,1,1,TRUE,TRUE,FALSE,0,already_paired
288776683,4,2,2,TRUE,TRUE,FALSE,0,already_paired
288776963,6,6,3,TRUE,FALSE,FALSE,3,other
288777132,3,5,2,FALSE,FALSE,FALSE,4,still_orphaned
288777167,3,2,2,FALSE,TRUE,FALSE,1,completed
288777173,4,3,2,TRUE,FALSE,FALSE,1,other
288777241,2,2,1,TRUE,FALSE,FALSE,1,other
288777538,1,0,1,FALSE,FALSE,TRUE,0,still_orphaned
288777751,2,2,1,TRUE,FALSE,FALSE,1,other
288777764,4,2,2,TRUE,TRUE,FALSE,0,already_paired
288777778,1,0,1,FALSE,FALSE,TRUE,0,still_orphaned
288777800,2,2,1,TRUE,FALSE,FALSE,1,other
288777853,2,2,1,TRUE,FALSE,FALSE,1,other
288778007,3,2,2,FALSE,TRUE,FALSE,1,completed
288778194,5,5,3,FALSE,FALSE,FALSE,3,still_orphaned
288778412,6,6,3,TRUE,FALSE,FALSE,3,other
288778420,3,3,2,FALSE,FALSE,FALSE,2,still_orphaned
288778647,3,2,2,FALSE,TRUE,FALSE,1,completed
288778691,3,2,2,FALSE,TRUE,FALSE,1,completed
288779110,1,2,1,FALSE,FALSE,TRUE,2,still_orphaned
288779322,1,0,1,FALSE,FALSE,TRUE,0,still_orphaned
288779473,5,2,3,FALSE,FALSE,FALSE,0,still_orphaned
288779506,2,1,1,TRUE,TRUE,FALSE,0,already_paired
288779622,3,4,2,FALSE,FALSE,FALSE,3,still_orphaned
288779716,3,5,2,FALSE,FALSE,FALSE,4,still_orphaned
288780399,4,4,2,TRUE,FALSE,FALSE,2,other
288780532,2,2,1,TRUE,FALSE,FALSE,1,other
288780760,2,2,1,TRUE,FALSE,FALSE,1,other
288780900,6,7,3,TRUE,FALSE,FALSE,4,other
288781574,1,1,1,FALSE,TRUE,TRUE,1,completed
288781579,5,7,3,FALSE,FALSE,FALSE,5,still_orphaned
288782049,1,3,1,FALSE,FALSE,TRUE,3,still_orphaned
288782206,2,2,1,TRUE,FALSE,FALSE,1,other
288782492,2,2,1,TRUE,FALSE,FALSE,1,other
288782548,2,1,1,TRUE,TRUE,FALSE,0,already_paired
288783054,2,2,1,TRUE,FALSE,FALSE,1,other
288783078,3,4,2,FALSE,FALSE,FALSE,3,still_orphaned
288783231,2,1,1,TRUE,TRUE,FALSE,0,already_paired
288783374,4,3,2,TRUE,FALSE,FALSE,1,other
288783651,5,3,3,FALSE,TRUE,FALSE,1,completed
288783925,5,3,3,FALSE,TRUE,FALSE,1,completed
288783961,2,2,1,TRUE,FALSE,FALSE,1,other
288783968,1,2,1,FALSE,FALSE,TRUE,2,still_orphaned
288784190,1,1,1,FALSE,TRUE,TRUE,1,completed
288784234,3,3,2,FALSE,FALSE,FALSE,2,still_orphaned
288784253,1,0,1,FALSE,FALSE,TRUE,0,still_orphaned
288784379,1,2,1,FALSE,FALSE,TRUE,2,still_orphaned
288784547,1,4,1,FALSE,FALSE,TRUE,4,still_orphaned
288784657,2,1,1,TRUE,TRUE,FALSE,0,already_paired
288785311,2,2,1,TRUE,FALSE,FALSE,1,other
288785488,3,2,2,FALSE,TRUE,FALSE,1,completed
288785532,3,3,2,FALSE,FALSE,FALSE,2,still_orphaned
288785779,2,1,1,TRUE,TRUE,FALSE,0,already_paired
288786221,5,3,3,FALSE,TRUE,FALSE,1,completed
288786233,5,4,3,FALSE,FALSE,FALSE,2,still_orphaned
288786622,1,2,1,FALSE,FALSE,TRUE,2,still_orphaned
288786686,1,0,1,FALSE,FALSE,TRUE,0,still_orphaned
288786709,1,3,1,FALSE,FALSE,TRUE,3,still_orphaned
288786838,5,3,3,FALSE,TRUE,FALSE,1,completed
288786962,6,4,3,TRUE,FALSE,FALSE,1,other
288787147,3,3,2,FALSE,FALSE,FALSE,2,still_orphaned
288787200,2,1,1,TRUE,TRUE,FALSE,0,already_paired
288787258,6,7,3,TRUE,FALSE,FALSE,4,other
288787690,1,2,1,FALSE,FALSE,TRUE,2,still_orphaned
288787960,2,1,1,TRUE,TRUE,FALSE,0,already_paired
288788019,1,0,1,FALSE,FALSE,TRUE,0,still_orphaned
288788214,3,2,2,FALSE,TRUE,FALSE,1,completed
288788220,3,3,2,FALSE,FALSE,FALSE,2,still_orphaned
288788428,3,2,2,FALSE,TRUE,FALSE,1,completed
288788463,1,2,1,FALSE,FALSE,TRUE,2,still_orphaned
288788512,1,0,1,FALSE,FALSE,TRUE,0,still_orphaned
288788555,3,4,2,FALSE,FALSE,FALSE,3,still_orphaned
288788576,1,2,1,FALSE,FALSE,TRUE,2,still_orphaned
288788709,7,5,4,FALSE,FALSE,FALSE,2,still_orphaned
288789273,1,0,1,FALSE,FALSE,TRUE,0,still_orphaned
288789275,1,3,1,FALSE,FALSE,TRUE,3,still_orphaned
288789291,3,1,2,FALSE,FALSE,FALSE,0,still_orphaned
288789500,5,3,3,FALSE,TRUE,FALSE,1,completed
288789545,3,1,2,FALSE,FALSE,FALSE,0,still_orphaned
288789817,3,4,2,FALSE,FALSE,FALSE,3,still_orphaned
288790167,2,2,1,TRUE,FALSE,FALSE,1,other
288790410,1,0,1,FALSE,FALSE,TRUE,0,still_orphaned
288790503,2,4,1,TRUE,FALSE,FALSE,3,other
288790515,1,3,1,FALSE,FALSE,TRUE,3,still_orphaned
288790606,1,1,1,FALSE,TRUE,TRUE,1,completed
288790775,5,3,3,FALSE,TRUE,FALSE,1,completed
288790857,2,3,1,TRUE,FALSE,FALSE,2,other
288790865,1,2,1,FALSE,FALSE,TRUE,2,still_orphaned
288790931,1,1,1,FALSE,TRUE,TRUE,1,completed
288791210,4,4,2,TRUE,FALSE,FALSE,2,other
288791450,1,3,1,FALSE,FALSE,TRUE,3,still_orphaned
288791547,3,3,2,FALSE,FALSE,FALSE,2,still_orphaned
288791936,1,0,1,FALSE,FALSE,TRUE,0,still_orphaned
288791964,2,3,1,TRUE,FALSE,FALSE,2,other
288792430,4,3,2,TRUE,FALSE,FALSE,1,other
288792601,2,1,1,TRUE,TRUE,FALSE,0,already_paired
288792705,6,5,3,TRUE,FALSE,FALSE,2,other
288792754,2,2,1,TRUE,FALSE,FALSE,1,other
288792769,3,3,2,FALSE,FALSE,FALSE,2,still_orphaned
288792770,1,0,1,FALSE,FALSE,TRUE,0,still_orphaned
288792893,3,3,2,FALSE,FALSE,FALSE,2,still_orphaned
288792913,1,0,1,FALSE,FALSE,TRUE,0,still_orphaned
288793052,1,0,1,FALSE,FALSE,TRUE,0,still_orphaned
288793208,1,0,1,FALSE,FALSE,TRUE,0,still_orphaned
288793266,4,4,2,TRUE,FALSE,FALSE,2,other
288793299,3,2,2,FALSE,TRUE,FALSE,1,completed
288793373,4,5,2,TRUE,FALSE,FALSE,3,other
288793564,2,1,1,TRUE,TRUE,FALSE,0,already_paired
288793664,5,4,3,FALSE,FALSE,FALSE,2,still_orphaned
288793822,2,2,1,TRUE,FALSE,FALSE,1,other
288793915,3,5,2,FALSE,FALSE,FALSE,4,still_orphaned
288793945,2,2,1,TRUE,FALSE,FALSE,1,other
288794101,1,0,1,FALSE,FALSE,TRUE,0,still_orphaned
288794367,4,5,2,TRUE,FALSE,FALSE,3,other
288794397,2,1,1,TRUE,TRUE,FALSE,0,already_paired
288794469,2,2,1,TRUE,FALSE,FALSE,1,other
288794609,1,0,1,FALSE,FALSE,TRUE,0,still_orphaned
288794673,4,3,2,TRUE,FALSE,FALSE,1,other
288794789,5,5,3,FALSE,FALSE,FALSE,3,still_orphaned
288795025,1,3,1,FALSE,FALSE,TRUE,3,still_orphaned
288795072,6,4,3,TRUE,FALSE,FALSE,1,other
288795168,4,5,2,TRUE,FALSE,FALSE,3,other
288795332,3,1,2,FALSE,FALSE,FALSE,0,still_orphaned
288795479,1,2,1,FALSE,FALSE,TRUE,2,still_orphaned
288795484,2,2,1,TRUE,FALSE,FALSE,1,other
288795546,2,3,1,TRUE,FALSE,FALSE,2,other
288795797,5,4,3,FALSE,FALSE,FALSE,2,still_orphaned
288796125,2,2,1,TRUE,FALSE,FALSE,1,other
288796243,3,3,2,FALSE,FALSE,FALSE,2,still_orphaned
288796245,2,1,1,TRUE,TRUE,FALSE,0,already_paired
288796461,1,0,1,FALSE,FALSE,TRUE,0,still_orphaned
288796557,1,0,1,FALSE,FALSE,TRUE,0,still_orphaned
288796606,5,5,3,FALSE,FALSE,FALSE,3,still_orphaned
288796934,2,1,1,TRUE,TRUE,FALSE,0,already_paired
288797364,2,3,1,TRUE,FALSE,FALSE,2,other
288797591,1,0,1,FALSE,FALSE,TRUE,0,still_orphaned
288797787,3,3,2,FALSE,FALSE,FALSE,2,still_orphaned
288797892,2,2,1,TRUE,FALSE,FALSE,1,other
288798006,2,2,1,TRUE,FALSE,FALSE,1,other
288798158,1,2,1,FALSE,FALSE,TRUE,2,still_orphaned
288798406,1,2,1,FALSE,FALSE,TRUE,2,still_orphaned
288798460,3,2,2,FALSE,TRUE,FALSE,1,completed
288798524,1,2,1,FALSE,FALSE,TRUE,2,still_orphaned
288798576,3,3,2,FALSE,FALSE,FALSE,2,still_orphaned
288799007,1,2,1,FALSE,FALSE,TRUE,2,still_orphaned
288799118,2,1,1,TRUE,TRUE,FALSE,0,already_paired
288799198,2,3,1,TRUE,FALSE,FALSE,2,other
288799224,2,3,1,TRUE,FALSE,FALSE,2,other
288799348,2,2,1,TRUE,FALSE,FALSE,1,other
288799605,3,3,2,FALSE,FALSE,FALSE,2,still_orphaned
288799739,5,3,3,FALSE,TRUE,FALSE,1,completed
288799820,2,1,1,TRUE,TRUE,FALSE,0,already_paired
288799996,1,2,1,FALSE,FALSE,TRUE,2,still_orphaned
288800048,2,2,1,TRUE,FALSE,FALSE,1,other
288800381,5,4,3,FALSE,FALSE,FALSE,2,still_orphaned
288800468,1,1,1,FALSE,TRUE,TRUE,1,completed
288801078,2,2,1,TRUE,FALSE,FALSE,1,other
288801105,1,0,1,FALSE,FALSE,TRUE,0,still_orphaned
288801669,1,3,1,FALSE,FALSE,TRUE,3,still_orphaned
288826164,3,2,2,FALSE,TRUE,FALSE,1,completed
288826449,4,4,2,TRUE,FALSE,FALSE,2,other
288827264,2,3,1,TRUE,FALSE,FALSE,2,other
288827287,3,3,2,FALSE,FALSE,FALSE,2,still_orphaned
288827472,4,3,2,TRUE,FALSE,FALSE,1,other
288827520,1,2,1,FALSE,FALSE,TRUE,2,still_orphaned
288827523,1,0,1,FALSE,FALSE,TRUE,0,still_orphaned
288827757,2,4,1,TRUE,FALSE,FALSE,3,other
288827927,3,1,2,FALSE,FALSE,FALSE,0,still_orphaned
288828160,2,1,1,TRUE,TRUE,FALSE,0,already_paired
288828236,3,3,2,FALSE,FALSE,FALSE,2,still_orphaned
288828265,1,0,1,FALSE,FALSE,TRUE,0,still_orphaned
288828527,1,0,1,FALSE,FALSE,TRUE,0,still_orphaned
288828577,5,4,3,FALSE,FALSE,FALSE,2,still_orphaned
288828631,7,8,4,FALSE,FALSE,FALSE,5,still_orphaned
288828755,3,2,2,FALSE,TRUE,FALSE,1,completed
288828882,2,2,1,TRUE,FALSE,FALSE,1,other
288829067,4,4,2,TRUE,FALSE,FALSE,2,other
288829069,4,4,2,TRUE,FALSE,FALSE,2,other
288829354,4,4,2,TRUE,FALSE,FALSE,2,other
288829410,3,3,2,FALSE,FALSE,FALSE,2,still_orphaned
288829600,1,2,1,FALSE,FALSE,TRUE,2,still_orphaned
288829734,4,6,2,TRUE,FALSE,FALSE,4,other
288829754,1,2,1,FALSE,FALSE,TRUE,2,still_orphaned
288829810,5,4,3,FALSE,FALSE,FALSE,2,still_orphaned
288829859,4,3,2,TRUE,FALSE,FALSE,1,other
288829911,2,1,1,TRUE,TRUE,FALSE,0,already_paired
288830306,2,1,1,TRUE,TRUE,FALSE,0,already_paired
288830315,1,0,1,FALSE,FALSE,TRUE,0,still_orphaned
288830540,3,3,2,FALSE,FALSE,FALSE,2,still_orphaned
288830653,3,1,2,FALSE,FALSE,FALSE,0,still_orphaned
288830671,5,4,3,FALSE,FALSE,FALSE,2,still_orphaned
288830779,3,5,2,FALSE,FALSE,FALSE,4,still_orphaned
288830783,4,3,2,TRUE,FALSE,FALSE,1,other
288831062,4,5,2,TRUE,FALSE,FALSE,3,other
288831215,4,3,2,TRUE,FALSE,FALSE,1,other
288831227,1,2,1,FALSE,FALSE,TRUE,2,still_orphaned
288831295,1,1,1,FALSE,TRUE,TRUE,1,completed
288831334,5,4,3,FALSE,FALSE,FALSE,2,still_orphaned
288831441,4,4,2,TRUE,FALSE,FALSE,2,other
288831738,5,4,3,FALSE,FALSE,FALSE,2,still_orphaned
288831740,1,0,1,FALSE,FALSE,TRUE,0,still_orphaned
288831918,1,2,1,FALSE,FALSE,TRUE,2,still_orphaned
288832090,2,1,1,TRUE,TRUE,FALSE,0,already_paired
288832386,5,4,3,FALSE,FALSE,FALSE,2,still_orphaned
288832671,2,3,1,TRUE,FALSE,FALSE,2,other
288832870,5,5,3,FALSE,FALSE,FALSE,3,still_orphaned
288833189,1,0,1,FALSE,FALSE,TRUE,0,still_orphaned
288833222,3,4,2,FALSE,FALSE,FALSE,3,still_orphaned
288833274,3,3,2,FALSE,FALSE,FALSE,2,still_orphaned
288833293,2,3,1,TRUE,FALSE,FALSE,2,other
288833298,3,3,2,FALSE,FALSE,FALSE,2,still_orphaned
288833381,1,3,1,FALSE,FALSE,TRUE,3,still_orphaned
288833606,3,2,2,FALSE,TRUE,FALSE,1,completed
288833732,3,2,2,FALSE,TRUE,FALSE,1,completed
288833760,5,6,3,FALSE,FALSE,FALSE,4,still_orphaned
288833829,3,2,2,FALSE,TRUE,FALSE,1,completed
288833858,2,1,1,TRUE,TRUE,FALSE,0,already_paired
288833999,1,1,1,FALSE,TRUE,TRUE,1,completed
288834078,5,4,3,FALSE,FALSE,FALSE,2,still_orphaned
288834536,2,2,1,TRUE,FALSE,FALSE,1,other
288834687,5,5,3,FALSE,FALSE,FALSE,3,still_orphaned
288834941,5,3,3,FALSE,TRUE,FALSE,1,completed
288835067,2,2,1,TRUE,FALSE,FALSE,1,other
288835139,3,5,2,FALSE,FALSE,FALSE,4,still_orphaned
288835252,5,5,3,FALSE,FALSE,FALSE,3,still_orphaned
288835635,2,1,1,TRUE,TRUE,FALSE,0,already_paired
288835945,3,1,2,FALSE,FALSE,FALSE,0,still_orphaned
288836855,2,2,1,TRUE,FALSE,FALSE,1,other
288836921,3,5,2,FALSE,FALSE,FALSE,4,still_orphaned
288837142,2,2,1,TRUE,FALSE,FALSE,1,other
288837384,1,1,1,FALSE,TRUE,TRUE,1,completed
288837389,3,4,2,FALSE,FALSE,FALSE,3,still_orphaned
288837480,5,3,3,FALSE,TRUE,FALSE,1,completed
288837941,3,5,2,FALSE,FALSE,FALSE,4,still_orphaned
288838027,2,2,1,TRUE,FALSE,FALSE,1,other
288838483,3,4,2,FALSE,FALSE,FALSE,3,still_orphaned
288838532,1,0,1,FALSE,FALSE,TRUE,0,still_orphaned
288838553,2,1,1,TRUE,TRUE,FALSE,0,already_paired
288838600,2,2,1,TRUE,FALSE,FALSE,1,other
288838601,5,5,3,FALSE,FALSE,FALSE,3,still_orphaned
288838908,5,4,3,FALSE,FALSE,FALSE,2,still_orphaned
288839474,5,6,3,FALSE,FALSE,FALSE,4,still_orphaned
288839651,3,5,2,FALSE,FALSE,FALSE,4,still_orphaned
288839690,3,2,2,FALSE,TRUE,FALSE,1,completed
288839715,2,3,1,TRUE,FALSE,FALSE,2,other
288839926,3,2,2,FALSE,TRUE,FALSE,1,completed
288840458,1,2,1,FALSE,FALSE,TRUE,2,still_orphaned
288840552,2,1,1,TRUE,TRUE,FALSE,0,already_paired
288840616,4,4,2,TRUE,FALSE,FALSE,2,other
288840643,2,2,1,TRUE,FALSE,FALSE,1,other
288840829,1,2,1,FALSE,FALSE,TRUE,2,still_orphaned
288840915,1,2,1,FALSE,FALSE,TRUE,2,still_orphaned
288841092,6,7,3,TRUE,FALSE,FALSE,4,other
288841174,1,2,1,FALSE,FALSE,TRUE,2,still_orphaned
288841329,1,3,1,FALSE,FALSE,TRUE,3,still_orphaned
288841470,1,2,1,FALSE,FALSE,TRUE,2,still_orphaned
288841976,1,0,1,FALSE,FALSE,TRUE,0,still_orphaned
288842066,2,2,1,TRUE,FALSE,FALSE,1,other
288842494,2,2,1,TRUE,FALSE,FALSE,1,other
288842607,3,3,2,FALSE,FALSE,FALSE,2,still_orphaned
288842643,2,2,1,TRUE,FALSE,FALSE,1,other
288842986,3,5,2,FALSE,FALSE,FALSE,4,still_orphaned
288843090,3,4,2,FALSE,FALSE,FALSE,3,still_orphaned
288843106,7,6,4,FALSE,FALSE,FALSE,3,still_orphaned
288843157,6,5,3,TRUE,FALSE,FALSE,2,other
288843303,4,4,2,TRUE,FALSE,FALSE,2,other
288843340,3,3,2,FALSE,FALSE,FALSE,2,still_orphaned
288843970,2,2,1,TRUE,FALSE,FALSE,1,other
288844032,4,2,2,TRUE,TRUE,FALSE,0,already_paired
288844382,1,0,1,FALSE,FALSE,TRUE,0,still_orphaned
288844411,4,5,2,TRUE,FALSE,FALSE,3,other
288844661,3,6,2,FALSE,FALSE,FALSE,5,still_orphaned
288844713,7,6,4,FALSE,FALSE,FALSE,3,still_orphaned
288844974,1,0,1,FALSE,FALSE,TRUE,0,still_orphaned
288845100,1,0,1,FALSE,FALSE,TRUE,0,still_orphaned
288845308,2,2,1,TRUE,FALSE,FALSE,1,other
288845496,3,3,2,FALSE,FALSE,FALSE,2,still_orphaned
288845739,2,1,1,TRUE,TRUE,FALSE,0,already_paired
288845861,1,3,1,FALSE,FALSE,TRUE,3,still_orphaned
288845997,2,2,1,TRUE,FALSE,FALSE,1,other
288846181,5,4,3,FALSE,FALSE,FALSE,2,still_orphaned
288846214,3,2,2,FALSE,TRUE,FALSE,1,completed
288846506,5,5,3,FALSE,FALSE,FALSE,3,still_orphaned
288847049,2,2,1,TRUE,FALSE,FALSE,1,other
288847096,3,2,2,FALSE,TRUE,FALSE,1,completed
288847139,2,3,1,TRUE,FALSE,FALSE,2,other
288847405,2,4,1,TRUE,FALSE,FALSE,3,other
288847604,1,4,1,FALSE,FALSE,TRUE,4,still_orphaned
288847612,2,1,1,TRUE,TRUE,FALSE,0,already_paired
288847720,1,0,1,FALSE,FALSE,TRUE,0,still_orphaned
288848222,4,2,2,TRUE,TRUE,FALSE,0,already_paired
288848284,3,2,2,FALSE,TRUE,FALSE,1,completed
288848420,2,3,1,TRUE,FALSE,FALSE,2,other
288848604,1,0,1,FALSE,FALSE,TRUE,0,still_orphaned
288848619,3,4,2,FALSE,FALSE,FALSE,3,still_orphaned
288848938,4,3,2,TRUE,FALSE,FALSE,1,other
288848972,1,0,1,FALSE,FALSE,TRUE,0,still_orphaned
288849056,3,2,2,FALSE,TRUE,FALSE,1,completed
288849345,2,1,1,TRUE,TRUE,FALSE,0,already_paired
288849357,1,2,1,FALSE,FALSE,TRUE,2,still_orphaned
288849418,2,2,1,TRUE,FALSE,FALSE,1,other
288849450,2,3,1,TRUE,FALSE,FALSE,2,other
288849521,3,2,2,FALSE,TRUE,FALSE,1,completed
288850008,4,4,2,TRUE,FALSE,FALSE,2,other
288850213,2,2,1,TRUE,FALSE,FALSE,1,other
288850237,5,4,3,FALSE,FALSE,FALSE,2,still_orphaned
288850444,3,2,2,FALSE,TRUE,FALSE,1,completed
288850457,3,2,2,FALSE,TRUE,FALSE,1,completed
288850493,1,2,1,FALSE,FALSE,TRUE,2,still_orphaned
288850712,1,2,1,FALSE,FALSE,TRUE,2,still_orphaned
288850850,1,0,1,FALSE,FALSE,TRUE,0,still_orphaned
288850870,2,2,1,TRUE,FALSE,FALSE,1,other
288851333,1,0,1,FALSE,FALSE,TRUE,0,still_orphaned
288851418,3,4,2,FALSE,FALSE,FALSE,3,still_orphaned
288851758,1,0,1,FALSE,FALSE,TRUE,0,still_orphaned
288851767,1,0,1,FALSE,FALSE,TRUE,0,still_orphaned
288851843,7,7,4,FALSE,FALSE,FALSE,4,still_orphaned
288851873,1,0,1,FALSE,FALSE,TRUE,0,still_orphaned
288851891,2,2,1,TRUE,FALSE,FALSE,1,other
288852084,2,3,1,TRUE,FALSE,FALSE,2,other
288852497,3,3,2,FALSE,FALSE,FALSE,2,still_orphaned
288852632,1,0,1,FALSE,FALSE,TRUE,0,still_orphaned
288852837,1,0,1,FALSE,FALSE,TRUE,0,still_orphaned
288852848,4,6,2,TRUE,FALSE,FALSE,4,other
288852886,5,3,3,FALSE,TRUE,FALSE,1,completed
288852911,2,2,1,TRUE,FALSE,FALSE,1,other
288853290,1,0,1,FALSE,FALSE,TRUE,0,still_orphaned
288853490,2,2,1,TRUE,FALSE,FALSE,1,other
288854102,5,4,3,FALSE,FALSE,FALSE,2,still_orphaned
288854258,2,3,1,TRUE,FALSE,FALSE,2,other
288854266,2,4,1,TRUE,FALSE,FALSE,3,other
288854339,3,1,2,FALSE,FALSE,FALSE,0,still_orphaned
288854378,2,2,1,TRUE,FALSE,FALSE,1,other
288854488,3,1,2,FALSE,FALSE,FALSE,0,still_orphaned
288854538,1,2,1,FALSE,FALSE,TRUE,2,still_orphaned
288854579,2,2,1,TRUE,FALSE,FALSE,1,other
288854680,4,5,2,TRUE,FALSE,FALSE,3,other
288855023,3,5,2,FALSE,FALSE,FALSE,4,still_orphaned
288855078,3,3,2,FALSE,FALSE,FALSE,2,still_orphaned
288855155,3,4,2,FALSE,FALSE,FALSE,3,still_orphaned
288855193,2,3,1,TRUE,FALSE,FALSE,2,other
288855728,2,2,1,TRUE,FALSE,FALSE,1,other
288862637,1,0,1,FALSE,FALSE,TRUE,0,still_orphaned
288862769,4,4,2,TRUE,FALSE,FALSE,2,other
288862821,2,2,1,TRUE,FALSE,FALSE,1,other
288862891,4,3,2,TRUE,FALSE,FALSE,1,other
288863220,2,3,1,TRUE,FALSE,FALSE,2,other
288863505,3,3,2,FALSE,FALSE,FALSE,2,still_orphaned
288863850,3,2,2,FALSE,TRUE,FALSE,1,completed
288863867,3,4,2,FALSE,FALSE,FALSE,3,still_orphaned
288863914,1,3,1,FALSE,FALSE,TRUE,3,still_orphaned
288863975,5,4,3,FALSE,FALSE,FALSE,2,still_orphaned
288864156,2,2,1,TRUE,FALSE,FALSE,1,other
288864161,4,4,2,TRUE,FALSE,FALSE,2,other
288864356,3,2,2,FALSE,TRUE,FALSE,1,completed
288864469,3,1,2,FALSE,FALSE,FALSE,0,still_orphaned
288864563,1,0,1,FALSE,FALSE,TRUE,0,still_orphaned
288864652,1,0,1,FALSE,FALSE,TRUE,0,still_orphaned
288864689,3,3,2,FALSE,FALSE,FALSE,2,still_orphaned
288864931,6,4,3,TRUE,FALSE,FALSE,1,other
288864940,6,5,3,TRUE,FALSE,FALSE,2,other
288864965,1,2,1,FALSE,FALSE,TRUE,2,still_orphaned
288865081,1,3,1,FALSE,FALSE,TRUE,3,still_orphaned
288865115,1,0,1,FALSE,FALSE,TRUE,0,still_orphaned
288865230,2,1,1,TRUE,TRUE,FALSE,0,already_paired
288865233,2,2,1,TRUE,FALSE,FALSE,1,other
288865264,1,2,1,FALSE,FALSE,TRUE,2,still_orphaned
288865463,1,1,1,FALSE,TRUE,TRUE,1,completed
288865552,4,6,2,TRUE,FALSE,FALSE,4,other
288865595,3,2,2,FALSE,TRUE,FALSE,1,completed
288866015,5,3,3,FALSE,TRUE,FALSE,1,completed
288866068,2,2,1,TRUE,FALSE,FALSE,1,other
288866177,4,3,2,TRUE,FALSE,FALSE,1,other
288866540,2,3,1,TRUE,FALSE,FALSE,2,other
288866664,4,2,2,TRUE,TRUE,FALSE,0,already_paired
288866710,2,1,1,TRUE,TRUE,FALSE,0,already_paired
288866833,3,2,2,FALSE,TRUE,FALSE,1,completed
288866906,3,1,2,FALSE,FALSE,FALSE,0,still_orphaned
288866956,2,1,1,TRUE,TRUE,FALSE,0,already_paired
288866998,3,4,2,FALSE,FALSE,FALSE,3,still_orphaned
288867070,2,2,1,TRUE,FALSE,FALSE,1,other
288867099,2,2,1,TRUE,FALSE,FALSE,1,other
288867423,5,5,3,FALSE,FALSE,FALSE,3,still_orphaned
288867578,5,6,3,FALSE,FALSE,FALSE,4,still_orphaned
288867874,4,3,2,TRUE,FALSE,FALSE,1,other
288867881,4,2,2,TRUE,TRUE,FALSE,0,already_paired
288867894,1,2,1,FALSE,FALSE,TRUE,2,still_orphaned
288867956,3,2,2,FALSE,TRUE,FALSE,1,completed
288868007,1,2,1,FALSE,FALSE,TRUE,2,still_orphaned
288868317,3,2,2,FALSE,TRUE,FALSE,1,completed
288868347,3,2,2,FALSE,TRUE,FALSE,1,completed
288868401,1,0,1,FALSE,FALSE,TRUE,0,still_orphaned
288868672,1,3,1,FALSE,FALSE,TRUE,3,still_orphaned
288868800,2,1,1,TRUE,TRUE,FALSE,0,already_paired
288868850,1,1,1,FALSE,TRUE,TRUE,1,completed
288868974,2,4,1,TRUE,FALSE,FALSE,3,other
288868998,1,3,1,FALSE,FALSE,TRUE,3,still_orphaned
288869316,6,4,3,TRUE,FALSE,FALSE,1,other
288869350,2,2,1,TRUE,FALSE,FALSE,1,other
288869581,5,5,3,FALSE,FALSE,FALSE,3,still_orphaned
288869622,4,3,2,TRUE,FALSE,FALSE,1,other
288869716,1,2,1,FALSE,FALSE,TRUE,2,still_orphaned
288869794,3,2,2,FALSE,TRUE,FALSE,1,completed
288869860,3,2,2,FALSE,TRUE,FALSE,1,completed
288869895,4,6,2,TRUE,FALSE,FALSE,4,other
288870018,3,3,2,FALSE,FALSE,FALSE,2,still_orphaned
288870099,1,1,1,FALSE,TRUE,TRUE,1,completed
288870417,3,2,2,FALSE,TRUE,FALSE,1,completed
288870592,7,5,4,FALSE,FALSE,FALSE,2,still_orphaned
288870752,2,2,1,TRUE,FALSE,FALSE,1,other
288870933,1,3,1,FALSE,FALSE,TRUE,3,still_orphaned
288871135,3,3,2,FALSE,FALSE,FALSE,2,still_orphaned
288871233,2,2,1,TRUE,FALSE,FALSE,1,other
288871608,2,2,1,TRUE,FALSE,FALSE,1,other
288871727,5,3,3,FALSE,TRUE,FALSE,1,completed
288872129,2,2,1,TRUE,FALSE,FALSE,1,other
288872140,3,5,2,FALSE,FALSE,FALSE,4,still_orphaned
288872266,2,2,1,TRUE,FALSE,FALSE,1,other
288872388,3,3,2,FALSE,FALSE,FALSE,2,still_orphaned
288872635,3,2,2,FALSE,TRUE,FALSE,1,completed
288872808,2,1,1,TRUE,TRUE,FALSE,0,already_paired
288873005,2,1,1,TRUE,TRUE,FALSE,0,already_paired
288873301,2,2,1,TRUE,FALSE,FALSE,1,other
288873412,1,2,1,FALSE,FALSE,TRUE,2,still_orphaned
288873508,1,2,1,FALSE,FALSE,TRUE,2,still_orphaned
288873535,5,5,3,FALSE,FALSE,FALSE,3,still_orphaned
288873612,5,4,3,FALSE,FALSE,FALSE,2,still_orphaned
288874039,4,2,2,TRUE,TRUE,FALSE,0,already_paired
288874042,3,5,2,FALSE,FALSE,FALSE,4,still_orphaned
288874129,4,3,2,TRUE,FALSE,FALSE,1,other
288874548,3,2,2,FALSE,TRUE,FALSE,1,completed
288874616,5,3,3,FALSE,TRUE,FALSE,1,completed
288874956,4,3,2,TRUE,FALSE,FALSE,1,other
288875033,2,2,1,TRUE,FALSE,FALSE,1,other
288875573,1,0,1,FALSE,FALSE,TRUE,0,still_orphaned
288875670,1,0,1,FALSE,FALSE,TRUE,0,still_orphaned
288875723,1,2,1,FALSE,FALSE,TRUE,2,still_orphaned
288875812,1,2,1,FALSE,FALSE,TRUE,2,still_orphaned
288876194,4,6,2,TRUE,FALSE,FALSE,4,other
288876270,2,3,1,TRUE,FALSE,FALSE,2,other
288876336,4,4,2,TRUE,FALSE,FALSE,2,other
288876372,2,2,1,TRUE,FALSE,FALSE,1,other
288876479,3,2,2,FALSE,TRUE,FALSE,1,completed
288876663,3,1,2,FALSE,FALSE,FALSE,0,still_orphaned
288876798,2,2,1,TRUE,FALSE,FALSE,1,other
288876969,2,1,1,TRUE,TRUE,FALSE,0,already_paired
288876984,3,4,2,FALSE,FALSE,FALSE,3,still_orphaned
288877083,1,0,1,FALSE,FALSE,TRUE,0,still_orphaned
288877199,1,0,1,FALSE,FALSE,TRUE,0,still_orphaned
288877403,1,2,1,FALSE,FALSE,TRUE,2,still_orphaned
288878098,1,2,1,FALSE,FALSE,TRUE,2,still_orphaned
288878171,2,3,1,TRUE,FALSE,FALSE,2,other
288878525,3,5,2,FALSE,FALSE,FALSE,4,still_orphaned
288878692,2,2,1,TRUE,FALSE,FALSE,1,other
288878725,3,3,2,FALSE,FALSE,FALSE,2,still_orphaned
288878964,4,5,2,TRUE,FALSE,FALSE,3,other
288878984,3,4,2,FALSE,FALSE,FALSE,3,still_orphaned
288878986,3,5,2,FALSE,FALSE,FALSE,4,still_orphaned
288879193,2,2,1,TRUE,FALSE,FALSE,1,other
288879455,4,3,2,TRUE,FALSE,FALSE,1,other
288879507,3,1,2,FALSE,FALSE,FALSE,0,still_orphaned
288879672,3,2,2,FALSE,TRUE,FALSE,1,completed
288879686,3,1,2,FALSE,FALSE,FALSE,0,still_orphaned
288879797,1,1,1,FALSE,TRUE,TRUE,1,completed
288879856,2,2,1,TRUE,FALSE,FALSE,1,other
288880048,2,3,1,TRUE,FALSE,FALSE,2,other
288880061,3,2,2,FALSE,TRUE,FALSE,1,completed
288880256,2,3,1,TRUE,FALSE,FALSE,2,other
288880368,3,2,2,FALSE,TRUE,FALSE,1,completed
288880676,4,3,2,TRUE,FALSE,FALSE,1,other
288880873,2,2,1,TRUE,FALSE,FALSE,1,other
288880879,2,2,1,TRUE,FALSE,FALSE,1,other
288880944,2,4,1,TRUE,FALSE,FALSE,3,other
288881046,1,2,1,FALSE,FALSE,TRUE,2,still_orphaned
288881409,1,2,1,FALSE,FALSE,TRUE,2,still_orphaned
288881582,4,3,2,TRUE,FALSE,FALSE,1,other
288881777,3,2,2,FALSE,TRUE,FALSE,1,completed
288882149,4,5,2,TRUE,FALSE,FALSE,3,other
288882349,2,1,1,TRUE,TRUE,FALSE,0,already_paired
288882656,3,2,2,FALSE,TRUE,FALSE,1,completed
288882678,2,2,1,TRUE,FALSE,FALSE,1,other
288882685,2,1,1,TRUE,TRUE,FALSE,0,already_paired
288882711,4,4,2,TRUE,FALSE,FALSE,2,other
288882869,3,2,2,FALSE,TRUE,FALSE,1,completed
288882900,2,3,1,TRUE,FALSE,FALSE,2,other
288882927,2,3,1,TRUE,FALSE,FALSE,2,other
288883078,1,2,1,FALSE,FALSE,TRUE,2,still_orphaned
288883143,2,1,1,TRUE,TRUE,FALSE,0,already_paired
288883277,3,3,2,FALSE,FALSE,FALSE,2,still_orphaned
288883326,1,2,1,FALSE,FALSE,TRUE,2,still_orphaned
288883368,6,4,3,TRUE,FALSE,FALSE,1,other
288883598,2,2,1,TRUE,FALSE,FALSE,1,other
288884052,2,3,1,TRUE,FALSE,FALSE,2,other
288884537,3,1,2,FALSE,FALSE,FALSE,0,still_orphaned
288884538,2,1,1,TRUE,TRUE,FALSE,0,already_paired
288884560,3,4,2,FALSE,FALSE,FALSE,3,still_orphaned
288884709,3,3,2,FALSE,FALSE,FALSE,2,still_orphaned
288884942,4,5,2,TRUE,FALSE,FALSE,3,other
288885016,1,0,1,FALSE,FALSE,TRUE,0,still_orphaned
288885371,6,6,3,TRUE,FALSE,FALSE,3,other
288885384,1,2,1,FALSE,FALSE,TRUE,2,still_orphaned
288885695,2,2,1,TRUE,FALSE,FALSE,1,other
288885746,1,0,1,FALSE,FALSE,TRUE,0,still_orphaned
288885810,3,2,2,FALSE,TRUE,FALSE,1,completed
288886016,4,4,2,TRUE,FALSE,FALSE,2,other
288886072,4,3,2,TRUE,FALSE,FALSE,1,other
288886144,1,3,1,FALSE,FALSE,TRUE,3,still_orphaned
288886277,2,2,1,TRUE,FALSE,FALSE,1,other
288886400,2,2,1,TRUE,FALSE,FALSE,1,other
288886555,3,5,2,FALSE,FALSE,FALSE,4,still_orphaned
288886622,1,2,1,FALSE,FALSE,TRUE,2,still_orphaned
288886660,3,1,2,FALSE,FALSE,FALSE,0,still_orphaned
288886857,3,2,2,FALSE,TRUE,FALSE,1,completed
288887114,1,2,1,FALSE,FALSE,TRUE,2,still_orphaned
288887149,1,2,1,FALSE,FALSE,TRUE,2,still_orphaned
288887168,4,5,2,TRUE,FALSE,FALSE,3,other
288887288,2,3,1,TRUE,FALSE,FALSE,2,other
288887298,4,2,2,TRUE,TRUE,FALSE,0,already_paired
288887485,1,2,1,FALSE,FALSE,TRUE,2,still_orphaned
288887515,3,5,2,FALSE,FALSE,FALSE,4,still_orphaned
288887549,1,0,1,FALSE,FALSE,TRUE,0,still_orphaned
288887684,5,4,3,FALSE,FALSE,FALSE,2,still_orphaned
288887758,2,2,1,TRUE,FALSE,FALSE,1,other
288887863,1,2,1,FALSE,FALSE,TRUE,2,still_orphaned
288888149,4,3,2,TRUE,FALSE,FALSE,1,other
288888542,3,3,2,FALSE,FALSE,FALSE,2,still_orphaned
288888684,2,2,1,TRUE,FALSE,FALSE,1,other
288888710,1,2,1,FALSE,FALSE,TRUE,2,still_orphaned
288889037,1,4,1,FALSE,FALSE,TRUE,4,still_orphaned
288889109,2,2,1,TRUE,FALSE,FALSE,1,other
288889583,1,2,1,FALSE,FALSE,TRUE,2,still_orphaned
288890521,1,0,1,FALSE,FALSE,TRUE,0,still_orphaned
288890662,2,3,1,TRUE,FALSE,FALSE,2,other
288890799,2,2,1,TRUE,FALSE,FALSE,1,other
288890800,2,1,1,TRUE,TRUE,FALSE,0,already_paired
288890878,3,4,2,FALSE,FALSE,FALSE,3,still_orphaned
288890975,3,2,2,FALSE,TRUE,FALSE,1,completed
288891101,2,2,1,TRUE,FALSE,FALSE,1,other
288891385,1,4,1,FALSE,FALSE,TRUE,4,still_orphaned
288891398,3,1,2,FALSE,FALSE,FALSE,0,still_orphaned
288891603,3,3,2,FALSE,FALSE,FALSE,2,still_orphaned
288891694,3,2,2,FALSE,TRUE,FALSE,1,completed
288891805,2,1,1,TRUE,TRUE,FALSE,0,already_paired
288891834,5,3,3,FALSE,TRUE,FALSE,1,completed
288891841,3,4,2,FALSE,FALSE,FALSE,3,still_orphaned
288892006,2,3,1,TRUE,FALSE,FALSE,2,other
288892020,2,3,1,TRUE,FALSE,FALSE,2,other
288892028,2,2,1,TRUE,FALSE,FALSE,1,other
288892073,2,5,1,TRUE,FALSE,FALSE,4,other
288892084,2,2,1,TRUE,FALSE,FALSE,1,other
288892541,2,2,1,TRUE,FALSE,FALSE,1,other
288892662,2,4,1,TRUE,FALSE,FALSE,3,other
288893530,4,3,2,TRUE,FALSE,FALSE,1,other
288893962,1,2,1,FALSE,FALSE,TRUE,2,still_orphaned
288898836,2,1,1,TRUE,TRUE,FALSE,0,already_paired
288899029,6,4,3,TRUE,FALSE,FALSE,1,other
288899124,1,2,1,FALSE,FALSE,TRUE,2,still_orphaned
288899160,4,3,2,TRUE,FALSE,FALSE,1,other
288899803,3,2,2,FALSE,TRUE,FALSE,1,completed
288899925,1,2,1,FALSE,FALSE,TRUE,2,still_orphaned
288900320,1,0,1,FALSE,FALSE,TRUE,0,still_orphaned
288900345,1,1,1,FALSE,TRUE,TRUE,1,completed
288900771,1,0,1,FALSE,FALSE,TRUE,0,still_orphaned
288900934,2,1,1,TRUE,TRUE,FALSE,0,already_paired
288901022,5,3,3,FALSE,TRUE,FALSE,1,completed
288901145,2,2,1,TRUE,FALSE,FALSE,1,other
288901149,3,5,2,FALSE,FALSE,FALSE,4,still_orphaned
288901203,1,0,1,FALSE,FALSE,TRUE,0,still_orphaned
288901285,1,0,1,FALSE,FALSE,TRUE,0,still_orphaned
288901341,7,9,4,FALSE,FALSE,FALSE,6,still_orphaned
288901569,3,6,2,FALSE,FALSE,FALSE,5,still_orphaned
288901603,2,1,1,TRUE,TRUE,FALSE,0,already_paired
288901640,2,4,1,TRUE,FALSE,FALSE,3,other
288901693,4,4,2,TRUE,FALSE,FALSE,2,other
288901757,1,0,1,FALSE,FALSE,TRUE,0,still_orphaned
288901840,2,1,1,TRUE,TRUE,FALSE,0,already_paired
288901959,4,4,2,TRUE,FALSE,FALSE,2,other
288902108,2,3,1,TRUE,FALSE,FALSE,2,other
288902226,5,5,3,FALSE,FALSE,FALSE,3,still_orphaned
288902300,2,2,1,TRUE,FALSE,FALSE,1,other
288902381,1,3,1,FALSE,FALSE,TRUE,3,still_orphaned
288902575,2,1,1,TRUE,TRUE,FALSE,0,already_paired
288902770,6,6,3,TRUE,FALSE,FALSE,3,other
288902804,1,2,1,FALSE,FALSE,TRUE,2,still_orphaned
288902921,2,1,1,TRUE,TRUE,FALSE,0,already_paired
288902989,1,2,1,FALSE,FALSE,TRUE,2,still_orphaned
288903298,4,5,2,TRUE,FALSE,FALSE,3,other
288903487,3,1,2,FALSE,FALSE,FALSE,0,still_orphaned
288903550,1,0,1,FALSE,FALSE,TRUE,0,still_orphaned
288903624,4,3,2,TRUE,FALSE,FALSE,1,other
288903634,2,1,1,TRUE,TRUE,FALSE,0,already_paired
288903808,5,6,3,FALSE,FALSE,FALSE,4,still_orphaned
288903828,1,3,1,FALSE,FALSE,TRUE,3,still_orphaned
288904009,2,3,1,TRUE,FALSE,FALSE,2,other
288904018,3,4,2,FALSE,FALSE,FALSE,3,still_orphaned
288904031,2,1,1,TRUE,TRUE,FALSE,0,already_paired
288904382,8,8,4,TRUE,FALSE,FALSE,4,other
288904494,2,1,1,TRUE,TRUE,FALSE,0,already_paired
288904504,2,2,1,TRUE,FALSE,FALSE,1,other
288904702,4,3,2,TRUE,FALSE,FALSE,1,other
288904988,3,1,2,FALSE,FALSE,FALSE,0,still_orphaned
288905003,3,4,2,FALSE,FALSE,FALSE,3,still_orphaned
288905061,4,3,2,TRUE,FALSE,FALSE,1,other
288905577,1,2,1,FALSE,FALSE,TRUE,2,still_orphaned
288905659,3,4,2,FALSE,FALSE,FALSE,3,still_orphaned
288905838,2,2,1,TRUE,FALSE,FALSE,1,other
288905946,2,2,1,TRUE,FALSE,FALSE,1,other
288905966,1,3,1,FALSE,FALSE,TRUE,3,still_orphaned
288906091,2,2,1,TRUE,FALSE,FALSE,1,other
288906148,3,2,2,FALSE,TRUE,FALSE,1,completed
288906573,1,0,1,FALSE,FALSE,TRUE,0,still_orphaned
288906738,1,3,1,FALSE,FALSE,TRUE,3,still_orphaned
288907001,5,5,3,FALSE,FALSE,FALSE,3,still_orphaned
288907046,3,5,2,FALSE,FALSE,FALSE,4,still_orphaned
288907131,1,2,1,FALSE,FALSE,TRUE,2,still_orphaned
288907168,2,2,1,TRUE,FALSE,FALSE,1,other
288907751,3,2,2,FALSE,TRUE,FALSE,1,completed
288907950,3,3,2,FALSE,FALSE,FALSE,2,still_orphaned
288907958,4,3,2,TRUE,FALSE,FALSE,1,other
288908139,4,4,2,TRUE,FALSE,FALSE,2,other
288908166,2,3,1,TRUE,FALSE,FALSE,2,other
288908215,1,3,1,FALSE,FALSE,TRUE,3,still_orphaned
288908404,3,5,2,FALSE,FALSE,FALSE,4,still_orphaned
288908485,4,3,2,TRUE,FALSE,FALSE,1,other
288908546,2,2,1,TRUE,FALSE,FALSE,1,other
288908596,1,2,1,FALSE,FALSE,TRUE,2,still_orphaned
288909116,2,1,1,TRUE,TRUE,FALSE,0,already_paired
288909126,2,1,1,TRUE,TRUE,FALSE,0,already_paired
288909159,4,4,2,TRUE,FALSE,FALSE,2,other
288909166,2,2,1,TRUE,FALSE,FALSE,1,other
288909208,1,0,1,FALSE,FALSE,TRUE,0,still_orphaned
288909518,2,2,1,TRUE,FALSE,FALSE,1,other
288909594,2,3,1,TRUE,FALSE,FALSE,2,other
288910287,2,3,1,TRUE,FALSE,FALSE,2,other
288910309,2,3,1,TRUE,FALSE,FALSE,2,other
288910461,2,2,1,TRUE,FALSE,FALSE,1,other
288910688,1,3,1,FALSE,FALSE,TRUE,3,still_orphaned
288910808,2,1,1,TRUE,TRUE,FALSE,0,already_paired
288910999,4,5,2,TRUE,FALSE,FALSE,3,other
288911284,1,0,1,FALSE,FALSE,TRUE,0,still_orphaned
288911489,3,2,2,FALSE,TRUE,FALSE,1,completed
288911552,2,1,1,TRUE,TRUE,FALSE,0,already_paired
288911737,2,2,1,TRUE,FALSE,FALSE,1,other
288911918,1,2,1,FALSE,FALSE,TRUE,2,still_orphaned
288912376,2,3,1,TRUE,FALSE,FALSE,2,other
288912836,4,3,2,TRUE,FALSE,FALSE,1,other
288912947,3,2,2,FALSE,TRUE,FALSE,1,completed
288913096,3,3,2,FALSE,FALSE,FALSE,2,still_orphaned
288913143,2,2,1,TRUE,FALSE,FALSE,1,other
288913149,3,5,2,FALSE,FALSE,FALSE,4,still_orphaned
288913635,3,2,2,FALSE,TRUE,FALSE,1,completed
288913725,2,2,1,TRUE,FALSE,FALSE,1,other
288914052,3,2,2,FALSE,TRUE,FALSE,1,completed
288914272,7,7,4,FALSE,FALSE,FALSE,4,still_orphaned
288914273,2,2,1,TRUE,FALSE,FALSE,1,other
288914384,1,0,1,FALSE,FALSE,TRUE,0,still_orphaned
288914528,2,1,1,TRUE,TRUE,FALSE,0,already_paired
288914685,1,0,1,FALSE,FALSE,TRUE,0,still_orphaned
288914844,1,0,1,FALSE,FALSE,TRUE,0,still_orphaned
288914935,1,0,1,FALSE,FALSE,TRUE,0,still_orphaned
288915011,4,5,2,TRUE,FALSE,FALSE,3,other
288915495,3,4,2,FALSE,FALSE,FALSE,3,still_orphaned
288915527,2,2,1,TRUE,FALSE,FALSE,1,other
288915738,2,2,1,TRUE,FALSE,FALSE,1,other
288915940,1,3,1,FALSE,FALSE,TRUE,3,still_orphaned
288916131,6,5,3,TRUE,FALSE,FALSE,2,other
288916189,3,5,2,FALSE,FALSE,FALSE,4,still_orphaned
288916547,4,5,2,TRUE,FALSE,FALSE,3,other
288916690,5,4,3,FALSE,FALSE,FALSE,2,still_orphaned
288916917,5,3,3,FALSE,TRUE,FALSE,1,completed
288917047,4,3,2,TRUE,FALSE,FALSE,1,other
288917323,1,2,1,FALSE,FALSE,TRUE,2,still_orphaned
288917412,4,3,2,TRUE,FALSE,FALSE,1,other
288917634,2,1,1,TRUE,TRUE,FALSE,0,already_paired
288917751,4,3,2,TRUE,FALSE,FALSE,1,other
288917782,3,2,2,FALSE,TRUE,FALSE,1,completed
288917799,2,2,1,TRUE,FALSE,FALSE,1,other
288917801,4,2,2,TRUE,TRUE,FALSE,0,already_paired
288917802,5,6,3,FALSE,FALSE,FALSE,4,still_orphaned
288917812,1,2,1,FALSE,FALSE,TRUE,2,still_orphaned
288918040,1,2,1,FALSE,FALSE,TRUE,2,still_orphaned
288918059,2,3,1,TRUE,FALSE,FALSE,2,other
288918101,1,0,1,FALSE,FALSE,TRUE,0,still_orphaned
288918153,1,0,1,FALSE,FALSE,TRUE,0,still_orphaned
288918181,3,3,2,FALSE,FALSE,FALSE,2,still_orphaned
288918212,1,0,1,FALSE,FALSE,TRUE,0,still_orphaned
288918480,10,7,5,TRUE,FALSE,FALSE,2,other
288919066,4,6,2,TRUE,FALSE,FALSE,4,other
288919330,3,2,2,FALSE,TRUE,FALSE,1,completed
288919539,1,2,1,FALSE,FALSE,TRUE,2,still_orphaned
288919709,3,4,2,FALSE,FALSE,FALSE,3,still_orphaned
288919771,1,2,1,FALSE,FALSE,TRUE,2,still_orphaned
288920100,5,6,3,FALSE,FALSE,FALSE,4,still_orphaned
288920150,3,1,2,FALSE,FALSE,FALSE,0,still_orphaned
288920181,2,1,1,TRUE,TRUE,FALSE,0,already_paired
288920493,3,5,2,FALSE,FALSE,FALSE,4,still_orphaned
288920646,2,3,1,TRUE,FALSE,FALSE,2,other
288920944,4,3,2,TRUE,FALSE,FALSE,1,other
288921174,2,2,1,TRUE,FALSE,FALSE,1,other
288921514,1,2,1,FALSE,FALSE,TRUE,2,still_orphaned
288921785,1,2,1,FALSE,FALSE,TRUE,2,still_orphaned
288922060,4,5,2,TRUE,FALSE,FALSE,3,other
288922100,3,3,2,FALSE,FALSE,FALSE,2,still_orphaned
288922137,3,3,2,FALSE,FALSE,FALSE,2,still_orphaned
288922189,2,2,1,TRUE,FALSE,FALSE,1,other
288922352,1,2,1,FALSE,FALSE,TRUE,2,still_orphaned
288922450,3,2,2,FALSE,TRUE,FALSE,1,completed
288922563,2,3,1,TRUE,FALSE,FALSE,2,other
288922685,2,1,1,TRUE,TRUE,FALSE,0,already_paired
288922810,1,0,1,FALSE,FALSE,TRUE,0,still_orphaned
288922974,2,1,1,TRUE,TRUE,FALSE,0,already_paired
288923098,3,1,2,FALSE,FALSE,FALSE,0,still_orphaned
288923111,2,3,1,TRUE,FALSE,FALSE,2,other
288923164,2,1,1,TRUE,TRUE,FALSE,0,already_paired
288923349,2,2,1,TRUE,FALSE,FALSE,1,other
288923471,2,1,1,TRUE,TRUE,FALSE,0,already_paired
288923589,1,2,1,FALSE,FALSE,TRUE,2,still_orphaned
288923677,1,0,1,FALSE,FALSE,TRUE,0,still_orphaned
288923682,2,2,1,TRUE,FALSE,FALSE,1,other
288923738,2,1,1,TRUE,TRUE,FALSE,0,already_paired
288923750,5,4,3,FALSE,FALSE,FALSE,2,still_orphaned
288923944,4,3,2,TRUE,FALSE,FALSE,1,other
288924213,2,3,1,TRUE,FALSE,FALSE,2,other
288924300,4,4,2,TRUE,FALSE,FALSE,2,other
288924451,2,3,1,TRUE,FALSE,FALSE,2,other
288924549,4,3,2,TRUE,FALSE,FALSE,1,other
288924695,4,6,2,TRUE,FALSE,FALSE,4,other
288924702,3,2,2,FALSE,TRUE,FALSE,1,completed
288924722,1,2,1,FALSE,FALSE,TRUE,2,still_orphaned
288924751,2,1,1,TRUE,TRUE,FALSE,0,already_paired
288925078,1,0,1,FALSE,FALSE,TRUE,0,still_orphaned
288925089,2,2,1,TRUE,FALSE,FALSE,1,other
288925096,2,2,1,TRUE,FALSE,FALSE,1,other
288925102,2,1,1,TRUE,TRUE,FALSE,0,already_paired
288925130,3,4,2,FALSE,FALSE,FALSE,3,still_orphaned
288925218,3,2,2,FALSE,TRUE,FALSE,1,completed
288925433,1,2,1,FALSE,FALSE,TRUE,2,still_orphaned
288925479,4,3,2,TRUE,FALSE,FALSE,1,other
288925529,2,3,1,TRUE,FALSE,FALSE,2,other
288925578,3,3,2,FALSE,FALSE,FALSE,2,still_orphaned
288925656,1,0,1,FALSE,FALSE,TRUE,0,still_orphaned
288926174,2,2,1,TRUE,FALSE,FALSE,1,other
288926223,2,2,1,TRUE,FALSE,FALSE,1,other
288926392,6,6,3,TRUE,FALSE,FALSE,3,other
288926504,2,3,1,TRUE,FALSE,FALSE,2,other
288926840,2,3,1,TRUE,FALSE,FALSE,2,other
288926948,4,3,2,TRUE,FALSE,FALSE,1,other
288927224,4,4,2,TRUE,FALSE,FALSE,2,other
288927434,2,2,1,TRUE,FALSE,FALSE,1,other
288927607,4,6,2,TRUE,FALSE,FALSE,4,other
288928020,2,1,1,TRUE,TRUE,FALSE,0,already_paired
288928165,2,2,1,TRUE,FALSE,FALSE,1,other
288928207,2,2,1,TRUE,FALSE,FALSE,1,other
288928474,2,2,1,TRUE,FALSE,FALSE,1,other
288928503,1,2,1,FALSE,FALSE,TRUE,2,still_orphaned
288928574,2,3,1,TRUE,FALSE,FALSE,2,other
288928760,1,3,1,FALSE,FALSE,TRUE,3,still_orphaned
288928877,3,4,2,FALSE,FALSE,FALSE,3,still_orphaned
288928930,2,3,1,TRUE,FALSE,FALSE,2,other
288929007,2,2,1,TRUE,FALSE,FALSE,1,other
288929252,3,4,2,FALSE,FALSE,FALSE,3,still_orphaned
288929282,2,1,1,TRUE,TRUE,FALSE,0,already_paired
288929431,3,3,2,FALSE,FALSE,FALSE,2,still_orphaned
288929465,2,2,1,TRUE,FALSE,FALSE,1,other
288929518,4,2,2,TRUE,TRUE,FALSE,0,already_paired
288929527,2,1,1,TRUE,TRUE,FALSE,0,already_paired
288929803,4,3,2,TRUE,FALSE,FALSE,1,other
288929936,2,2,1,TRUE,FALSE,FALSE,1,other
288930443,2,3,1,TRUE,FALSE,FALSE,2,other
288930549,1,0,1,FALSE,FALSE,TRUE,0,still_orphaned
288931139,1,3,1,FALSE,FALSE,TRUE,3,still_orphaned
288955590,1,2,1,FALSE,FALSE,TRUE,2,still_orphaned
288956928,3,4,2,FALSE,FALSE,FALSE,3,still_orphaned
288957111,4,5,2,TRUE,FALSE,FALSE,3,other
288957199,3,1,2,FALSE,FALSE,FALSE,0,still_orphaned
288957242,1,0,1,FALSE,FALSE,TRUE,0,still_orphaned
288957517,2,2,1,TRUE,FALSE,FALSE,1,other
288957644,2,3,1,TRUE,FALSE,FALSE,2,other
288957761,6,5,3,TRUE,FALSE,FALSE,2,other
288958130,2,3,1,TRUE,FALSE,FALSE,2,other
288958152,6,3,3,TRUE,TRUE,FALSE,0,already_paired
288958204,1,3,1,FALSE,FALSE,TRUE,3,still_orphaned
288958409,2,1,1,TRUE,TRUE,FALSE,0,already_paired
288958472,1,2,1,FALSE,FALSE,TRUE,2,still_orphaned
288958540,2,2,1,TRUE,FALSE,FALSE,1,other
288958712,4,4,2,TRUE,FALSE,FALSE,2,other
288958720,3,2,2,FALSE,TRUE,FALSE,1,completed
288958799,3,2,2,FALSE,TRUE,FALSE,1,completed
288959268,2,3,1,TRUE,FALSE,FALSE,2,other
288959329,3,2,2,FALSE,TRUE,FALSE,1,completed
288959353,1,3,1,FALSE,FALSE,TRUE,3,still_orphaned
288959431,2,2,1,TRUE,FALSE,FALSE,1,other
288959486,2,3,1,TRUE,FALSE,FALSE,2,other
288959487,1,2,1,FALSE,FALSE,TRUE,2,still_orphaned
288959668,1,3,1,FALSE,FALSE,TRUE,3,still_orphaned
288959789,1,2,1,FALSE,FALSE,TRUE,2,still_orphaned
288959888,1,2,1,FALSE,FALSE,TRUE,2,still_orphaned
288960289,1,2,1,FALSE,FALSE,TRUE,2,still_orphaned
288960546,4,2,2,TRUE,TRUE,FALSE,0,already_paired
288960555,4,2,2,TRUE,TRUE,FALSE,0,already_paired
288960575,1,2,1,FALSE,FALSE,TRUE,2,still_orphaned
288960655,1,0,1,FALSE,FALSE,TRUE,0,still_orphaned
288960729,3,4,2,FALSE,FALSE,FALSE,3,still_orphaned
288960883,3,2,2,FALSE,TRUE,FALSE,1,completed
288961048,4,4,2,TRUE,FALSE,FALSE,2,other
288961095,5,3,3,FALSE,TRUE,FALSE,1,completed
288961165,1,2,1,FALSE,FALSE,TRUE,2,still_orphaned
288961260,2,2,1,TRUE,FALSE,FALSE,1,other
288961460,1,2,1,FALSE,FALSE,TRUE,2,still_orphaned
288961556,2,2,1,TRUE,FALSE,FALSE,1,other
288961615,4,3,2,TRUE,FALSE,FALSE,1,other
288961635,1,2,1,FALSE,FALSE,TRUE,2,still_orphaned
288962098,1,0,1,FALSE,FALSE,TRUE,0,still_orphaned
288962186,3,2,2,FALSE,TRUE,FALSE,1,completed
288962256,4,2,2,TRUE,TRUE,FALSE,0,already_paired
288962289,3,2,2,FALSE,TRUE,FALSE,1,completed
288962335,1,0,1,FALSE,FALSE,TRUE,0,still_orphaned
288962473,2,2,1,TRUE,FALSE,FALSE,1,other
288962484,5,5,3,FALSE,FALSE,FALSE,3,still_orphaned
288962661,2,2,1,TRUE,FALSE,FALSE,1,other
288962864,6,4,3,TRUE,FALSE,FALSE,1,other
288963069,1,0,1,FALSE,FALSE,TRUE,0,still_orphaned
288963114,3,3,2,FALSE,FALSE,FALSE,2,still_orphaned
288963381,2,1,1,TRUE,TRUE,FALSE,0,already_paired
288963566,4,2,2,TRUE,TRUE,FALSE,0,already_paired
288963596,4,4,2,TRUE,FALSE,FALSE,2,other
288963712,2,3,1,TRUE,FALSE,FALSE,2,other
288964162,3,2,2,FALSE,TRUE,FALSE,1,completed
288964193,1,2,1,FALSE,FALSE,TRUE,2,still_orphaned
288964239,2,2,1,TRUE,FALSE,FALSE,1,other
288964277,4,5,2,TRUE,FALSE,FALSE,3,other
288964296,2,2,1,TRUE,FALSE,FALSE,1,other
288964417,3,6,2,FALSE,FALSE,FALSE,5,still_orphaned
288964487,3,4,2,FALSE,FALSE,FALSE,3,still_orphaned
288964671,4,6,2,TRUE,FALSE,FALSE,4,other
288964676,2,2,1,TRUE,FALSE,FALSE,1,other
288964702,2,3,1,TRUE,FALSE,FALSE,2,other
288964747,4,2,2,TRUE,TRUE,FALSE,0,already_paired
288964911,2,2,1,TRUE,FALSE,FALSE,1,other
288965246,2,1,1,TRUE,TRUE,FALSE,0,already_paired
288965326,3,2,2,FALSE,TRUE,FALSE,1,completed
288965670,2,3,1,TRUE,FALSE,FALSE,2,other
288965802,3,5,2,FALSE,FALSE,FALSE,4,still_orphaned
288965910,1,0,1,FALSE,FALSE,TRUE,0,still_orphaned
288965941,5,3,3,FALSE,TRUE,FALSE,1,completed
288966100,2,1,1,TRUE,TRUE,FALSE,0,already_paired
288966110,5,5,3,FALSE,FALSE,FALSE,3,still_orphaned
288966617,4,3,2,TRUE,FALSE,FALSE,1,other
288966624,2,2,1,TRUE,FALSE,FALSE,1,other
288966805,4,3,2,TRUE,FALSE,FALSE,1,other
288966850,2,2,1,TRUE,FALSE,FALSE,1,other
288967191,4,3,2,TRUE,FALSE,FALSE,1,other
288967248,5,5,3,FALSE,FALSE,FALSE,3,still_orphaned
288967858,3,2,2,FALSE,TRUE,FALSE,1,completed
288967943,2,3,1,TRUE,FALSE,FALSE,2,other
288968230,4,2,2,TRUE,TRUE,FALSE,0,already_paired
288968391,5,5,3,FALSE,FALSE,FALSE,3,still_orphaned
288968472,3,1,2,FALSE,FALSE,FALSE,0,still_orphaned
288968483,1,3,1,FALSE,FALSE,TRUE,3,still_orphaned
288968549,5,4,3,FALSE,FALSE,FALSE,2,still_orphaned
288968936,3,3,2,FALSE,FALSE,FALSE,2,still_orphaned
288969012,4,3,2,TRUE,FALSE,FALSE,1,other
288969338,1,0,1,FALSE,FALSE,TRUE,0,still_orphaned
288969530,3,2,2,FALSE,TRUE,FALSE,1,completed
288969633,3,2,2,FALSE,TRUE,FALSE,1,completed
288969890,1,2,1,FALSE,FALSE,TRUE,2,still_orphaned
288969892,2,3,1,TRUE,FALSE,FALSE,2,other
288970315,3,3,2,FALSE,FALSE,FALSE,2,still_orphaned
288970388,3,2,2,FALSE,TRUE,FALSE,1,completed
288970566,2,1,1,TRUE,TRUE,FALSE,0,already_paired
288970636,3,5,2,FALSE,FALSE,FALSE,4,still_orphaned
288970652,4,5,2,TRUE,FALSE,FALSE,3,other
288971086,8,6,4,TRUE,FALSE,FALSE,2,other
288971416,2,2,1,TRUE,FALSE,FALSE,1,other
288971767,3,4,2,FALSE,FALSE,FALSE,3,still_orphaned
288971797,1,2,1,FALSE,FALSE,TRUE,2,still_orphaned
288972024,4,4,2,TRUE,FALSE,FALSE,2,other
288972211,3,6,2,FALSE,FALSE,FALSE,5,still_orphaned
288972226,1,3,1,FALSE,FALSE,TRUE,3,still_orphaned
288972406,2,1,1,TRUE,TRUE,FALSE,0,already_paired
288972767,2,2,1,TRUE,FALSE,FALSE,1,other
288972769,1,2,1,FALSE,FALSE,TRUE,2,still_orphaned
288972842,2,3,1,TRUE,FALSE,FALSE,2,other
288972958,5,5,3,FALSE,FALSE,FALSE,3,still_orphaned
288973022,3,6,2,FALSE,FALSE,FALSE,5,still_orphaned
288973515,4,6,2,TRUE,FALSE,FALSE,4,other
288973826,1,3,1,FALSE,FALSE,TRUE,3,still_orphaned
288974172,2,2,1,TRUE,FALSE,FALSE,1,other
288974173,1,3,1,FALSE,FALSE,TRUE,3,still_orphaned
288974393,2,1,1,TRUE,TRUE,FALSE,0,already_paired
288974423,2,3,1,TRUE,FALSE,FALSE,2,other
288974667,1,1,1,FALSE,TRUE,TRUE,1,completed
288974816,3,2,2,FALSE,TRUE,FALSE,1,completed
288974915,1,3,1,FALSE,FALSE,TRUE,3,still_orphaned
288974953,1,2,1,FALSE,FALSE,TRUE,2,still_orphaned
288975092,5,3,3,FALSE,TRUE,FALSE,1,completed
288975111,4,5,2,TRUE,FALSE,FALSE,3,other
288975119,3,3,2,FALSE,FALSE,FALSE,2,still_orphaned
288975216,1,2,1,FALSE,FALSE,TRUE,2,still_orphaned
288975355,3,3,2,FALSE,FALSE,FALSE,2,still_orphaned
288975463,1,0,1,FALSE,FALSE,TRUE,0,still_orphaned
288975545,2,3,1,TRUE,FALSE,FALSE,2,other
288975587,1,0,1,FALSE,FALSE,TRUE,0,still_orphaned
288975599,1,3,1,FALSE,FALSE,TRUE,3,still_orphaned
288975732,5,4,3,FALSE,FALSE,FALSE,2,still_orphaned
288976125,4,3,2,TRUE,FALSE,FALSE,1,other
288976221,1,0,1,FALSE,FALSE,TRUE,0,still_orphaned
288976354,5,7,3,FALSE,FALSE,FALSE,5,still_orphaned
288976482,1,2,1,FALSE,FALSE,TRUE,2,still_orphaned
288976741,3,5,2,FALSE,FALSE,FALSE,4,still_orphaned
288976967,3,4,2,FALSE,FALSE,FALSE,3,still_orphaned
288977153,1,2,1,FALSE,FALSE,TRUE,2,still_orphaned
288977250,3,3,2,FALSE,FALSE,FALSE,2,still_orphaned
288977265,4,5,2,TRUE,FALSE,FALSE,3,other
288977704,2,3,1,TRUE,FALSE,FALSE,2,other
288977789,3,1,2,FALSE,FALSE,FALSE,0,still_orphaned
288977802,1,2,1,FALSE,FALSE,TRUE,2,still_orphaned
288977856,4,4,2,TRUE,FALSE,FALSE,2,other
288977885,1,4,1,FALSE,FALSE,TRUE,4,still_orphaned
288978186,3,4,2,FALSE,FALSE,FALSE,3,still_orphaned
288978413,5,7,3,FALSE,FALSE,FALSE,5,still_orphaned
288978697,1,0,1,FALSE,FALSE,TRUE,0,still_orphaned
288978811,3,2,2,FALSE,TRUE,FALSE,1,completed
288978907,1,2,1,FALSE,FALSE,TRUE,2,still_orphaned
288979080,4,5,2,TRUE,FALSE,FALSE,3,other
288979272,4,5,2,TRUE,FALSE,FALSE,3,other
288979336,1,0,1,FALSE,FALSE,TRUE,0,still_orphaned
288979858,2,3,1,TRUE,FALSE,FALSE,2,other
288979942,3,4,2,FALSE,FALSE,FALSE,3,still_orphaned
288979945,2,3,1,TRUE,FALSE,FALSE,2,other
288980122,1,2,1,FALSE,FALSE,TRUE,2,still_orphaned
288980140,2,1,1,TRUE,TRUE,FALSE,0,already_paired
288980273,3,2,2,FALSE,TRUE,FALSE,1,completed
288980347,2,2,1,TRUE,FALSE,FALSE,1,other
288980668,4,2,2,TRUE,TRUE,FALSE,0,already_paired
288980696,6,6,3,TRUE,FALSE,FALSE,3,other
288980806,2,2,1,TRUE,FALSE,FALSE,1,other
288980933,2,2,1,TRUE,FALSE,FALSE,1,other
288981006,2,2,1,TRUE,FALSE,FALSE,1,other
288981159,1,2,1,FALSE,FALSE,TRUE,2,still_orphaned
288981278,2,3,1,TRUE,FALSE,FALSE,2,other
288981316,2,2,1,TRUE,FALSE,FALSE,1,other
288981351,3,3,2,FALSE,FALSE,FALSE,2,still_orphaned
288981471,4,3,2,TRUE,FALSE,FALSE,1,other
288981557,4,5,2,TRUE,FALSE,FALSE,3,other
288981697,5,5,3,FALSE,FALSE,FALSE,3,still_orphaned
288981779,3,4,2,FALSE,FALSE,FALSE,3,still_orphaned
288981813,3,2,2,FALSE,TRUE,FALSE,1,completed
288982061,1,0,1,FALSE,FALSE,TRUE,0,still_orphaned
288982103,3,4,2,FALSE,FALSE,FALSE,3,still_orphaned
288982139,3,1,2,FALSE,FALSE,FALSE,0,still_orphaned
288982216,4,5,2,TRUE,FALSE,FALSE,3,other
288982251,2,2,1,TRUE,FALSE,FALSE,1,other
288982319,2,3,1,TRUE,FALSE,FALSE,2,other
288982425,5,3,3,FALSE,TRUE,FALSE,1,completed
288982429,4,4,2,TRUE,FALSE,FALSE,2,other
288982447,2,2,1,TRUE,FALSE,FALSE,1,other
288982568,1,3,1,FALSE,FALSE,TRUE,3,still_orphaned
288982733,6,6,3,TRUE,FALSE,FALSE,3,other
288983189,4,4,2,TRUE,FALSE,FALSE,2,other
288983211,5,2,3,FALSE,FALSE,FALSE,0,still_orphaned
288983239,2,2,1,TRUE,FALSE,FALSE,1,other
288983261,4,4,2,TRUE,FALSE,FALSE,2,other
288983415,1,2,1,FALSE,FALSE,TRUE,2,still_orphaned
288983504,2,1,1,TRUE,TRUE,FALSE,0,already_paired
288983967,2,1,1,TRUE,TRUE,FALSE,0,already_paired
288984083,4,3,2,TRUE,FALSE,FALSE,1,other
288984422,1,0,1,FALSE,FALSE,TRUE,0,still_orphaned
288984680,2,2,1,TRUE,FALSE,FALSE,1,other
288984819,2,2,1,TRUE,FALSE,FALSE,1,other
288984966,1,3,1,FALSE,FALSE,TRUE,3,still_orphaned
288984982,2,3,1,TRUE,FALSE,FALSE,2,other
288985012,3,3,2,FALSE,FALSE,FALSE,2,still_orphaned
288985211,3,6,2,FALSE,FALSE,FALSE,5,still_orphaned
288985261,2,4,1,TRUE,FALSE,FALSE,3,other
288985381,2,1,1,TRUE,TRUE,FALSE,0,already_paired
288985538,2,1,1,TRUE,TRUE,FALSE,0,already_paired
288985580,2,2,1,TRUE,FALSE,FALSE,1,other
288985627,3,4,2,FALSE,FALSE,FALSE,3,still_orphaned
288985855,1,2,1,FALSE,FALSE,TRUE,2,still_orphaned
288986157,1,3,1,FALSE,FALSE,TRUE,3,still_orphaned
288986190,4,4,2,TRUE,FALSE,FALSE,2,other
288986289,1,2,1,FALSE,FALSE,TRUE,2,still_orphaned
288986292,2,2,1,TRUE,FALSE,FALSE,1,other
288986554,1,3,1,FALSE,FALSE,TRUE,3,still_orphaned
288986567,5,5,3,FALSE,FALSE,FALSE,3,still_orphaned
288986751,3,3,2,FALSE,FALSE,FALSE,2,still_orphaned
288986818,4,5,2,TRUE,FALSE,FALSE,3,other
288986944,1,2,1,FALSE,FALSE,TRUE,2,still_orphaned
288987805,1,0,1,FALSE,FALSE,TRUE,0,still_orphaned
288987977,3,1,2,FALSE,FALSE,FALSE,0,still_orphaned
288988340,4,5,2,TRUE,FALSE,FALSE,3,other
289013494,2,2,1,TRUE,FALSE,FALSE,1,other
289014002,2,2,1,TRUE,FALSE,FALSE,1,other
289014101,2,2,1,TRUE,FALSE,FALSE,1,other
289014509,2,2,1,TRUE,FALSE,FALSE,1,other
289014594,2,3,1,TRUE,FALSE,FALSE,2,other
289014659,4,2,2,TRUE,TRUE,FALSE,0,already_paired
289014998,1,2,1,FALSE,FALSE,TRUE,2,still_orphaned
289015034,5,5,3,FALSE,FALSE,FALSE,3,still_orphaned
289015407,1,0,1,FALSE,FALSE,TRUE,0,still_orphaned
289015430,3,2,2,FALSE,TRUE,FALSE,1,completed
289015581,1,0,1,FALSE,FALSE,TRUE,0,still_orphaned
289015723,4,3,2,TRUE,FALSE,FALSE,1,other
289015761,3,2,2,FALSE,TRUE,FALSE,1,completed
289015820,1,2,1,FALSE,FALSE,TRUE,2,still_orphaned
289015950,1,0,1,FALSE,FALSE,TRUE,0,still_orphaned
289016141,4,4,2,TRUE,FALSE,FALSE,2,other
289016157,2,1,1,TRUE,TRUE,FALSE,0,already_paired
289016215,3,4,2,FALSE,FALSE,FALSE,3,still_orphaned
289016254,1,3,1,FALSE,FALSE,TRUE,3,still_orphaned
289016282,1,2,1,FALSE,FALSE,TRUE,2,still_orphaned
289016463,2,1,1,TRUE,TRUE,FALSE,0,already_paired
289016635,4,4,2,TRUE,FALSE,FALSE,2,other
289016692,1,2,1,FALSE,FALSE,TRUE,2,still_orphaned
289016769,2,3,1,TRUE,FALSE,FALSE,2,other
289016794,5,5,3,FALSE,FALSE,FALSE,3,still_orphaned
289016810,3,2,2,FALSE,TRUE,FALSE,1,completed
289017070,3,6,2,FALSE,FALSE,FALSE,5,still_orphaned
289017411,3,2,2,FALSE,TRUE,FALSE,1,completed
289017494,3,5,2,FALSE,FALSE,FALSE,4,still_orphaned
289017593,1,0,1,FALSE,FALSE,TRUE,0,still_orphaned
289017698,5,2,3,FALSE,FALSE,FALSE,0,still_orphaned
289017700,2,1,1,TRUE,TRUE,FALSE,0,already_paired
289017742,3,1,2,FALSE,FALSE,FALSE,0,still_orphaned
289017908,1,4,1,FALSE,FALSE,TRUE,4,still_orphaned
289017959,1,0,1,FALSE,FALSE,TRUE,0,still_orphaned
289018031,1,0,1,FALSE,FALSE,TRUE,0,still_orphaned
289018067,1,0,1,FALSE,FALSE,TRUE,0,still_orphaned
289018241,4,3,2,TRUE,FALSE,FALSE,1,other
289018269,5,5,3,FALSE,FALSE,FALSE,3,still_orphaned
289018313,5,3,3,FALSE,TRUE,FALSE,1,completed
289018494,7,7,4,FALSE,FALSE,FALSE,4,still_orphaned
289018944,4,3,2,TRUE,FALSE,FALSE,1,other
289018981,2,2,1,TRUE,FALSE,FALSE,1,other
289019134,6,4,3,TRUE,FALSE,FALSE,1,other
289019566,1,0,1,FALSE,FALSE,TRUE,0,still_orphaned
289019676,1,1,1,FALSE,TRUE,TRUE,1,completed
289019793,1,2,1,FALSE,FALSE,TRUE,2,still_orphaned
289019901,1,0,1,FALSE,FALSE,TRUE,0,still_orphaned
289020071,3,3,2,FALSE,FALSE,FALSE,2,still_orphaned
289020331,1,2,1,FALSE,FALSE,TRUE,2,still_orphaned
289020645,4,5,2,TRUE,FALSE,FALSE,3,other
289020655,2,1,1,TRUE,TRUE,FALSE,0,already_paired
289021009,3,2,2,FALSE,TRUE,FALSE,1,completed
289021074,1,0,1,FALSE,FALSE,TRUE,0,still_orphaned
289021082,2,2,1,TRUE,FALSE,FALSE,1,other
289021178,3,2,2,FALSE,TRUE,FALSE,1,completed
289021197,1,2,1,FALSE,FALSE,TRUE,2,still_orphaned
289021290,3,3,2,FALSE,FALSE,FALSE,2,still_orphaned
289021439,3,3,2,FALSE,FALSE,FALSE,2,still_orphaned
289021652,1,0,1,FALSE,FALSE,TRUE,0,still_orphaned
289021760,3,3,2,FALSE,FALSE,FALSE,2,still_orphaned
289021797,2,3,1,TRUE,FALSE,FALSE,2,other
289022154,2,2,1,TRUE,FALSE,FALSE,1,other
289022250,5,3,3,FALSE,TRUE,FALSE,1,completed
289022259,3,5,2,FALSE,FALSE,FALSE,4,still_orphaned
289022362,6,3,3,TRUE,TRUE,FALSE,0,already_paired
289022488,2,1,1,TRUE,TRUE,FALSE,0,already_paired
289022501,3,5,2,FALSE,FALSE,FALSE,4,still_orphaned
289022717,5,5,3,FALSE,FALSE,FALSE,3,still_orphaned
289022746,4,3,2,TRUE,FALSE,FALSE,1,other
289022806,4,2,2,TRUE,TRUE,FALSE,0,already_paired
289023021,1,3,1,FALSE,FALSE,TRUE,3,still_orphaned
289023149,4,2,2,TRUE,TRUE,FALSE,0,already_paired
289023199,6,5,3,TRUE,FALSE,FALSE,2,other
289023482,6,7,3,TRUE,FALSE,FALSE,4,other
289023659,3,6,2,FALSE,FALSE,FALSE,5,still_orphaned
289023843,2,2,1,TRUE,FALSE,FALSE,1,other
289023896,1,2,1,FALSE,FALSE,TRUE,2,still_orphaned
289023897,4,3,2,TRUE,FALSE,FALSE,1,other
289024069,5,4,3,FALSE,FALSE,FALSE,2,still_orphaned
289024107,2,4,1,TRUE,FALSE,FALSE,3,other
289024203,2,2,1,TRUE,FALSE,FALSE,1,other
289024728,1,0,1,FALSE,FALSE,TRUE,0,still_orphaned
289025012,1,0,1,FALSE,FALSE,TRUE,0,still_orphaned
289025181,4,5,2,TRUE,FALSE,FALSE,3,other
289025400,2,2,1,TRUE,FALSE,FALSE,1,other
289025405,6,7,3,TRUE,FALSE,FALSE,4,other
289025542,3,5,2,FALSE,FALSE,FALSE,4,still_orphaned
289025614,2,2,1,TRUE,FALSE,FALSE,1,other
289025746,2,4,1,TRUE,FALSE,FALSE,3,other
289026042,3,1,2,FALSE,FALSE,FALSE,0,still_orphaned
289026309,3,2,2,FALSE,TRUE,FALSE,1,completed
289026380,1,2,1,FALSE,FALSE,TRUE,2,still_orphaned
289026399,4,5,2,TRUE,FALSE,FALSE,3,other
289026481,3,5,2,FALSE,FALSE,FALSE,4,still_orphaned
289027365,3,2,2,FALSE,TRUE,FALSE,1,completed
289027388,1,0,1,FALSE,FALSE,TRUE,0,still_orphaned
289027479,6,4,3,TRUE,FALSE,FALSE,1,other
289027492,1,0,1,FALSE,FALSE,TRUE,0,still_orphaned
289027537,2,4,1,TRUE,FALSE,FALSE,3,other
289027829,5,5,3,FALSE,FALSE,FALSE,3,still_orphaned
289028046,4,4,2,TRUE,FALSE,FALSE,2,other
289028277,3,3,2,FALSE,FALSE,FALSE,2,still_orphaned
289028422,1,0,1,FALSE,FALSE,TRUE,0,still_orphaned
289028512,3,5,2,FALSE,FALSE,FALSE,4,still_orphaned
289028778,2,2,1,TRUE,FALSE,FALSE,1,other
289028797,2,2,1,TRUE,FALSE,FALSE,1,other
289028810,1,0,1,FALSE,FALSE,TRUE,0,still_orphaned
289028881,1,3,1,FALSE,FALSE,TRUE,3,still_orphaned
289029033,4,4,2,TRUE,FALSE,FALSE,2,other
289029357,4,4,2,TRUE,FALSE,FALSE,2,other
289029518,1,0,1,FALSE,FALSE,TRUE,0,still_orphaned
289029556,5,4,3,FALSE,FALSE,FALSE,2,still_orphaned
289029741,6,8,3,TRUE,FALSE,FALSE,5,other
289029870,1,0,1,FALSE,FALSE,TRUE,0,still_orphaned
289030204,7,5,4,FALSE,FALSE,FALSE,2,still_orphaned
289030310,4,3,2,TRUE,FALSE,FALSE,1,other
289030585,1,1,1,FALSE,TRUE,TRUE,1,completed
289030613,3,5,2,FALSE,FALSE,FALSE,4,still_orphaned
289030640,1,2,1,FALSE,FALSE,TRUE,2,still_orphaned
289030902,5,5,3,FALSE,FALSE,FALSE,3,still_orphaned
289031037,4,5,2,TRUE,FALSE,FALSE,3,other
289031117,8,6,4,TRUE,FALSE,FALSE,2,other
289031161,3,1,2,FALSE,FALSE,FALSE,0,still_orphaned
289031162,3,1,2,FALSE,FALSE,FALSE,0,still_orphaned
289031336,2,1,1,TRUE,TRUE,FALSE,0,already_paired
289031354,6,7,3,TRUE,FALSE,FALSE,4,other
289031733,5,3,3,FALSE,TRUE,FALSE,1,completed
289031952,2,1,1,TRUE,TRUE,FALSE,0,already_paired
289032069,2,1,1,TRUE,TRUE,FALSE,0,already_paired
289032208,2,2,1,TRUE,FALSE,FALSE,1,other
289032292,1,2,1,FALSE,FALSE,TRUE,2,still_orphaned
289032330,2,2,1,TRUE,FALSE,FALSE,1,other
289032383,4,3,2,TRUE,FALSE,FALSE,1,other
289032498,1,2,1,FALSE,FALSE,TRUE,2,still_orphaned
289033306,4,5,2,TRUE,FALSE,FALSE,3,other
289033406,3,3,2,FALSE,FALSE,FALSE,2,still_orphaned
289033897,3,3,2,FALSE,FALSE,FALSE,2,still_orphaned
289033902,3,5,2,FALSE,FALSE,FALSE,4,still_orphaned
289033965,3,3,2,FALSE,FALSE,FALSE,2,still_orphaned
289033968,6,6,3,TRUE,FALSE,FALSE,3,other
289034114,2,3,1,TRUE,FALSE,FALSE,2,other
289034286,10,8,5,TRUE,FALSE,FALSE,3,other
289034561,3,3,2,FALSE,FALSE,FALSE,2,still_orphaned
289034631,4,5,2,TRUE,FALSE,FALSE,3,other
289034832,3,5,2,FALSE,FALSE,FALSE,4,still_orphaned
289034865,2,1,1,TRUE,TRUE,FALSE,0,already_paired
289035113,1,3,1,FALSE,FALSE,TRUE,3,still_orphaned
289035248,3,3,2,FALSE,FALSE,FALSE,2,still_orphaned
289035350,6,6,3,TRUE,FALSE,FALSE,3,other
289035508,5,4,3,FALSE,FALSE,FALSE,2,still_orphaned
289035660,2,2,1,TRUE,FALSE,FALSE,1,other
289035789,2,3,1,TRUE,FALSE,FALSE,2,other
289036015,2,3,1,TRUE,FALSE,FALSE,2,other
289036253,2,2,1,TRUE,FALSE,FALSE,1,other
289036370,2,2,1,TRUE,FALSE,FALSE,1,other
289036564,2,1,1,TRUE,TRUE,FALSE,0,already_paired
289036604,3,3,2,FALSE,FALSE,FALSE,2,still_orphaned
289036609,5,5,3,FALSE,FALSE,FALSE,3,still_orphaned
289036694,1,0,1,FALSE,FALSE,TRUE,0,still_orphaned
289036718,3,3,2,FALSE,FALSE,FALSE,2,still_orphaned
289037146,3,4,2,FALSE,FALSE,FALSE,3,still_orphaned
289037154,5,2,3,FALSE,FALSE,FALSE,0,still_orphaned
289037277,1,0,1,FALSE,FALSE,TRUE,0,still_orphaned
289037329,1,0,1,FALSE,FALSE,TRUE,0,still_orphaned
289037428,3,2,2,FALSE,TRUE,FALSE,1,completed
289037441,1,0,1,FALSE,FALSE,TRUE,0,still_orphaned
289037587,4,2,2,TRUE,TRUE,FALSE,0,already_paired
289037642,2,2,1,TRUE,FALSE,FALSE,1,other
289037707,1,2,1,FALSE,FALSE,TRUE,2,still_orphaned
289037751,3,4,2,FALSE,FALSE,FALSE,3,still_orphaned
289037830,4,5,2,TRUE,FALSE,FALSE,3,other
289037862,1,0,1,FALSE,FALSE,TRUE,0,still_orphaned
289037969,7,5,4,FALSE,FALSE,FALSE,2,still_orphaned
289037987,3,2,2,FALSE,TRUE,FALSE,1,completed
289038257,2,2,1,TRUE,FALSE,FALSE,1,other
289038373,4,4,2,TRUE,FALSE,FALSE,2,other
289038549,2,3,1,TRUE,FALSE,FALSE,2,other
289038822,5,5,3,FALSE,FALSE,FALSE,3,still_orphaned
289038893,2,2,1,TRUE,FALSE,FALSE,1,other
289038917,6,4,3,TRUE,FALSE,FALSE,1,other
289038955,4,4,2,TRUE,FALSE,FALSE,2,other
289039159,4,5,2,TRUE,FALSE,FALSE,3,other
289039354,2,3,1,TRUE,FALSE,FALSE,2,other
289039470,2,2,1,TRUE,FALSE,FALSE,1,other
289039621,1,2,1,FALSE,FALSE,TRUE,2,still_orphaned
289039722,1,2,1,FALSE,FALSE,TRUE,2,still_orphaned
289039771,7,4,4,FALSE,TRUE,FALSE,1,completed
289039932,6,7,3,TRUE,FALSE,FALSE,4,other
289040308,2,3,1,TRUE,FALSE,FALSE,2,other
289040359,1,0,1,FALSE,FALSE,TRUE,0,still_orphaned
289040605,8,8,4,TRUE,FALSE,FALSE,4,other
289040729,2,3,1,TRUE,FALSE,FALSE,2,other
289040925,2,2,1,TRUE,FALSE,FALSE,1,other
289041175,4,4,2,TRUE,FALSE,FALSE,2,other
289041237,2,2,1,TRUE,FALSE,FALSE,1,other
289041406,2,2,1,TRUE,FALSE,FALSE,1,other
289041607,3,1,2,FALSE,FALSE,FALSE,0,still_orphaned
289042035,3,4,2,FALSE,FALSE,FALSE,3,still_orphaned
289042086,5,5,3,FALSE,FALSE,FALSE,3,still_orphaned
289042318,4,3,2,TRUE,FALSE,FALSE,1,other
289042457,3,3,2,FALSE,FALSE,FALSE,2,still_orphaned
289042504,3,3,2,FALSE,FALSE,FALSE,2,still_orphaned
289042599,3,1,2,FALSE,FALSE,FALSE,0,still_orphaned
289042761,4,4,2,TRUE,FALSE,FALSE,2,other
289042773,1,2,1,FALSE,FALSE,TRUE,2,still_orphaned
289042986,1,3,1,FALSE,FALSE,TRUE,3,still_orphaned
289043091,4,5,2,TRUE,FALSE,FALSE,3,other
289043141,1,2,1,FALSE,FALSE,TRUE,2,still_orphaned
289043299,5,5,3,FALSE,FALSE,FALSE,3,still_orphaned
289043442,4,5,2,TRUE,FALSE,FALSE,3,other
289043519,3,2,2,FALSE,TRUE,FALSE,1,completed
289043526,1,2,1,FALSE,FALSE,TRUE,2,still_orphaned
289043663,1,2,1,FALSE,FALSE,TRUE,2,still_orphaned
289043749,4,5,2,TRUE,FALSE,FALSE,3,other
289044048,1,2,1,FALSE,FALSE,TRUE,2,still_orphaned
289044668,1,2,1,FALSE,FALSE,TRUE,2,still_orphaned
289044713,2,2,1,TRUE,FALSE,FALSE,1,other
289045714,1,2,1,FALSE,FALSE,TRUE,2,still_orphaned
289048319,1,0,1,FALSE,FALSE,TRUE,0,still_orphaned
289049298,2,2,1,TRUE,FALSE,FALSE,1,other
289049534,6,6,3,TRUE,FALSE,FALSE,3,other
289049825,4,4,2,TRUE,FALSE,FALSE,2,other
289050482,1,3,1,FALSE,FALSE,TRUE,3,still_orphaned
289050595,3,2,2,FALSE,TRUE,FALSE,1,completed
289050784,3,3,2,FALSE,FALSE,FALSE,2,still_orphaned
289050878,4,4,2,TRUE,FALSE,FALSE,2,other
289050954,2,2,1,TRUE,FALSE,FALSE,1,other
289051167,2,2,1,TRUE,FALSE,FALSE,1,other
289051182,4,3,2,TRUE,FALSE,FALSE,1,other
289051332,1,0,1,FALSE,FALSE,TRUE,0,still_orphaned
289051507,3,2,2,FALSE,TRUE,FALSE,1,completed
289051627,3,4,2,FALSE,FALSE,FALSE,3,still_orphaned
289051691,2,3,1,TRUE,FALSE,FALSE,2,other
289051974,5,3,3,FALSE,TRUE,FALSE,1,completed
289052005,5,5,3,FALSE,FALSE,FALSE,3,still_orphaned
289052015,5,2,3,FALSE,FALSE,FALSE,0,still_orphaned
289052066,4,4,2,TRUE,FALSE,FALSE,2,other
289052091,3,2,2,FALSE,TRUE,FALSE,1,completed
289052141,1,2,1,FALSE,FALSE,TRUE,2,still_orphaned
289052241,2,1,1,TRUE,TRUE,FALSE,0,already_paired
289052435,1,3,1,FALSE,FALSE,TRUE,3,still_orphaned
289052505,1,3,1,FALSE,FALSE,TRUE,3,still_orphaned
289052631,2,3,1,TRUE,FALSE,FALSE,2,other
289052657,5,5,3,FALSE,FALSE,FALSE,3,still_orphaned
289053051,7,7,4,FALSE,FALSE,FALSE,4,still_orphaned
289053205,2,2,1,TRUE,FALSE,FALSE,1,other
289053312,5,5,3,FALSE,FALSE,FALSE,3,still_orphaned
289053333,1,2,1,FALSE,FALSE,TRUE,2,still_orphaned
289053524,3,2,2,FALSE,TRUE,FALSE,1,completed
289053536,4,3,2,TRUE,FALSE,FALSE,1,other
289053559,2,1,1,TRUE,TRUE,FALSE,0,already_paired
289053597,3,5,2,FALSE,FALSE,FALSE,4,still_orphaned
289053804,5,5,3,FALSE,FALSE,FALSE,3,still_orphaned
289053832,3,3,2,FALSE,FALSE,FALSE,2,still_orphaned
289053843,2,3,1,TRUE,FALSE,FALSE,2,other
289053974,3,2,2,FALSE,TRUE,FALSE,1,completed
289054013,2,2,1,TRUE,FALSE,FALSE,1,other
289054171,1,2,1,FALSE,FALSE,TRUE,2,still_orphaned
289054307,5,3,3,FALSE,TRUE,FALSE,1,completed
289054363,5,7,3,FALSE,FALSE,FALSE,5,still_orphaned
289054386,3,2,2,FALSE,TRUE,FALSE,1,completed
289054880,9,6,5,FALSE,FALSE,FALSE,2,still_orphaned
289055012,2,2,1,TRUE,FALSE,FALSE,1,other
289055044,1,2,1,FALSE,FALSE,TRUE,2,still_orphaned
289055321,2,2,1,TRUE,FALSE,FALSE,1,other
289055335,1,0,1,FALSE,FALSE,TRUE,0,still_orphaned
289055390,2,3,1,TRUE,FALSE,FALSE,2,other
289055893,1,2,1,FALSE,FALSE,TRUE,2,still_orphaned
289055940,1,3,1,FALSE,FALSE,TRUE,3,still_orphaned
289055960,2,2,1,TRUE,FALSE,FALSE,1,other
289056122,4,4,2,TRUE,FALSE,FALSE,2,other
289056214,2,3,1,TRUE,FALSE,FALSE,2,other
289056399,2,2,1,TRUE,FALSE,FALSE,1,other
289056402,5,3,3,FALSE,TRUE,FALSE,1,completed
289056451,1,3,1,FALSE,FALSE,TRUE,3,still_orphaned
289056782,1,1,1,FALSE,TRUE,TRUE,1,completed
289056936,6,5,3,TRUE,FALSE,FALSE,2,other
289057016,3,2,2,FALSE,TRUE,FALSE,1,completed
289057303,1,2,1,FALSE,FALSE,TRUE,2,still_orphaned
289057425,2,2,1,TRUE,FALSE,FALSE,1,other
289057560,2,1,1,TRUE,TRUE,FALSE,0,already_paired
289057574,5,5,3,FALSE,FALSE,FALSE,3,still_orphaned
289057599,4,3,2,TRUE,FALSE,FALSE,1,other
289057693,1,2,1,FALSE,FALSE,TRUE,2,still_orphaned
289057731,5,7,3,FALSE,FALSE,FALSE,5,still_orphaned
289057791,1,0,1,FALSE,FALSE,TRUE,0,still_orphaned
289058047,2,4,1,TRUE,FALSE,FALSE,3,other
289058494,6,3,3,TRUE,TRUE,FALSE,0,already_paired
289058579,3,3,2,FALSE,FALSE,FALSE,2,still_orphaned
289058973,2,3,1,TRUE,FALSE,FALSE,2,other
289059030,4,3,2,TRUE,FALSE,FALSE,1,other
289059057,6,5,3,TRUE,FALSE,FALSE,2,other
289059344,4,4,2,TRUE,FALSE,FALSE,2,other
289059396,1,3,1,FALSE,FALSE,TRUE,3,still_orphaned
289059439,1,3,1,FALSE,FALSE,TRUE,3,still_orphaned
289059500,2,2,1,TRUE,FALSE,FALSE,1,other
289059507,2,2,1,TRUE,FALSE,FALSE,1,other
289059857,5,7,3,FALSE,FALSE,FALSE,5,still_orphaned
289059968,2,2,1,TRUE,FALSE,FALSE,1,other
289060198,4,3,2,TRUE,FALSE,FALSE,1,other
289060527,1,0,1,FALSE,FALSE,TRUE,0,still_orphaned
289060636,2,2,1,TRUE,FALSE,FALSE,1,other
289060714,5,3,3,FALSE,TRUE,FALSE,1,completed
289060719,3,5,2,FALSE,FALSE,FALSE,4,still_orphaned
289060893,2,3,1,TRUE,FALSE,FALSE,2,other
289061023,2,3,1,TRUE,FALSE,FALSE,2,other
289061040,1,2,1,FALSE,FALSE,TRUE,2,still_orphaned
289061073,2,3,1,TRUE,FALSE,FALSE,2,other
289061321,4,3,2,TRUE,FALSE,FALSE,1,other
289061327,4,6,2,TRUE,FALSE,FALSE,4,other
289061811,4,5,2,TRUE,FALSE,FALSE,3,other
289061879,2,2,1,TRUE,FALSE,FALSE,1,other
289062126,4,4,2,TRUE,FALSE,FALSE,2,other
289062265,2,2,1,TRUE,FALSE,FALSE,1,other
289062294,1,2,1,FALSE,FALSE,TRUE,2,still_orphaned
289062434,3,4,2,FALSE,FALSE,FALSE,3,still_orphaned
289062731,3,2,2,FALSE,TRUE,FALSE,1,completed
289063230,5,4,3,FALSE,FALSE,FALSE,2,still_orphaned
289063316,3,4,2,FALSE,FALSE,FALSE,3,still_orphaned
289063438,2,2,1,TRUE,FALSE,FALSE,1,other
289063577,2,1,1,TRUE,TRUE,FALSE,0,already_paired
289063846,5,3,3,FALSE,TRUE,FALSE,1,completed
289063948,2,3,1,TRUE,FALSE,FALSE,2,other
289063961,2,1,1,TRUE,TRUE,FALSE,0,already_paired
289064213,5,5,3,FALSE,FALSE,FALSE,3,still_orphaned
289064297,2,3,1,TRUE,FALSE,FALSE,2,other
289064374,1,0,1,FALSE,FALSE,TRUE,0,still_orphaned
289064572,4,5,2,TRUE,FALSE,FALSE,3,other
289064609,2,2,1,TRUE,FALSE,FALSE,1,other
289064660,3,2,2,FALSE,TRUE,FALSE,1,completed
289064729,5,4,3,FALSE,FALSE,FALSE,2,still_orphaned
289064938,3,3,2,FALSE,FALSE,FALSE,2,still_orphaned
289065153,4,4,2,TRUE,FALSE,FALSE,2,other
289065529,3,3,2,FALSE,FALSE,FALSE,2,still_orphaned
289065668,4,3,2,TRUE,FALSE,FALSE,1,other
289065765,1,0,1,FALSE,FALSE,TRUE,0,still_orphaned
289065812,4,3,2,TRUE,FALSE,FALSE,1,other
289066193,1,2,1,FALSE,FALSE,TRUE,2,still_orphaned
289066288,2,3,1,TRUE,FALSE,FALSE,2,other
289066756,4,5,2,TRUE,FALSE,FALSE,3,other
289066991,2,3,1,TRUE,FALSE,FALSE,2,other
289067138,4,4,2,TRUE,FALSE,FALSE,2,other
289067254,2,4,1,TRUE,FALSE,FALSE,3,other
289067318,1,0,1,FALSE,FALSE,TRUE,0,still_orphaned
289067389,6,5,3,TRUE,FALSE,FALSE,2,other
289067675,2,2,1,TRUE,FALSE,FALSE,1,other
289067792,1,2,1,FALSE,FALSE,TRUE,2,still_orphaned
289068098,7,5,4,FALSE,FALSE,FALSE,2,still_orphaned
289068100,1,2,1,FALSE,FALSE,TRUE,2,still_orphaned
289068403,1,0,1,FALSE,FALSE,TRUE,0,still_orphaned
289068450,8,8,4,TRUE,FALSE,FALSE,4,other
289068544,4,3,2,TRUE,FALSE,FALSE,1,other
289068628,2,1,1,TRUE,TRUE,FALSE,0,already_paired
289068647,4,4,2,TRUE,FALSE,FALSE,2,other
289068716,1,3,1,FALSE,FALSE,TRUE,3,still_orphaned
289068759,3,4,2,FALSE,FALSE,FALSE,3,still_orphaned
289069332,4,5,2,TRUE,FALSE,FALSE,3,other
289069451,1,2,1,FALSE,FALSE,TRUE,2,still_orphaned
289069807,1,1,1,FALSE,TRUE,TRUE,1,completed
289069898,3,5,2,FALSE,FALSE,FALSE,4,still_orphaned
289070035,1,2,1,FALSE,FALSE,TRUE,2,still_orphaned
289070340,1,2,1,FALSE,FALSE,TRUE,2,still_orphaned
289070369,1,0,1,FALSE,FALSE,TRUE,0,still_orphaned
289070676,4,5,2,TRUE,FALSE,FALSE,3,other
289070727,1,3,1,FALSE,FALSE,TRUE,3,still_orphaned
289070846,3,5,2,FALSE,FALSE,FALSE,4,still_orphaned
289070889,1,2,1,FALSE,FALSE,TRUE,2,still_orphaned
289071133,5,7,3,FALSE,FALSE,FALSE,5,still_orphaned
289071162,5,5,3,FALSE,FALSE,FALSE,3,still_orphaned
289071586,3,4,2,FALSE,FALSE,FALSE,3,still_orphaned
289071806,2,3,1,TRUE,FALSE,FALSE,2,other
289071838,1,0,1,FALSE,FALSE,TRUE,0,still_orphaned
289072217,2,2,1,TRUE,FALSE,FALSE,1,other
289072257,1,0,1,FALSE,FALSE,TRUE,0,still_orphaned
289072398,1,1,1,FALSE,TRUE,TRUE,1,completed
289072409,1,0,1,FALSE,FALSE,TRUE,0,still_orphaned
289072433,2,1,1,TRUE,TRUE,FALSE,0,already_paired
289072502,10,9,5,TRUE,FALSE,FALSE,4,other
289072510,3,3,2,FALSE,FALSE,FALSE,2,still_orphaned
289072704,4,3,2,TRUE,FALSE,FALSE,1,other
289073301,1,2,1,FALSE,FALSE,TRUE,2,still_orphaned
289073341,5,6,3,FALSE,FALSE,FALSE,4,still_orphaned
289073404,4,3,2,TRUE,FALSE,FALSE,1,other
289073748,3,4,2,FALSE,FALSE,FALSE,3,still_orphaned
289074007,5,5,3,FALSE,FALSE,FALSE,3,still_orphaned
289074010,2,2,1,TRUE,FALSE,FALSE,1,other
289074189,1,0,1,FALSE,FALSE,TRUE,0,still_orphaned
289074254,5,5,3,FALSE,FALSE,FALSE,3,still_orphaned
289074568,4,6,2,TRUE,FALSE,FALSE,4,other
289074588,2,3,1,TRUE,FALSE,FALSE,2,other
289074728,1,2,1,FALSE,FALSE,TRUE,2,still_orphaned
289074731,3,2,2,FALSE,TRUE,FALSE,1,completed
289074798,2,3,1,TRUE,FALSE,FALSE,2,other
289074968,1,0,1,FALSE,FALSE,TRUE,0,still_orphaned
289075292,2,3,1,TRUE,FALSE,FALSE,2,other
289075348,4,3,2,TRUE,FALSE,FALSE,1,other
289075372,1,2,1,FALSE,FALSE,TRUE,2,still_orphaned
289075385,5,5,3,FALSE,FALSE,FALSE,3,still_orphaned
289075388,1,2,1,FALSE,FALSE,TRUE,2,still_orphaned
289075391,5,3,3,FALSE,TRUE,FALSE,1,completed
289075780,1,0,1,FALSE,FALSE,TRUE,0,still_orphaned
289075847,1,2,1,FALSE,FALSE,TRUE,2,still_orphaned
289076381,1,0,1,FALSE,FALSE,TRUE,0,still_orphaned
289076414,3,1,2,FALSE,FALSE,FALSE,0,still_orphaned
289076483,4,3,2,TRUE,FALSE,FALSE,1,other
289076517,1,2,1,FALSE,FALSE,TRUE,2,still_orphaned
289076668,4,5,2,TRUE,FALSE,FALSE,3,other
289076781,1,2,1,FALSE,FALSE,TRUE,2,still_orphaned
289076924,2,3,1,TRUE,FALSE,FALSE,2,other
289077321,3,3,2,FALSE,FALSE,FALSE,2,still_orphaned
289077549,2,2,1,TRUE,FALSE,FALSE,1,other
289077641,1,0,1,FALSE,FALSE,TRUE,0,still_orphaned
289077691,4,7,2,TRUE,FALSE,FALSE,5,other
289078111,4,5,2,TRUE,FALSE,FALSE,3,other
289078145,2,2,1,TRUE,FALSE,FALSE,1,other
289078470,4,2,2,TRUE,TRUE,FALSE,0,already_paired
289078768,2,2,1,TRUE,FALSE,FALSE,1,other
289078971,2,3,1,TRUE,FALSE,FALSE,2,other
289079057,3,2,2,FALSE,TRUE,FALSE,1,completed
289079260,1,0,1,FALSE,FALSE,TRUE,0,still_orphaned
289079277,1,2,1,FALSE,FALSE,TRUE,2,still_orphaned
289079446,3,3,2,FALSE,FALSE,FALSE,2,still_orphaned
289079488,4,3,2,TRUE,FALSE,FALSE,1,other
289079564,1,0,1,FALSE,FALSE,TRUE,0,still_orphaned
289079606,2,4,1,TRUE,FALSE,FALSE,3,other
289079609,2,2,1,TRUE,FALSE,FALSE,1,other
289079682,1,2,1,FALSE,FALSE,TRUE,2,still_orphaned
289079855,1,2,1,FALSE,FALSE,TRUE,2,still_orphaned
289079932,2,1,1,TRUE,TRUE,FALSE,0,already_paired
289080809,2,2,1,TRUE,FALSE,FALSE,1,other
289081293,2,2,1,TRUE,FALSE,FALSE,1,other
289106413,4,3,2,TRUE,FALSE,FALSE,1,other
289106535,2,2,1,TRUE,FALSE,FALSE,1,other
289106685,1,0,1,FALSE,FALSE,TRUE,0,still_orphaned
289106842,2,2,1,TRUE,FALSE,FALSE,1,other
289107093,6,5,3,TRUE,FALSE,FALSE,2,other
289107132,1,2,1,FALSE,FALSE,TRUE,2,still_orphaned
289107300,3,2,2,FALSE,TRUE,FALSE,1,completed
289107577,3,5,2,FALSE,FALSE,FALSE,4,still_orphaned
289108151,3,3,2,FALSE,FALSE,FALSE,2,still_orphaned
289108160,3,2,2,FALSE,TRUE,FALSE,1,completed
289108364,3,3,2,FALSE,FALSE,FALSE,2,still_orphaned
289108372,2,2,1,TRUE,FALSE,FALSE,1,other
289108536,1,0,1,FALSE,FALSE,TRUE,0,still_orphaned
289108853,3,4,2,FALSE,FALSE,FALSE,3,still_orphaned
289108879,3,2,2,FALSE,TRUE,FALSE,1,completed
289108964,1,1,1,FALSE,TRUE,TRUE,1,completed
289108973,3,2,2,FALSE,TRUE,FALSE,1,completed
289109078,3,6,2,FALSE,FALSE,FALSE,5,still_orphaned
289109094,1,2,1,FALSE,FALSE,TRUE,2,still_orphaned
289109350,1,4,1,FALSE,FALSE,TRUE,4,still_orphaned
289109496,4,2,2,TRUE,TRUE,FALSE,0,already_paired
289109520,1,2,1,FALSE,FALSE,TRUE,2,still_orphaned
289109575,5,4,3,FALSE,FALSE,FALSE,2,still_orphaned
289109644,3,5,2,FALSE,FALSE,FALSE,4,still_orphaned
289109721,4,3,2,TRUE,FALSE,FALSE,1,other
289110110,3,1,2,FALSE,FALSE,FALSE,0,still_orphaned
289110179,3,1,2,FALSE,FALSE,FALSE,0,still_orphaned
289110188,2,3,1,TRUE,FALSE,FALSE,2,other
289110249,3,4,2,FALSE,FALSE,FALSE,3,still_orphaned
289110372,4,5,2,TRUE,FALSE,FALSE,3,other
289110439,3,2,2,FALSE,TRUE,FALSE,1,completed
289110451,4,5,2,TRUE,FALSE,FALSE,3,other
289110652,2,3,1,TRUE,FALSE,FALSE,2,other
289110769,4,3,2,TRUE,FALSE,FALSE,1,other
289110929,3,2,2,FALSE,TRUE,FALSE,1,completed
289111011,5,4,3,FALSE,FALSE,FALSE,2,still_orphaned
289111233,1,3,1,FALSE,FALSE,TRUE,3,still_orphaned
289111659,11,8,6,FALSE,FALSE,FALSE,3,still_orphaned
289111693,2,2,1,TRUE,FALSE,FALSE,1,other
289111729,1,3,1,FALSE,FALSE,TRUE,3,still_orphaned
289111742,6,5,3,TRUE,FALSE,FALSE,2,other
289111904,1,2,1,FALSE,FALSE,TRUE,2,still_orphaned
289112003,2,1,1,TRUE,TRUE,FALSE,0,already_paired
289112031,2,1,1,TRUE,TRUE,FALSE,0,already_paired
289112206,2,2,1,TRUE,FALSE,FALSE,1,other
289112252,7,6,4,FALSE,FALSE,FALSE,3,still_orphaned
289112288,4,3,2,TRUE,FALSE,FALSE,1,other
289112607,1,3,1,FALSE,FALSE,TRUE,3,still_orphaned
289112618,2,2,1,TRUE,FALSE,FALSE,1,other
289112778,3,2,2,FALSE,TRUE,FALSE,1,completed
289112857,2,3,1,TRUE,FALSE,FALSE,2,other
289113147,2,2,1,TRUE,FALSE,FALSE,1,other
289113149,2,1,1,TRUE,TRUE,FALSE,0,already_paired
289113629,1,0,1,FALSE,FALSE,TRUE,0,still_orphaned
289113702,2,1,1,TRUE,TRUE,FALSE,0,already_paired
289114036,6,6,3,TRUE,FALSE,FALSE,3,other
289114178,4,3,2,TRUE,FALSE,FALSE,1,other
289114349,7,6,4,FALSE,FALSE,FALSE,3,still_orphaned
289114480,3,4,2,FALSE,FALSE,FALSE,3,still_orphaned
289114718,5,4,3,FALSE,FALSE,FALSE,2,still_orphaned
289114767,1,0,1,FALSE,FALSE,TRUE,0,still_orphaned
289114788,4,4,2,TRUE,FALSE,FALSE,2,other
289114823,3,3,2,FALSE,FALSE,FALSE,2,still_orphaned
289114861,6,8,3,TRUE,FALSE,FALSE,5,other
289115159,2,2,1,TRUE,FALSE,FALSE,1,other
289115289,2,1,1,TRUE,TRUE,FALSE,0,already_paired
289115412,4,5,2,TRUE,FALSE,FALSE,3,other
289115473,1,2,1,FALSE,FALSE,TRUE,2,still_orphaned
289115693,4,4,2,TRUE,FALSE,FALSE,2,other
289115711,4,5,2,TRUE,FALSE,FALSE,3,other
289115741,1,2,1,FALSE,FALSE,TRUE,2,still_orphaned
289116217,4,2,2,TRUE,TRUE,FALSE,0,already_paired
289116220,1,0,1,FALSE,FALSE,TRUE,0,still_orphaned
289116270,1,0,1,FALSE,FALSE,TRUE,0,still_orphaned
289116353,2,1,1,TRUE,TRUE,FALSE,0,already_paired
289116465,4,3,2,TRUE,FALSE,FALSE,1,other
289116654,3,3,2,FALSE,FALSE,FALSE,2,still_orphaned
289116812,1,0,1,FALSE,FALSE,TRUE,0,still_orphaned
289117002,4,5,2,TRUE,FALSE,FALSE,3,other
289117430,2,4,1,TRUE,FALSE,FALSE,3,other
289117432,3,2,2,FALSE,TRUE,FALSE,1,completed
289117730,1,2,1,FALSE,FALSE,TRUE,2,still_orphaned
289117958,7,5,4,FALSE,FALSE,FALSE,2,still_orphaned
289118144,2,4,1,TRUE,FALSE,FALSE,3,other
289118355,3,4,2,FALSE,FALSE,FALSE,3,still_orphaned
289118417,4,5,2,TRUE,FALSE,FALSE,3,other
289118517,9,8,5,FALSE,FALSE,FALSE,4,still_orphaned
289118575,2,2,1,TRUE,FALSE,FALSE,1,other
289118999,1,0,1,FALSE,FALSE,TRUE,0,still_orphaned
289119213,2,1,1,TRUE,TRUE,FALSE,0,already_paired
289119216,3,2,2,FALSE,TRUE,FALSE,1,completed
289120041,5,4,3,FALSE,FALSE,FALSE,2,still_orphaned
289120068,2,2,1,TRUE,FALSE,FALSE,1,other
289120074,8,7,4,TRUE,FALSE,FALSE,3,other
289120112,4,4,2,TRUE,FALSE,FALSE,2,other
289120199,3,4,2,FALSE,FALSE,FALSE,3,still_orphaned
289120276,1,1,1,FALSE,TRUE,TRUE,1,completed
289120280,3,2,2,FALSE,TRUE,FALSE,1,completed
289120628,3,2,2,FALSE,TRUE,FALSE,1,completed
289120800,1,2,1,FALSE,FALSE,TRUE,2,still_orphaned
289120960,2,2,1,TRUE,FALSE,FALSE,1,other
289121068,3,4,2,FALSE,FALSE,FALSE,3,still_orphaned
289121170,2,1,1,TRUE,TRUE,FALSE,0,already_paired
289121195,1,0,1,FALSE,FALSE,TRUE,0,still_orphaned
289121331,5,6,3,FALSE,FALSE,FALSE,4,still_orphaned
289121916,5,4,3,FALSE,FALSE,FALSE,2,still_orphaned
289122055,4,4,2,TRUE,FALSE,FALSE,2,other
289122084,3,3,2,FALSE,FALSE,FALSE,2,still_orphaned
289122182,4,4,2,TRUE,FALSE,FALSE,2,other
289122268,2,2,1,TRUE,FALSE,FALSE,1,other
289122319,4,5,2,TRUE,FALSE,FALSE,3,other
289122748,1,0,1,FALSE,FALSE,TRUE,0,still_orphaned
289122783,4,3,2,TRUE,FALSE,FALSE,1,other
289123045,1,2,1,FALSE,FALSE,TRUE,2,still_orphaned
289123487,4,4,2,TRUE,FALSE,FALSE,2,other
289123518,2,3,1,TRUE,FALSE,FALSE,2,other
289123713,2,3,1,TRUE,FALSE,FALSE,2,other
289123849,2,2,1,TRUE,FALSE,FALSE,1,other
289123850,11,8,6,FALSE,FALSE,FALSE,3,still_orphaned
289123905,1,4,1,FALSE,FALSE,TRUE,4,still_orphaned
289123956,8,7,4,TRUE,FALSE,FALSE,3,other
289123985,1,0,1,FALSE,FALSE,TRUE,0,still_orphaned
289124079,5,6,3,FALSE,FALSE,FALSE,4,still_orphaned
289124095,1,4,1,FALSE,FALSE,TRUE,4,still_orphaned
289124123,4,2,2,TRUE,TRUE,FALSE,0,already_paired
289124264,5,4,3,FALSE,FALSE,FALSE,2,still_orphaned
289124429,6,6,3,TRUE,FALSE,FALSE,3,other
289124541,1,2,1,FALSE,FALSE,TRUE,2,still_orphaned
289124578,3,2,2,FALSE,TRUE,FALSE,1,completed
289124784,2,4,1,TRUE,FALSE,FALSE,3,other
289125014,5,7,3,FALSE,FALSE,FALSE,5,still_orphaned
289125166,1,0,1,FALSE,FALSE,TRUE,0,still_orphaned
289125354,5,3,3,FALSE,TRUE,FALSE,1,completed
289125396,2,2,1,TRUE,FALSE,FALSE,1,other
289125519,5,4,3,FALSE,FALSE,FALSE,2,still_orphaned
289126160,3,2,2,FALSE,TRUE,FALSE,1,completed
289126373,1,2,1,FALSE,FALSE,TRUE,2,still_orphaned
289126595,4,5,2,TRUE,FALSE,FALSE,3,other
289126742,4,4,2,TRUE,FALSE,FALSE,2,other
289126822,4,3,2,TRUE,FALSE,FALSE,1,other
289126888,1,3,1,FALSE,FALSE,TRUE,3,still_orphaned
289127394,1,1,1,FALSE,TRUE,TRUE,1,completed
289127591,3,3,2,FALSE,FALSE,FALSE,2,still_orphaned
289127695,1,3,1,FALSE,FALSE,TRUE,3,still_orphaned
289127831,2,2,1,TRUE,FALSE,FALSE,1,other
289127963,2,1,1,TRUE,TRUE,FALSE,0,already_paired
289128129,2,2,1,TRUE,FALSE,FALSE,1,other
289128202,3,5,2,FALSE,FALSE,FALSE,4,still_orphaned
289128301,3,4,2,FALSE,FALSE,FALSE,3,still_orphaned
289128550,3,2,2,FALSE,TRUE,FALSE,1,completed
289129032,5,4,3,FALSE,FALSE,FALSE,2,still_orphaned
289129218,1,2,1,FALSE,FALSE,TRUE,2,still_orphaned
289129237,2,3,1,TRUE,FALSE,FALSE,2,other
289129272,7,6,4,FALSE,FALSE,FALSE,3,still_orphaned
289129364,2,1,1,TRUE,TRUE,FALSE,0,already_paired
289129387,4,3,2,TRUE,FALSE,FALSE,1,other
289129429,4,3,2,TRUE,FALSE,FALSE,1,other
289129571,2,3,1,TRUE,FALSE,FALSE,2,other
289129603,1,0,1,FALSE,FALSE,TRUE,0,still_orphaned
289130069,2,2,1,TRUE,FALSE,FALSE,1,other
289130222,4,3,2,TRUE,FALSE,FALSE,1,other
289130325,2,2,1,TRUE,FALSE,FALSE,1,other
289130345,1,0,1,FALSE,FALSE,TRUE,0,still_orphaned
289130432,2,2,1,TRUE,FALSE,FALSE,1,other
289130537,2,2,1,TRUE,FALSE,FALSE,1,other
289130589,2,3,1,TRUE,FALSE,FALSE,2,other
289130854,2,3,1,TRUE,FALSE,FALSE,2,other
289130976,2,1,1,TRUE,TRUE,FALSE,0,already_paired
289131025,6,7,3,TRUE,FALSE,FALSE,4,other
289131480,7,5,4,FALSE,FALSE,FALSE,2,still_orphaned
289131543,4,3,2,TRUE,FALSE,FALSE,1,other
289131662,4,5,2,TRUE,FALSE,FALSE,3,other
289131668,4,4,2,TRUE,FALSE,FALSE,2,other
289131675,1,0,1,FALSE,FALSE,TRUE,0,still_orphaned
289131753,3,2,2,FALSE,TRUE,FALSE,1,completed
289131763,5,4,3,FALSE,FALSE,FALSE,2,still_orphaned
289132076,1,0,1,FALSE,FALSE,TRUE,0,still_orphaned
289132099,3,2,2,FALSE,TRUE,FALSE,1,completed
289132170,1,0,1,FALSE,FALSE,TRUE,0,still_orphaned
289132643,2,2,1,TRUE,FALSE,FALSE,1,other
289132646,5,5,3,FALSE,FALSE,FALSE,3,still_orphaned
289132696,2,2,1,TRUE,FALSE,FALSE,1,other
289132827,1,2,1,FALSE,FALSE,TRUE,2,still_orphaned
289133081,4,3,2,TRUE,FALSE,FALSE,1,other
289133170,2,2,1,TRUE,FALSE,FALSE,1,other
289133200,1,2,1,FALSE,FALSE,TRUE,2,still_orphaned
289133275,1,2,1,FALSE,FALSE,TRUE,2,still_orphaned
289133389,1,1,1,FALSE,TRUE,TRUE,1,completed
289133525,2,2,1,TRUE,FALSE,FALSE,1,other
289133542,3,2,2,FALSE,TRUE,FALSE,1,completed
289133991,2,2,1,TRUE,FALSE,FALSE,1,other
289134028,3,2,2,FALSE,TRUE,FALSE,1,completed
289134267,2,2,1,TRUE,FALSE,FALSE,1,other
289134350,1,2,1,FALSE,FALSE,TRUE,2,still_orphaned
289134576,3,4,2,FALSE,FALSE,FALSE,3,still_orphaned
289134690,3,4,2,FALSE,FALSE,FALSE,3,still_orphaned
289134945,3,2,2,FALSE,TRUE,FALSE,1,completed
289135164,5,4,3,FALSE,FALSE,FALSE,2,still_orphaned
289135239,1,2,1,FALSE,FALSE,TRUE,2,still_orphaned
289135636,1,0,1,FALSE,FALSE,TRUE,0,still_orphaned
289135639,1,0,1,FALSE,FALSE,TRUE,0,still_orphaned
289135801,3,1,2,FALSE,FALSE,FALSE,0,still_orphaned
289135842,2,4,1,TRUE,FALSE,FALSE,3,other
289135938,3,3,2,FALSE,FALSE,FALSE,2,still_orphaned
289136160,7,8,4,FALSE,FALSE,FALSE,5,still_orphaned
289136264,3,6,2,FALSE,FALSE,FALSE,5,still_orphaned
289136298,4,3,2,TRUE,FALSE,FALSE,1,other
289136533,4,2,2,TRUE,TRUE,FALSE,0,already_paired
289136714,2,1,1,TRUE,TRUE,FALSE,0,already_paired
289137188,2,2,1,TRUE,FALSE,FALSE,1,other
289137203,4,6,2,TRUE,FALSE,FALSE,4,other
289137251,1,2,1,FALSE,FALSE,TRUE,2,still_orphaned
289164263,5,5,3,FALSE,FALSE,FALSE,3,still_orphaned
289164271,1,3,1,FALSE,FALSE,TRUE,3,still_orphaned
289164656,2,1,1,TRUE,TRUE,FALSE,0,already_paired
289165125,8,6,4,TRUE,FALSE,FALSE,2,other
289165184,1,3,1,FALSE,FALSE,TRUE,3,still_orphaned
289165347,1,3,1,FALSE,FALSE,TRUE,3,still_orphaned
289165493,3,5,2,FALSE,FALSE,FALSE,4,still_orphaned
289165610,3,2,2,FALSE,TRUE,FALSE,1,completed
289165612,4,5,2,TRUE,FALSE,FALSE,3,other
289165892,5,5,3,FALSE,FALSE,FALSE,3,still_orphaned
289166059,1,0,1,FALSE,FALSE,TRUE,0,still_orphaned
289166115,4,4,2,TRUE,FALSE,FALSE,2,other
289166127,4,3,2,TRUE,FALSE,FALSE,1,other
289166257,4,2,2,TRUE,TRUE,FALSE,0,already_paired
289166282,4,3,2,TRUE,FALSE,FALSE,1,other
289166402,4,2,2,TRUE,TRUE,FALSE,0,already_paired
289166645,1,2,1,FALSE,FALSE,TRUE,2,still_orphaned
289166703,3,3,2,FALSE,FALSE,FALSE,2,still_orphaned
289166754,1,3,1,FALSE,FALSE,TRUE,3,still_orphaned
289166818,4,3,2,TRUE,FALSE,FALSE,1,other
289166892,4,3,2,TRUE,FALSE,FALSE,1,other
289166990,5,2,3,FALSE,FALSE,FALSE,0,still_orphaned
289167089,5,5,3,FALSE,FALSE,FALSE,3,still_orphaned
289167147,3,3,2,FALSE,FALSE,FALSE,2,still_orphaned
289167170,1,2,1,FALSE,FALSE,TRUE,2,still_orphaned
289167208,6,5,3,TRUE,FALSE,FALSE,2,other
289167424,7,9,4,FALSE,FALSE,FALSE,6,still_orphaned
289167841,2,2,1,TRUE,FALSE,FALSE,1,other
289167862,6,5,3,TRUE,FALSE,FALSE,2,other
289167981,3,2,2,FALSE,TRUE,FALSE,1,completed
289168044,2,1,1,TRUE,TRUE,FALSE,0,already_paired
289168056,2,2,1,TRUE,FALSE,FALSE,1,other
289168321,5,5,3,FALSE,FALSE,FALSE,3,still_orphaned
289168418,2,2,1,TRUE,FALSE,FALSE,1,other
289168478,4,3,2,TRUE,FALSE,FALSE,1,other
289168530,4,3,2,TRUE,FALSE,FALSE,1,other
289168711,6,3,3,TRUE,TRUE,FALSE,0,already_paired
289168794,3,2,2,FALSE,TRUE,FALSE,1,completed
289168895,2,3,1,TRUE,FALSE,FALSE,2,other
289169163,2,1,1,TRUE,TRUE,FALSE,0,already_paired
289169223,3,3,2,FALSE,FALSE,FALSE,2,still_orphaned
289169311,5,4,3,FALSE,FALSE,FALSE,2,still_orphaned
289169401,2,2,1,TRUE,FALSE,FALSE,1,other
289169510,3,2,2,FALSE,TRUE,FALSE,1,completed
289169837,4,3,2,TRUE,FALSE,FALSE,1,other
289169953,8,6,4,TRUE,FALSE,FALSE,2,other
289170164,1,2,1,FALSE,FALSE,TRUE,2,still_orphaned
289170263,1,0,1,FALSE,FALSE,TRUE,0,still_orphaned
289170322,2,2,1,TRUE,FALSE,FALSE,1,other
289170669,1,2,1,FALSE,FALSE,TRUE,2,still_orphaned
289170749,3,1,2,FALSE,FALSE,FALSE,0,still_orphaned
289170826,2,2,1,TRUE,FALSE,FALSE,1,other
289170945,7,5,4,FALSE,FALSE,FALSE,2,still_orphaned
289171207,3,2,2,FALSE,TRUE,FALSE,1,completed
289171252,10,5,5,TRUE,TRUE,FALSE,0,already_paired
289171259,3,1,2,FALSE,FALSE,FALSE,0,still_orphaned
289171764,4,3,2,TRUE,FALSE,FALSE,1,other
289171805,4,5,2,TRUE,FALSE,FALSE,3,other
289171918,2,2,1,TRUE,FALSE,FALSE,1,other
289171977,3,2,2,FALSE,TRUE,FALSE,1,completed
289172484,4,3,2,TRUE,FALSE,FALSE,1,other
289172526,1,2,1,FALSE,FALSE,TRUE,2,still_orphaned
289172532,4,4,2,TRUE,FALSE,FALSE,2,other
289172759,1,3,1,FALSE,FALSE,TRUE,3,still_orphaned
289172784,4,3,2,TRUE,FALSE,FALSE,1,other
289173038,2,3,1,TRUE,FALSE,FALSE,2,other
289173072,5,3,3,FALSE,TRUE,FALSE,1,completed
289173200,3,2,2,FALSE,TRUE,FALSE,1,completed
289173406,2,1,1,TRUE,TRUE,FALSE,0,already_paired
289173537,1,2,1,FALSE,FALSE,TRUE,2,still_orphaned
289173823,1,2,1,FALSE,FALSE,TRUE,2,still_orphaned
289173954,2,2,1,TRUE,FALSE,FALSE,1,other
289173974,3,5,2,FALSE,FALSE,FALSE,4,still_orphaned
289174375,3,3,2,FALSE,FALSE,FALSE,2,still_orphaned
289174417,1,0,1,FALSE,FALSE,TRUE,0,still_orphaned
289174685,1,0,1,FALSE,FALSE,TRUE,0,still_orphaned
289174764,2,2,1,TRUE,FALSE,FALSE,1,other
289174796,1,0,1,FALSE,FALSE,TRUE,0,still_orphaned
289175070,1,4,1,FALSE,FALSE,TRUE,4,still_orphaned
289175087,1,2,1,FALSE,FALSE,TRUE,2,still_orphaned
289175181,2,2,1,TRUE,FALSE,FALSE,1,other
289175438,4,3,2,TRUE,FALSE,FALSE,1,other
289175852,3,3,2,FALSE,FALSE,FALSE,2,still_orphaned
289175863,2,1,1,TRUE,TRUE,FALSE,0,already_paired
289176151,3,1,2,FALSE,FALSE,FALSE,0,still_orphaned
289176584,2,2,1,TRUE,FALSE,FALSE,1,other
289176936,3,5,2,FALSE,FALSE,FALSE,4,still_orphaned
289176995,3,2,2,FALSE,TRUE,FALSE,1,completed
289177088,6,6,3,TRUE,FALSE,FALSE,3,other
289177168,2,3,1,TRUE,FALSE,FALSE,2,other
289177314,1,0,1,FALSE,FALSE,TRUE,0,still_orphaned
289177554,1,4,1,FALSE,FALSE,TRUE,4,still_orphaned
289177556,2,3,1,TRUE,FALSE,FALSE,2,other
289177892,5,6,3,FALSE,FALSE,FALSE,4,still_orphaned
289178205,2,2,1,TRUE,FALSE,FALSE,1,other
289178278,3,4,2,FALSE,FALSE,FALSE,3,still_orphaned
289178375,1,2,1,FALSE,FALSE,TRUE,2,still_orphaned
289178468,2,3,1,TRUE,FALSE,FALSE,2,other
289178469,3,5,2,FALSE,FALSE,FALSE,4,still_orphaned
289178501,1,2,1,FALSE,FALSE,TRUE,2,still_orphaned
289178508,2,3,1,TRUE,FALSE,FALSE,2,other
289178650,3,3,2,FALSE,FALSE,FALSE,2,still_orphaned
289178919,5,3,3,FALSE,TRUE,FALSE,1,completed
289179531,1,2,1,FALSE,FALSE,TRUE,2,still_orphaned
289180032,3,5,2,FALSE,FALSE,FALSE,4,still_orphaned
289180267,2,3,1,TRUE,FALSE,FALSE,2,other
289180297,5,6,3,FALSE,FALSE,FALSE,4,still_orphaned
289180304,2,1,1,TRUE,TRUE,FALSE,0,already_paired
289180432,4,5,2,TRUE,FALSE,FALSE,3,other
289180516,1,3,1,FALSE,FALSE,TRUE,3,still_orphaned
289180596,2,2,1,TRUE,FALSE,FALSE,1,other
289180789,2,2,1,TRUE,FALSE,FALSE,1,other
289181081,2,2,1,TRUE,FALSE,FALSE,1,other
289181147,3,3,2,FALSE,FALSE,FALSE,2,still_orphaned
289181320,4,4,2,TRUE,FALSE,FALSE,2,other
289181350,1,0,1,FALSE,FALSE,TRUE,0,still_orphaned
289181360,3,4,2,FALSE,FALSE,FALSE,3,still_orphaned
289181852,5,5,3,FALSE,FALSE,FALSE,3,still_orphaned
289181885,5,5,3,FALSE,FALSE,FALSE,3,still_orphaned
289181934,2,3,1,TRUE,FALSE,FALSE,2,other
289181935,3,2,2,FALSE,TRUE,FALSE,1,completed
289181942,3,3,2,FALSE,FALSE,FALSE,2,still_orphaned
289182199,4,4,2,TRUE,FALSE,FALSE,2,other
289182383,2,3,1,TRUE,FALSE,FALSE,2,other
289182414,2,2,1,TRUE,FALSE,FALSE,1,other
289182493,3,2,2,FALSE,TRUE,FALSE,1,completed
289182706,2,1,1,TRUE,TRUE,FALSE,0,already_paired
289182782,3,1,2,FALSE,FALSE,FALSE,0,still_orphaned
289183057,1,3,1,FALSE,FALSE,TRUE,3,still_orphaned
289183267,6,5,3,TRUE,FALSE,FALSE,2,other
289183537,3,4,2,FALSE,FALSE,FALSE,3,still_orphaned
289183575,3,2,2,FALSE,TRUE,FALSE,1,completed
289183595,4,4,2,TRUE,FALSE,FALSE,2,other
289183688,2,1,1,TRUE,TRUE,FALSE,0,already_paired
289183772,1,2,1,FALSE,FALSE,TRUE,2,still_orphaned
289183843,3,4,2,FALSE,FALSE,FALSE,3,still_orphaned
289183878,5,5,3,FALSE,FALSE,FALSE,3,still_orphaned
289183980,4,2,2,TRUE,TRUE,FALSE,0,already_paired
289184129,2,3,1,TRUE,FALSE,FALSE,2,other
289184164,4,4,2,TRUE,FALSE,FALSE,2,other
289184347,2,2,1,TRUE,FALSE,FALSE,1,other
289184576,3,3,2,FALSE,FALSE,FALSE,2,still_orphaned
289184636,2,3,1,TRUE,FALSE,FALSE,2,other
289184714,2,3,1,TRUE,FALSE,FALSE,2,other
289185069,2,1,1,TRUE,TRUE,FALSE,0,already_paired
289185280,2,4,1,TRUE,FALSE,FALSE,3,other
289185428,2,1,1,TRUE,TRUE,FALSE,0,already_paired
289185433,3,2,2,FALSE,TRUE,FALSE,1,completed
289185568,2,2,1,TRUE,FALSE,FALSE,1,other
289185916,1,0,1,FALSE,FALSE,TRUE,0,still_orphaned
289186060,1,2,1,FALSE,FALSE,TRUE,2,still_orphaned
289186074,6,7,3,TRUE,FALSE,FALSE,4,other
289186143,3,4,2,FALSE,FALSE,FALSE,3,still_orphaned
289186449,2,3,1,TRUE,FALSE,FALSE,2,other
289186621,4,4,2,TRUE,FALSE,FALSE,2,other
289186636,2,3,1,TRUE,FALSE,FALSE,2,other
289186777,1,2,1,FALSE,FALSE,TRUE,2,still_orphaned
289186850,3,2,2,FALSE,TRUE,FALSE,1,completed
289187207,2,1,1,TRUE,TRUE,FALSE,0,already_paired
289187232,2,1,1,TRUE,TRUE,FALSE,0,already_paired
289187260,1,2,1,FALSE,FALSE,TRUE,2,still_orphaned
289187276,4,3,2,TRUE,FALSE,FALSE,1,other
289187419,2,1,1,TRUE,TRUE,FALSE,0,already_paired
289187632,4,4,2,TRUE,FALSE,FALSE,2,other
289187769,2,1,1,TRUE,TRUE,FALSE,0,already_paired
289187790,3,1,2,FALSE,FALSE,FALSE,0,still_orphaned
289187880,1,2,1,FALSE,FALSE,TRUE,2,still_orphaned
289187951,2,1,1,TRUE,TRUE,FALSE,0,already_paired
289188239,4,4,2,TRUE,FALSE,FALSE,2,other
289188288,7,5,4,FALSE,FALSE,FALSE,2,still_orphaned
289188528,3,3,2,FALSE,FALSE,FALSE,2,still_orphaned
289188657,1,3,1,FALSE,FALSE,TRUE,3,still_orphaned
289188745,6,6,3,TRUE,FALSE,FALSE,3,other
289188821,2,2,1,TRUE,FALSE,FALSE,1,other
289188890,3,5,2,FALSE,FALSE,FALSE,4,still_orphaned
289188955,2,1,1,TRUE,TRUE,FALSE,0,already_paired
289188974,1,2,1,FALSE,FALSE,TRUE,2,still_orphaned
289188987,4,5,2,TRUE,FALSE,FALSE,3,other
289189158,4,4,2,TRUE,FALSE,FALSE,2,other
289189169,1,2,1,FALSE,FALSE,TRUE,2,still_orphaned
289189368,2,1,1,TRUE,TRUE,FALSE,0,already_paired
289189540,3,2,2,FALSE,TRUE,FALSE,1,completed
289189571,2,3,1,TRUE,FALSE,FALSE,2,other
289189585,2,2,1,TRUE,FALSE,FALSE,1,other
289189718,1,4,1,FALSE,FALSE,TRUE,4,still_orphaned
289189812,4,3,2,TRUE,FALSE,FALSE,1,other
289190453,2,1,1,TRUE,TRUE,FALSE,0,already_paired
289190658,2,3,1,TRUE,FALSE,FALSE,2,other
289190751,1,0,1,FALSE,FALSE,TRUE,0,still_orphaned
289191037,2,2,1,TRUE,FALSE,FALSE,1,other
289191122,2,2,1,TRUE,FALSE,FALSE,1,other
289191135,1,0,1,FALSE,FALSE,TRUE,0,still_orphaned
289191162,1,0,1,FALSE,FALSE,TRUE,0,still_orphaned
289191312,4,4,2,TRUE,FALSE,FALSE,2,other
289191660,1,0,1,FALSE,FALSE,TRUE,0,still_orphaned
289191693,3,2,2,FALSE,TRUE,FALSE,1,completed
289191884,1,4,1,FALSE,FALSE,TRUE,4,still_orphaned
289191909,1,0,1,FALSE,FALSE,TRUE,0,still_orphaned
289192156,3,3,2,FALSE,FALSE,FALSE,2,still_orphaned
289192168,1,2,1,FALSE,FALSE,TRUE,2,still_orphaned
289192200,3,2,2,FALSE,TRUE,FALSE,1,completed
289192247,2,3,1,TRUE,FALSE,FALSE,2,other
289192307,3,2,2,FALSE,TRUE,FALSE,1,completed
289192529,1,0,1,FALSE,FALSE,TRUE,0,still_orphaned
289192576,1,1,1,FALSE,TRUE,TRUE,1,completed
289192809,3,2,2,FALSE,TRUE,FALSE,1,completed
289192938,2,3,1,TRUE,FALSE,FALSE,2,other
289192962,2,3,1,TRUE,FALSE,FALSE,2,other
289193318,2,2,1,TRUE,FALSE,FALSE,1,other
289193498,2,2,1,TRUE,FALSE,FALSE,1,other
289199407,1,2,1,FALSE,FALSE,TRUE,2,still_orphaned
289199479,3,3,2,FALSE,FALSE,FALSE,2,still_orphaned
289199669,2,2,1,TRUE,FALSE,FALSE,1,other
289200055,4,3,2,TRUE,FALSE,FALSE,1,other
289200065,4,3,2,TRUE,FALSE,FALSE,1,other
289200248,1,1,1,FALSE,TRUE,TRUE,1,completed
289200570,4,5,2,TRUE,FALSE,FALSE,3,other
289200589,2,3,1,TRUE,FALSE,FALSE,2,other
289200647,1,1,1,FALSE,TRUE,TRUE,1,completed
289200897,2,2,1,TRUE,FALSE,FALSE,1,other
289200923,2,3,1,TRUE,FALSE,FALSE,2,other
289201102,2,1,1,TRUE,TRUE,FALSE,0,already_paired
289201236,3,1,2,FALSE,FALSE,FALSE,0,still_orphaned
289201326,6,5,3,TRUE,FALSE,FALSE,2,other
289201328,2,3,1,TRUE,FALSE,FALSE,2,other
289201360,1,0,1,FALSE,FALSE,TRUE,0,still_orphaned
289201624,4,5,2,TRUE,FALSE,FALSE,3,other
289201641,2,3,1,TRUE,FALSE,FALSE,2,other
289201680,4,3,2,TRUE,FALSE,FALSE,1,other
289201682,1,2,1,FALSE,FALSE,TRUE,2,still_orphaned
289201763,2,3,1,TRUE,FALSE,FALSE,2,other
289201768,1,0,1,FALSE,FALSE,TRUE,0,still_orphaned
289201997,4,2,2,TRUE,TRUE,FALSE,0,already_paired
289202265,2,2,1,TRUE,FALSE,FALSE,1,other
289202308,1,2,1,FALSE,FALSE,TRUE,2,still_orphaned
289202395,5,6,3,FALSE,FALSE,FALSE,4,still_orphaned
289202582,1,3,1,FALSE,FALSE,TRUE,3,still_orphaned
289202739,2,2,1,TRUE,FALSE,FALSE,1,other
289202866,2,1,1,TRUE,TRUE,FALSE,0,already_paired
289202936,6,7,3,TRUE,FALSE,FALSE,4,other
289203001,1,0,1,FALSE,FALSE,TRUE,0,still_orphaned
289203393,3,3,2,FALSE,FALSE,FALSE,2,still_orphaned
289203420,2,2,1,TRUE,FALSE,FALSE,1,other
289203476,3,3,2,FALSE,FALSE,FALSE,2,still_orphaned
289203529,3,3,2,FALSE,FALSE,FALSE,2,still_orphaned
289203547,4,4,2,TRUE,FALSE,FALSE,2,other
289203611,3,2,2,FALSE,TRUE,FALSE,1,completed
289203804,2,2,1,TRUE,FALSE,FALSE,1,other
289204208,4,4,2,TRUE,FALSE,FALSE,2,other
289204277,2,2,1,TRUE,FALSE,FALSE,1,other
289204326,1,2,1,FALSE,FALSE,TRUE,2,still_orphaned
289204507,3,2,2,FALSE,TRUE,FALSE,1,completed
289204593,1,2,1,FALSE,FALSE,TRUE,2,still_orphaned
289204609,4,3,2,TRUE,FALSE,FALSE,1,other
289204710,5,3,3,FALSE,TRUE,FALSE,1,completed
289204788,5,4,3,FALSE,FALSE,FALSE,2,still_orphaned
289205050,3,1,2,FALSE,FALSE,FALSE,0,still_orphaned
289205086,2,2,1,TRUE,FALSE,FALSE,1,other
289205420,1,0,1,FALSE,FALSE,TRUE,0,still_orphaned
289205549,2,3,1,TRUE,FALSE,FALSE,2,other
289205595,4,2,2,TRUE,TRUE,FALSE,0,already_paired
289205798,2,2,1,TRUE,FALSE,FALSE,1,other
289206053,3,4,2,FALSE,FALSE,FALSE,3,still_orphaned
289206095,3,2,2,FALSE,TRUE,FALSE,1,completed
289206490,1,2,1,FALSE,FALSE,TRUE,2,still_orphaned
289206569,1,2,1,FALSE,FALSE,TRUE,2,still_orphaned
289206580,4,4,2,TRUE,FALSE,FALSE,2,other
289206619,2,2,1,TRUE,FALSE,FALSE,1,other
289206630,2,2,1,TRUE,FALSE,FALSE,1,other
289206808,2,3,1,TRUE,FALSE,FALSE,2,other
289207054,2,1,1,TRUE,TRUE,FALSE,0,already_paired
289207129,4,4,2,TRUE,FALSE,FALSE,2,other
289207204,3,5,2,FALSE,FALSE,FALSE,4,still_orphaned
289207240,5,4,3,FALSE,FALSE,FALSE,2,still_orphaned
289207389,2,3,1,TRUE,FALSE,FALSE,2,other
289207620,3,3,2,FALSE,FALSE,FALSE,2,still_orphaned
289207676,1,0,1,FALSE,FALSE,TRUE,0,still_orphaned
289207799,3,5,2,FALSE,FALSE,FALSE,4,still_orphaned
289207817,1,2,1,FALSE,FALSE,TRUE,2,still_orphaned
289207914,2,2,1,TRUE,FALSE,FALSE,1,other
289208419,1,2,1,FALSE,FALSE,TRUE,2,still_orphaned
289208660,3,3,2,FALSE,FALSE,FALSE,2,still_orphaned
289208933,3,3,2,FALSE,FALSE,FALSE,2,still_orphaned
289209049,2,2,1,TRUE,FALSE,FALSE,1,other
289209501,2,2,1,TRUE,FALSE,FALSE,1,other
289209627,3,1,2,FALSE,FALSE,FALSE,0,still_orphaned
289209917,2,1,1,TRUE,TRUE,FALSE,0,already_paired
289210053,2,1,1,TRUE,TRUE,FALSE,0,already_paired
289210101,4,3,2,TRUE,FALSE,FALSE,1,other
289210223,2,4,1,TRUE,FALSE,FALSE,3,other
289210227,2,2,1,TRUE,FALSE,FALSE,1,other
289210546,3,4,2,FALSE,FALSE,FALSE,3,still_orphaned
289210608,2,1,1,TRUE,TRUE,FALSE,0,already_paired
289211111,1,0,1,FALSE,FALSE,TRUE,0,still_orphaned
289211268,6,4,3,TRUE,FALSE,FALSE,1,other
289211336,1,0,1,FALSE,FALSE,TRUE,0,still_orphaned
289211709,1,2,1,FALSE,FALSE,TRUE,2,still_orphaned
289212279,1,2,1,FALSE,FALSE,TRUE,2,still_orphaned
289212355,6,6,3,TRUE,FALSE,FALSE,3,other
289212385,1,3,1,FALSE,FALSE,TRUE,3,still_orphaned
289212627,4,4,2,TRUE,FALSE,FALSE,2,other
289212953,6,4,3,TRUE,FALSE,FALSE,1,other
289212999,1,2,1,FALSE,FALSE,TRUE,2,still_orphaned
289213086,4,3,2,TRUE,FALSE,FALSE,1,other
289213433,2,3,1,TRUE,FALSE,FALSE,2,other
289213592,7,5,4,FALSE,FALSE,FALSE,2,still_orphaned
289213594,2,3,1,TRUE,FALSE,FALSE,2,other
289213757,1,0,1,FALSE,FALSE,TRUE,0,still_orphaned
289214259,3,3,2,FALSE,FALSE,FALSE,2,still_orphaned
289214463,2,2,1,TRUE,FALSE,FALSE,1,other
289214675,7,6,4,FALSE,FALSE,FALSE,3,still_orphaned
289214715,2,2,1,TRUE,FALSE,FALSE,1,other
289215042,2,2,1,TRUE,FALSE,FALSE,1,other
289215241,2,2,1,TRUE,FALSE,FALSE,1,other
289215509,1,1,1,FALSE,TRUE,TRUE,1,completed
289215585,1,1,1,FALSE,TRUE,TRUE,1,completed
289215949,4,4,2,TRUE,FALSE,FALSE,2,other
289216068,5,7,3,FALSE,FALSE,FALSE,5,still_orphaned
289216140,1,2,1,FALSE,FALSE,TRUE,2,still_orphaned
289216501,6,4,3,TRUE,FALSE,FALSE,1,other
289216642,6,5,3,TRUE,FALSE,FALSE,2,other
289217258,1,1,1,FALSE,TRUE,TRUE,1,completed
289217339,2,2,1,TRUE,FALSE,FALSE,1,other
289217352,2,2,1,TRUE,FALSE,FALSE,1,other
289217370,2,2,1,TRUE,FALSE,FALSE,1,other
289217402,3,2,2,FALSE,TRUE,FALSE,1,completed
289217612,5,5,3,FALSE,FALSE,FALSE,3,still_orphaned
289217643,2,2,1,TRUE,FALSE,FALSE,1,other
289217893,3,5,2,FALSE,FALSE,FALSE,4,still_orphaned
289218212,1,2,1,FALSE,FALSE,TRUE,2,still_orphaned
289218280,3,2,2,FALSE,TRUE,FALSE,1,completed
289218459,5,5,3,FALSE,FALSE,FALSE,3,still_orphaned
289218674,3,3,2,FALSE,FALSE,FALSE,2,still_orphaned
289218739,5,4,3,FALSE,FALSE,FALSE,2,still_orphaned
289218824,2,1,1,TRUE,TRUE,FALSE,0,already_paired
289218999,1,3,1,FALSE,FALSE,TRUE,3,still_orphaned
289219237,1,2,1,FALSE,FALSE,TRUE,2,still_orphaned
289219308,3,5,2,FALSE,FALSE,FALSE,4,still_orphaned
289219571,3,3,2,FALSE,FALSE,FALSE,2,still_orphaned
289219977,4,3,2,TRUE,FALSE,FALSE,1,other
289220056,1,2,1,FALSE,FALSE,TRUE,2,still_orphaned
289220262,2,3,1,TRUE,FALSE,FALSE,2,other
289220547,4,3,2,TRUE,FALSE,FALSE,1,other
289220663,6,3,3,TRUE,TRUE,FALSE,0,already_paired
289220892,2,2,1,TRUE,FALSE,FALSE,1,other
289221045,3,1,2,FALSE,FALSE,FALSE,0,still_orphaned
289221175,2,2,1,TRUE,FALSE,FALSE,1,other
289221238,2,2,1,TRUE,FALSE,FALSE,1,other
289221332,3,4,2,FALSE,FALSE,FALSE,3,still_orphaned
289221550,3,4,2,FALSE,FALSE,FALSE,3,still_orphaned
289221901,4,2,2,TRUE,TRUE,FALSE,0,already_paired
289222071,2,2,1,TRUE,FALSE,FALSE,1,other
289222203,2,2,1,TRUE,FALSE,FALSE,1,other
289222240,4,5,2,TRUE,FALSE,FALSE,3,other
289222366,5,3,3,FALSE,TRUE,FALSE,1,completed
289222615,1,2,1,FALSE,FALSE,TRUE,2,still_orphaned
289223069,1,2,1,FALSE,FALSE,TRUE,2,still_orphaned
289223082,5,3,3,FALSE,TRUE,FALSE,1,completed
289223196,2,2,1,TRUE,FALSE,FALSE,1,other
289223398,8,8,4,TRUE,FALSE,FALSE,4,other
289223412,3,3,2,FALSE,FALSE,FALSE,2,still_orphaned
289223616,2,3,1,TRUE,FALSE,FALSE,2,other
289223761,5,4,3,FALSE,FALSE,FALSE,2,still_orphaned
289223765,2,2,1,TRUE,FALSE,FALSE,1,other
289223808,3,6,2,FALSE,FALSE,FALSE,5,still_orphaned
289224203,3,2,2,FALSE,TRUE,FALSE,1,completed
289224428,3,2,2,FALSE,TRUE,FALSE,1,completed
289224719,2,3,1,TRUE,FALSE,FALSE,2,other
289224819,4,4,2,TRUE,FALSE,FALSE,2,other
289225236,1,2,1,FALSE,FALSE,TRUE,2,still_orphaned
289225315,1,2,1,FALSE,FALSE,TRUE,2,still_orphaned
289225373,3,2,2,FALSE,TRUE,FALSE,1,completed
289225383,2,3,1,TRUE,FALSE,FALSE,2,other
289225638,1,1,1,FALSE,TRUE,TRUE,1,completed
289225699,3,2,2,FALSE,TRUE,FALSE,1,completed
289225954,2,2,1,TRUE,FALSE,FALSE,1,other
289226214,2,2,1,TRUE,FALSE,FALSE,1,other
289226583,5,5,3,FALSE,FALSE,FALSE,3,still_orphaned
289226639,2,2,1,TRUE,FALSE,FALSE,1,other
289226739,5,3,3,FALSE,TRUE,FALSE,1,completed
289226775,1,2,1,FALSE,FALSE,TRUE,2,still_orphaned
289227066,4,3,2,TRUE,FALSE,FALSE,1,other
289227071,2,2,1,TRUE,FALSE,FALSE,1,other
289227263,1,2,1,FALSE,FALSE,TRUE,2,still_orphaned
289227789,2,2,1,TRUE,FALSE,FALSE,1,other
289227873,2,2,1,TRUE,FALSE,FALSE,1,other
289227915,2,2,1,TRUE,FALSE,FALSE,1,other
289227923,1,0,1,FALSE,FALSE,TRUE,0,still_orphaned
289228092,1,2,1,FALSE,FALSE,TRUE,2,still_orphaned
289228287,3,2,2,FALSE,TRUE,FALSE,1,completed
289228355,2,2,1,TRUE,FALSE,FALSE,1,other
289228523,1,4,1,FALSE,FALSE,TRUE,4,still_orphaned
289228714,3,4,2,FALSE,FALSE,FALSE,3,still_orphaned
289228780,3,4,2,FALSE,FALSE,FALSE,3,still_orphaned
289228836,2,1,1,TRUE,TRUE,FALSE,0,already_paired
289228844,1,2,1,FALSE,FALSE,TRUE,2,still_orphaned
289228865,4,4,2,TRUE,FALSE,FALSE,2,other
289228874,4,3,2,TRUE,FALSE,FALSE,1,other
289229168,4,5,2,TRUE,FALSE,FALSE,3,other
289229892,1,0,1,FALSE,FALSE,TRUE,0,still_orphaned
289234564,2,3,1,TRUE,FALSE,FALSE,2,other
289235256,1,3,1,FALSE,FALSE,TRUE,3,still_orphaned
289235307,3,2,2,FALSE,TRUE,FALSE,1,completed
289235357,3,5,2,FALSE,FALSE,FALSE,4,still_orphaned
289235741,2,4,1,TRUE,FALSE,FALSE,3,other
289235813,4,3,2,TRUE,FALSE,FALSE,1,other
289236113,4,3,2,TRUE,FALSE,FALSE,1,other
289236151,3,2,2,FALSE,TRUE,FALSE,1,completed
289236230,2,2,1,TRUE,FALSE,FALSE,1,other
289236444,2,1,1,TRUE,TRUE,FALSE,0,already_paired
289236481,2,1,1,TRUE,TRUE,FALSE,0,already_paired
289236564,2,1,1,TRUE,TRUE,FALSE,0,already_paired
289236655,3,3,2,FALSE,FALSE,FALSE,2,still_orphaned
289236929,3,2,2,FALSE,TRUE,FALSE,1,completed
289236973,3,4,2,FALSE,FALSE,FALSE,3,still_orphaned
289236980,2,2,1,TRUE,FALSE,FALSE,1,other
289236989,6,6,3,TRUE,FALSE,FALSE,3,other
289237102,1,2,1,FALSE,FALSE,TRUE,2,still_orphaned
289237220,2,2,1,TRUE,FALSE,FALSE,1,other
289237393,2,3,1,TRUE,FALSE,FALSE,2,other
289237485,2,1,1,TRUE,TRUE,FALSE,0,already_paired
289237538,2,2,1,TRUE,FALSE,FALSE,1,other
289237647,4,3,2,TRUE,FALSE,FALSE,1,other
289237892,4,2,2,TRUE,TRUE,FALSE,0,already_paired
289238070,3,1,2,FALSE,FALSE,FALSE,0,still_orphaned
289238223,1,0,1,FALSE,FALSE,TRUE,0,still_orphaned
289238232,3,1,2,FALSE,FALSE,FALSE,0,still_orphaned
289238462,3,3,2,FALSE,FALSE,FALSE,2,still_orphaned
289238546,2,2,1,TRUE,FALSE,FALSE,1,other
289238583,4,3,2,TRUE,FALSE,FALSE,1,other
289238650,5,4,3,FALSE,FALSE,FALSE,2,still_orphaned
289238753,3,2,2,FALSE,TRUE,FALSE,1,completed
289238814,3,6,2,FALSE,FALSE,FALSE,5,still_orphaned
289238945,2,3,1,TRUE,FALSE,FALSE,2,other
289239059,1,0,1,FALSE,FALSE,TRUE,0,still_orphaned
289239240,5,5,3,FALSE,FALSE,FALSE,3,still_orphaned
289239378,3,5,2,FALSE,FALSE,FALSE,4,still_orphaned
289239403,4,3,2,TRUE,FALSE,FALSE,1,other
289239943,3,2,2,FALSE,TRUE,FALSE,1,completed
289240031,2,2,1,TRUE,FALSE,FALSE,1,other
289240238,3,2,2,FALSE,TRUE,FALSE,1,completed
289240324,3,2,2,FALSE,TRUE,FALSE,1,completed
289240337,2,1,1,TRUE,TRUE,FALSE,0,already_paired
289240598,5,5,3,FALSE,FALSE,FALSE,3,still_orphaned
289240858,2,2,1,TRUE,FALSE,FALSE,1,other
289241122,2,3,1,TRUE,FALSE,FALSE,2,other
289241445,2,3,1,TRUE,FALSE,FALSE,2,other
289241498,2,2,1,TRUE,FALSE,FALSE,1,other
289241537,2,2,1,TRUE,FALSE,FALSE,1,other
289241562,3,2,2,FALSE,TRUE,FALSE,1,completed
289241845,1,2,1,FALSE,FALSE,TRUE,2,still_orphaned
289242053,5,2,3,FALSE,FALSE,FALSE,0,still_orphaned
289242274,2,1,1,TRUE,TRUE,FALSE,0,already_paired
289242393,2,4,1,TRUE,FALSE,FALSE,3,other
289242524,7,6,4,FALSE,FALSE,FALSE,3,still_orphaned
289242527,1,1,1,FALSE,TRUE,TRUE,1,completed
289242737,4,3,2,TRUE,FALSE,FALSE,1,other
289242748,1,3,1,FALSE,FALSE,TRUE,3,still_orphaned
289242941,2,1,1,TRUE,TRUE,FALSE,0,already_paired
289243001,3,2,2,FALSE,TRUE,FALSE,1,completed
289243114,2,3,1,TRUE,FALSE,FALSE,2,other
289243345,1,3,1,FALSE,FALSE,TRUE,3,still_orphaned
289243480,1,3,1,FALSE,FALSE,TRUE,3,still_orphaned
289243765,3,3,2,FALSE,FALSE,FALSE,2,still_orphaned
289243856,4,3,2,TRUE,FALSE,FALSE,1,other
289243987,3,5,2,FALSE,FALSE,FALSE,4,still_orphaned
289244019,4,3,2,TRUE,FALSE,FALSE,1,other
289244467,2,2,1,TRUE,FALSE,FALSE,1,other
289244498,2,1,1,TRUE,TRUE,FALSE,0,already_paired
289244684,2,2,1,TRUE,FALSE,FALSE,1,other
289244721,3,1,2,FALSE,FALSE,FALSE,0,still_orphaned
289244775,5,5,3,FALSE,FALSE,FALSE,3,still_orphaned
289244870,3,3,2,FALSE,FALSE,FALSE,2,still_orphaned
289244994,1,2,1,FALSE,FALSE,TRUE,2,still_orphaned
289245138,1,2,1,FALSE,FALSE,TRUE,2,still_orphaned
289245558,1,2,1,FALSE,FALSE,TRUE,2,still_orphaned
289245796,1,2,1,FALSE,FALSE,TRUE,2,still_orphaned
289246304,4,3,2,TRUE,FALSE,FALSE,1,other
289246428,5,5,3,FALSE,FALSE,FALSE,3,still_orphaned
289246808,4,4,2,TRUE,FALSE,FALSE,2,other
289246919,1,0,1,FALSE,FALSE,TRUE,0,still_orphaned
289246934,3,2,2,FALSE,TRUE,FALSE,1,completed
289247070,2,3,1,TRUE,FALSE,FALSE,2,other
289247149,6,8,3,TRUE,FALSE,FALSE,5,other
289247388,7,5,4,FALSE,FALSE,FALSE,2,still_orphaned
289247804,2,3,1,TRUE,FALSE,FALSE,2,other
289248111,2,1,1,TRUE,TRUE,FALSE,0,already_paired
289248276,3,4,2,FALSE,FALSE,FALSE,3,still_orphaned
289248357,1,0,1,FALSE,FALSE,TRUE,0,still_orphaned
289248621,1,0,1,FALSE,FALSE,TRUE,0,still_orphaned
289248958,3,5,2,FALSE,FALSE,FALSE,4,still_orphaned
289249120,2,2,1,TRUE,FALSE,FALSE,1,other
289249321,2,2,1,TRUE,FALSE,FALSE,1,other
289249462,2,3,1,TRUE,FALSE,FALSE,2,other
289249553,1,0,1,FALSE,FALSE,TRUE,0,still_orphaned
289249608,2,1,1,TRUE,TRUE,FALSE,0,already_paired
289249693,4,5,2,TRUE,FALSE,FALSE,3,other
289249816,4,3,2,TRUE,FALSE,FALSE,1,other
289250001,3,2,2,FALSE,TRUE,FALSE,1,completed
289250133,3,2,2,FALSE,TRUE,FALSE,1,completed
289250322,8,6,4,TRUE,FALSE,FALSE,2,other
289250345,2,2,1,TRUE,FALSE,FALSE,1,other
289250450,1,2,1,FALSE,FALSE,TRUE,2,still_orphaned
289250466,1,2,1,FALSE,FALSE,TRUE,2,still_orphaned
289250506,4,4,2,TRUE,FALSE,FALSE,2,other
289250980,6,5,3,TRUE,FALSE,FALSE,2,other
289251174,7,7,4,FALSE,FALSE,FALSE,4,still_orphaned
289251183,2,2,1,TRUE,FALSE,FALSE,1,other
289251472,1,0,1,FALSE,FALSE,TRUE,0,still_orphaned
289251666,2,1,1,TRUE,TRUE,FALSE,0,already_paired
289251951,2,3,1,TRUE,FALSE,FALSE,2,other
289252018,1,0,1,FALSE,FALSE,TRUE,0,still_orphaned
289252105,3,5,2,FALSE,FALSE,FALSE,4,still_orphaned
289252281,5,3,3,FALSE,TRUE,FALSE,1,completed
289252321,3,1,2,FALSE,FALSE,FALSE,0,still_orphaned
289252425,3,1,2,FALSE,FALSE,FALSE,0,still_orphaned
289252541,3,5,2,FALSE,FALSE,FALSE,4,still_orphaned
289252671,1,3,1,FALSE,FALSE,TRUE,3,still_orphaned
289253072,2,1,1,TRUE,TRUE,FALSE,0,already_paired
289253281,5,7,3,FALSE,FALSE,FALSE,5,still_orphaned
289253294,3,5,2,FALSE,FALSE,FALSE,4,still_orphaned
289253335,2,1,1,TRUE,TRUE,FALSE,0,already_paired
289253575,2,2,1,TRUE,FALSE,FALSE,1,other
289253608,1,2,1,FALSE,FALSE,TRUE,2,still_orphaned
289253620,3,2,2,FALSE,TRUE,FALSE,1,completed
289253717,2,2,1,TRUE,FALSE,FALSE,1,other
289253760,5,4,3,FALSE,FALSE,FALSE,2,still_orphaned
289254436,4,3,2,TRUE,FALSE,FALSE,1,other
289254484,2,3,1,TRUE,FALSE,FALSE,2,other
289254526,8,8,4,TRUE,FALSE,FALSE,4,other
289254628,1,0,1,FALSE,FALSE,TRUE,0,still_orphaned
289254779,4,5,2,TRUE,FALSE,FALSE,3,other
289255168,3,4,2,FALSE,FALSE,FALSE,3,still_orphaned
289255227,2,3,1,TRUE,FALSE,FALSE,2,other
289255266,4,4,2,TRUE,FALSE,FALSE,2,other
289255337,2,4,1,TRUE,FALSE,FALSE,3,other
289255614,7,5,4,FALSE,FALSE,FALSE,2,still_orphaned
289255637,2,2,1,TRUE,FALSE,FALSE,1,other
289255758,1,1,1,FALSE,TRUE,TRUE,1,completed
289255888,4,6,2,TRUE,FALSE,FALSE,4,other
289255899,2,1,1,TRUE,TRUE,FALSE,0,already_paired
289256036,3,5,2,FALSE,FALSE,FALSE,4,still_orphaned
289256093,2,2,1,TRUE,FALSE,FALSE,1,other
289256094,1,3,1,FALSE,FALSE,TRUE,3,still_orphaned
289256116,4,3,2,TRUE,FALSE,FALSE,1,other
289256307,5,4,3,FALSE,FALSE,FALSE,2,still_orphaned
289256880,2,3,1,TRUE,FALSE,FALSE,2,other
289257037,1,1,1,FALSE,TRUE,TRUE,1,completed
289257119,2,5,1,TRUE,FALSE,FALSE,4,other
289257227,2,2,1,TRUE,FALSE,FALSE,1,other
289257272,3,4,2,FALSE,FALSE,FALSE,3,still_orphaned
289257495,2,2,1,TRUE,FALSE,FALSE,1,other
289257525,2,2,1,TRUE,FALSE,FALSE,1,other
289257662,4,2,2,TRUE,TRUE,FALSE,0,already_paired
289257685,1,2,1,FALSE,FALSE,TRUE,2,still_orphaned
289257908,3,1,2,FALSE,FALSE,FALSE,0,still_orphaned
289257952,4,5,2,TRUE,FALSE,FALSE,3,other
289257993,1,2,1,FALSE,FALSE,TRUE,2,still_orphaned
289258430,2,2,1,TRUE,FALSE,FALSE,1,other
289258493,1,2,1,FALSE,FALSE,TRUE,2,still_orphaned
289258509,3,2,2,FALSE,TRUE,FALSE,1,completed
289258649,4,3,2,TRUE,FALSE,FALSE,1,other
289258902,1,0,1,FALSE,FALSE,TRUE,0,still_orphaned
289259033,3,3,2,FALSE,FALSE,FALSE,2,still_orphaned
289259199,2,2,1,TRUE,FALSE,FALSE,1,other
289259351,1,0,1,FALSE,FALSE,TRUE,0,still_orphaned
289259393,2,4,1,TRUE,FALSE,FALSE,3,other
289259404,4,5,2,TRUE,FALSE,FALSE,3,other
289259570,2,3,1,TRUE,FALSE,FALSE,2,other
289259683,4,4,2,TRUE,FALSE,FALSE,2,other
289259701,3,3,2,FALSE,FALSE,FALSE,2,still_orphaned
289259736,4,3,2,TRUE,FALSE,FALSE,1,other
289260075,3,5,2,FALSE,FALSE,FALSE,4,still_orphaned
289260220,6,6,3,TRUE,FALSE,FALSE,3,other
289260489,3,1,2,FALSE,FALSE,FALSE,0,still_orphaned
289260557,2,1,1,TRUE,TRUE,FALSE,0,already_paired
289260685,3,4,2,FALSE,FALSE,FALSE,3,still_orphaned
289260710,2,1,1,TRUE,TRUE,FALSE,0,already_paired
289261131,1,3,1,FALSE,FALSE,TRUE,3,still_orphaned
289261134,1,3,1,FALSE,FALSE,TRUE,3,still_orphaned
289261183,3,2,2,FALSE,TRUE,FALSE,1,completed
289261269,2,3,1,TRUE,FALSE,FALSE,2,other
289261399,3,3,2,FALSE,FALSE,FALSE,2,still_orphaned
289261407,3,2,2,FALSE,TRUE,FALSE,1,completed
289261535,1,2,1,FALSE,FALSE,TRUE,2,still_orphaned
289261743,1,3,1,FALSE,FALSE,TRUE,3,still_orphaned
289261799,1,0,1,FALSE,FALSE,TRUE,0,still_orphaned
289262021,5,5,3,FALSE,FALSE,FALSE,3,still_orphaned
289262205,3,4,2,FALSE,FALSE,FALSE,3,still_orphaned
289262255,4,3,2,TRUE,FALSE,FALSE,1,other
289262619,2,3,1,TRUE,FALSE,FALSE,2,other
289262756,2,2,1,TRUE,FALSE,FALSE,1,other
289262895,3,3,2,FALSE,FALSE,FALSE,2,still_orphaned
289263014,1,0,1,FALSE,FALSE,TRUE,0,still_orphaned
289263043,1,1,1,FALSE,TRUE,TRUE,1,completed
289263222,3,3,2,FALSE,FALSE,FALSE,2,still_orphaned
289263720,3,2,2,FALSE,TRUE,FALSE,1,completed
289263817,2,2,1,TRUE,FALSE,FALSE,1,other
289263861,2,2,1,TRUE,FALSE,FALSE,1,other
289264021,2,3,1,TRUE,FALSE,FALSE,2,other
289264125,3,5,2,FALSE,FALSE,FALSE,4,still_orphaned
289264407,4,3,2,TRUE,FALSE,FALSE,1,other
289264600,1,0,1,FALSE,FALSE,TRUE,0,still_orphaned
289264660,2,3,1,TRUE,FALSE,FALSE,2,other
289264798,1,4,1,FALSE,FALSE,TRUE,4,still_orphaned
289264817,3,2,2,FALSE,TRUE,FALSE,1,completed
289264929,3,3,2,FALSE,FALSE,FALSE,2,still_orphaned
289265013,3,1,2,FALSE,FALSE,FALSE,0,still_orphaned
289265026,3,2,2,FALSE,TRUE,FALSE,1,completed
289265048,2,1,1,TRUE,TRUE,FALSE,0,already_paired
289265158,1,3,1,FALSE,FALSE,TRUE,3,still_orphaned
289265347,3,3,2,FALSE,FALSE,FALSE,2,still_orphaned
289266109,2,1,1,TRUE,TRUE,FALSE,0,already_paired
289266433,1,3,1,FALSE,FALSE,TRUE,3,still_orphaned
289266639,4,5,2,TRUE,FALSE,FALSE,3,other
289266811,2,2,1,TRUE,FALSE,FALSE,1,other
289269800,1,3,1,FALSE,FALSE,TRUE,3,still_orphaned
289270852,3,2,2,FALSE,TRUE,FALSE,1,completed
289271290,5,3,3,FALSE,TRUE,FALSE,1,completed
289271338,1,3,1,FALSE,FALSE,TRUE,3,still_orphaned
289271610,1,0,1,FALSE,FALSE,TRUE,0,still_orphaned
289271888,2,4,1,TRUE,FALSE,FALSE,3,other
289272280,4,3,2,TRUE,FALSE,FALSE,1,other
289272315,1,2,1,FALSE,FALSE,TRUE,2,still_orphaned
289272427,3,4,2,FALSE,FALSE,FALSE,3,still_orphaned
289272462,1,1,1,FALSE,TRUE,TRUE,1,completed
289272660,1,2,1,FALSE,FALSE,TRUE,2,still_orphaned
289272693,2,2,1,TRUE,FALSE,FALSE,1,other
289272727,3,2,2,FALSE,TRUE,FALSE,1,completed
289272889,1,0,1,FALSE,FALSE,TRUE,0,still_orphaned
289272940,3,4,2,FALSE,FALSE,FALSE,3,still_orphaned
289272983,2,1,1,TRUE,TRUE,FALSE,0,already_paired
289272994,3,2,2,FALSE,TRUE,FALSE,1,completed
289273174,2,1,1,TRUE,TRUE,FALSE,0,already_paired
289273448,4,3,2,TRUE,FALSE,FALSE,1,other
289273547,1,4,1,FALSE,FALSE,TRUE,4,still_orphaned
289273568,5,7,3,FALSE,FALSE,FALSE,5,still_orphaned
289273626,2,2,1,TRUE,FALSE,FALSE,1,other
289273701,4,5,2,TRUE,FALSE,FALSE,3,other
289273710,2,3,1,TRUE,FALSE,FALSE,2,other
289273804,2,1,1,TRUE,TRUE,FALSE,0,already_paired
289274044,3,2,2,FALSE,TRUE,FALSE,1,completed
289274206,1,2,1,FALSE,FALSE,TRUE,2,still_orphaned
289274413,5,5,3,FALSE,FALSE,FALSE,3,still_orphaned
289274527,2,2,1,TRUE,FALSE,FALSE,1,other
289274763,5,3,3,FALSE,TRUE,FALSE,1,completed
289274787,2,1,1,TRUE,TRUE,FALSE,0,already_paired
289274868,3,2,2,FALSE,TRUE,FALSE,1,completed
289274964,4,5,2,TRUE,FALSE,FALSE,3,other
289275079,3,2,2,FALSE,TRUE,FALSE,1,completed
289275288,2,3,1,TRUE,FALSE,FALSE,2,other
289275311,4,3,2,TRUE,FALSE,FALSE,1,other
289275398,2,1,1,TRUE,TRUE,FALSE,0,already_paired
289275642,5,4,3,FALSE,FALSE,FALSE,2,still_orphaned
289275760,4,5,2,TRUE,FALSE,FALSE,3,other
289275956,3,5,2,FALSE,FALSE,FALSE,4,still_orphaned
289275964,1,2,1,FALSE,FALSE,TRUE,2,still_orphaned
289276277,3,2,2,FALSE,TRUE,FALSE,1,completed
289276331,4,3,2,TRUE,FALSE,FALSE,1,other
289276430,2,3,1,TRUE,FALSE,FALSE,2,other
289276487,1,3,1,FALSE,FALSE,TRUE,3,still_orphaned
289276584,3,4,2,FALSE,FALSE,FALSE,3,still_orphaned
289276750,3,3,2,FALSE,FALSE,FALSE,2,still_orphaned
289276772,3,2,2,FALSE,TRUE,FALSE,1,completed
289277251,2,2,1,TRUE,FALSE,FALSE,1,other
289277255,4,6,2,TRUE,FALSE,FALSE,4,other
289277398,2,2,1,TRUE,FALSE,FALSE,1,other
289277657,3,6,2,FALSE,FALSE,FALSE,5,still_orphaned
289277870,3,5,2,FALSE,FALSE,FALSE,4,still_orphaned
289278058,1,2,1,FALSE,FALSE,TRUE,2,still_orphaned
289278148,3,3,2,FALSE,FALSE,FALSE,2,still_orphaned
289278404,2,2,1,TRUE,FALSE,FALSE,1,other
289278456,1,2,1,FALSE,FALSE,TRUE,2,still_orphaned
289278594,4,4,2,TRUE,FALSE,FALSE,2,other
289278666,2,3,1,TRUE,FALSE,FALSE,2,other
289278691,5,6,3,FALSE,FALSE,FALSE,4,still_orphaned
289278776,2,1,1,TRUE,TRUE,FALSE,0,already_paired
289278839,3,1,2,FALSE,FALSE,FALSE,0,still_orphaned
289278942,2,1,1,TRUE,TRUE,FALSE,0,already_paired
289279211,1,3,1,FALSE,FALSE,TRUE,3,still_orphaned
289279455,1,3,1,FALSE,FALSE,TRUE,3,still_orphaned
289279489,3,3,2,FALSE,FALSE,FALSE,2,still_orphaned
289279510,4,5,2,TRUE,FALSE,FALSE,3,other
289279705,2,1,1,TRUE,TRUE,FALSE,0,already_paired
289279769,3,2,2,FALSE,TRUE,FALSE,1,completed
289279874,4,3,2,TRUE,FALSE,FALSE,1,other
289279927,3,3,2,FALSE,FALSE,FALSE,2,still_orphaned
289280116,5,6,3,FALSE,FALSE,FALSE,4,still_orphaned
289280155,2,1,1,TRUE,TRUE,FALSE,0,already_paired
289280299,4,3,2,TRUE,FALSE,FALSE,1,other
289280345,3,5,2,FALSE,FALSE,FALSE,4,still_orphaned
289280749,2,2,1,TRUE,FALSE,FALSE,1,other
289280827,4,4,2,TRUE,FALSE,FALSE,2,other
289280892,2,3,1,TRUE,FALSE,FALSE,2,other
289281009,4,3,2,TRUE,FALSE,FALSE,1,other
289281197,5,3,3,FALSE,TRUE,FALSE,1,completed
289281322,1,3,1,FALSE,FALSE,TRUE,3,still_orphaned
289281543,2,1,1,TRUE,TRUE,FALSE,0,already_paired
289281846,1,0,1,FALSE,FALSE,TRUE,0,still_orphaned
289282120,3,2,2,FALSE,TRUE,FALSE,1,completed
289282207,1,2,1,FALSE,FALSE,TRUE,2,still_orphaned
289282252,2,2,1,TRUE,FALSE,FALSE,1,other
289282409,1,2,1,FALSE,FALSE,TRUE,2,still_orphaned
289282616,2,1,1,TRUE,TRUE,FALSE,0,already_paired
289282685,2,1,1,TRUE,TRUE,FALSE,0,already_paired
289282725,2,2,1,TRUE,FALSE,FALSE,1,other
289282801,2,3,1,TRUE,FALSE,FALSE,2,other
289283014,2,2,1,TRUE,FALSE,FALSE,1,other
289283200,2,2,1,TRUE,FALSE,FALSE,1,other
289283238,2,1,1,TRUE,TRUE,FALSE,0,already_paired
289283495,1,2,1,FALSE,FALSE,TRUE,2,still_orphaned
289284074,2,3,1,TRUE,FALSE,FALSE,2,other
289284215,5,4,3,FALSE,FALSE,FALSE,2,still_orphaned
289284436,2,2,1,TRUE,FALSE,FALSE,1,other
289284841,1,0,1,FALSE,FALSE,TRUE,0,still_orphaned
289284876,2,1,1,TRUE,TRUE,FALSE,0,already_paired
289284898,1,1,1,FALSE,TRUE,TRUE,1,completed
289285331,4,3,2,TRUE,FALSE,FALSE,1,other
289285350,4,3,2,TRUE,FALSE,FALSE,1,other
289285570,1,2,1,FALSE,FALSE,TRUE,2,still_orphaned
289285833,4,3,2,TRUE,FALSE,FALSE,1,other
289285874,5,3,3,FALSE,TRUE,FALSE,1,completed
289285943,4,4,2,TRUE,FALSE,FALSE,2,other
289285979,3,4,2,FALSE,FALSE,FALSE,3,still_orphaned
289286063,7,5,4,FALSE,FALSE,FALSE,2,still_orphaned
289286066,1,0,1,FALSE,FALSE,TRUE,0,still_orphaned
289286552,2,2,1,TRUE,FALSE,FALSE,1,other
289286692,1,2,1,FALSE,FALSE,TRUE,2,still_orphaned
289286766,2,2,1,TRUE,FALSE,FALSE,1,other
289287009,3,2,2,FALSE,TRUE,FALSE,1,completed
289287044,2,2,1,TRUE,FALSE,FALSE,1,other
289287110,3,2,2,FALSE,TRUE,FALSE,1,completed
289287295,3,2,2,FALSE,TRUE,FALSE,1,completed
289287367,5,5,3,FALSE,FALSE,FALSE,3,still_orphaned
289287518,4,4,2,TRUE,FALSE,FALSE,2,other
289287698,10,8,5,TRUE,FALSE,FALSE,3,other
289288013,2,1,1,TRUE,TRUE,FALSE,0,already_paired
289288090,5,5,3,FALSE,FALSE,FALSE,3,still_orphaned
289288275,2,2,1,TRUE,FALSE,FALSE,1,other
289288344,9,8,5,FALSE,FALSE,FALSE,4,still_orphaned
289288387,4,5,2,TRUE,FALSE,FALSE,3,other
289288539,3,2,2,FALSE,TRUE,FALSE,1,completed
289288648,3,1,2,FALSE,FALSE,FALSE,0,still_orphaned
289288923,2,2,1,TRUE,FALSE,FALSE,1,other
289288943,4,6,2,TRUE,FALSE,FALSE,4,other
289289122,4,3,2,TRUE,FALSE,FALSE,1,other
289289391,3,5,2,FALSE,FALSE,FALSE,4,still_orphaned
289289462,4,3,2,TRUE,FALSE,FALSE,1,other
289289625,4,5,2,TRUE,FALSE,FALSE,3,other
289289716,3,2,2,FALSE,TRUE,FALSE,1,completed
289289784,4,4,2,TRUE,FALSE,FALSE,2,other
289289884,2,3,1,TRUE,FALSE,FALSE,2,other
289289893,6,6,3,TRUE,FALSE,FALSE,3,other
289290091,2,1,1,TRUE,TRUE,FALSE,0,already_paired
289290210,2,2,1,TRUE,FALSE,FALSE,1,other
289290617,3,2,2,FALSE,TRUE,FALSE,1,completed
289290850,5,4,3,FALSE,FALSE,FALSE,2,still_orphaned
289291097,3,4,2,FALSE,FALSE,FALSE,3,still_orphaned
289291166,2,1,1,TRUE,TRUE,FALSE,0,already_paired
289291197,2,2,1,TRUE,FALSE,FALSE,1,other
289291389,3,4,2,FALSE,FALSE,FALSE,3,still_orphaned
289291443,2,4,1,TRUE,FALSE,FALSE,3,other
289291475,5,2,3,FALSE,FALSE,FALSE,0,still_orphaned
289291565,2,2,1,TRUE,FALSE,FALSE,1,other
289291941,3,4,2,FALSE,FALSE,FALSE,3,still_orphaned
289292192,1,2,1,FALSE,FALSE,TRUE,2,still_orphaned
289292250,1,2,1,FALSE,FALSE,TRUE,2,still_orphaned
289292291,1,2,1,FALSE,FALSE,TRUE,2,still_orphaned
289292490,5,4,3,FALSE,FALSE,FALSE,2,still_orphaned
289292681,2,2,1,TRUE,FALSE,FALSE,1,other
289292705,4,4,2,TRUE,FALSE,FALSE,2,other
289293040,2,2,1,TRUE,FALSE,FALSE,1,other
289293253,4,2,2,TRUE,TRUE,FALSE,0,already_paired
289293407,2,3,1,TRUE,FALSE,FALSE,2,other
289293433,3,5,2,FALSE,FALSE,FALSE,4,still_orphaned
289293532,3,2,2,FALSE,TRUE,FALSE,1,completed
289293984,3,5,2,FALSE,FALSE,FALSE,4,still_orphaned
289294180,5,4,3,FALSE,FALSE,FALSE,2,still_orphaned
289294209,2,2,1,TRUE,FALSE,FALSE,1,other
289294304,3,3,2,FALSE,FALSE,FALSE,2,still_orphaned
289294463,3,3,2,FALSE,FALSE,FALSE,2,still_orphaned
289294503,3,2,2,FALSE,TRUE,FALSE,1,completed
289294582,1,0,1,FALSE,FALSE,TRUE,0,still_orphaned
289294692,2,2,1,TRUE,FALSE,FALSE,1,other
289294717,5,3,3,FALSE,TRUE,FALSE,1,completed
289294979,3,6,2,FALSE,FALSE,FALSE,5,still_orphaned
289295128,3,2,2,FALSE,TRUE,FALSE,1,completed
289295210,1,0,1,FALSE,FALSE,TRUE,0,still_orphaned
289295325,1,2,1,FALSE,FALSE,TRUE,2,still_orphaned
289295475,1,2,1,FALSE,FALSE,TRUE,2,still_orphaned
289295586,1,0,1,FALSE,FALSE,TRUE,0,still_orphaned
289295628,1,0,1,FALSE,FALSE,TRUE,0,still_orphaned
289295708,3,5,2,FALSE,FALSE,FALSE,4,still_orphaned
289295840,3,1,2,FALSE,FALSE,FALSE,0,still_orphaned
289295961,3,5,2,FALSE,FALSE,FALSE,4,still_orphaned
289296013,2,3,1,TRUE,FALSE,FALSE,2,other
289296110,2,3,1,TRUE,FALSE,FALSE,2,other
289296198,2,3,1,TRUE,FALSE,FALSE,2,other
289296253,3,3,2,FALSE,FALSE,FALSE,2,still_orphaned
289296266,1,0,1,FALSE,FALSE,TRUE,0,still_orphaned
289296396,6,4,3,TRUE,FALSE,FALSE,1,other
289296541,1,0,1,FALSE,FALSE,TRUE,0,still_orphaned
289296617,2,2,1,TRUE,FALSE,FALSE,1,other
289296650,2,3,1,TRUE,FALSE,FALSE,2,other
289296667,4,5,2,TRUE,FALSE,FALSE,3,other
289296918,5,4,3,FALSE,FALSE,FALSE,2,still_orphaned
289297310,1,0,1,FALSE,FALSE,TRUE,0,still_orphaned
289297526,3,2,2,FALSE,TRUE,FALSE,1,completed
289297556,2,2,1,TRUE,FALSE,FALSE,1,other
289297633,1,3,1,FALSE,FALSE,TRUE,3,still_orphaned
289297659,1,1,1,FALSE,TRUE,TRUE,1,completed
289297678,2,2,1,TRUE,FALSE,FALSE,1,other
289297783,3,4,2,FALSE,FALSE,FALSE,3,still_orphaned
289297843,3,5,2,FALSE,FALSE,FALSE,4,still_orphaned
289298009,1,2,1,FALSE,FALSE,TRUE,2,still_orphaned
289298586,1,1,1,FALSE,TRUE,TRUE,1,completed
289298589,3,2,2,FALSE,TRUE,FALSE,1,completed
289298774,3,3,2,FALSE,FALSE,FALSE,2,still_orphaned
289298848,3,3,2,FALSE,FALSE,FALSE,2,still_orphaned
289299348,2,1,1,TRUE,TRUE,FALSE,0,already_paired
289299691,3,4,2,FALSE,FALSE,FALSE,3,still_orphaned
289299768,4,3,2,TRUE,FALSE,FALSE,1,other
289299862,4,4,2,TRUE,FALSE,FALSE,2,other
289299946,1,1,1,FALSE,TRUE,TRUE,1,completed
289299995,5,2,3,FALSE,FALSE,FALSE,0,still_orphaned
289300223,7,7,4,FALSE,FALSE,FALSE,4,still_orphaned
289300597,4,2,2,TRUE,TRUE,FALSE,0,already_paired
289300645,5,5,3,FALSE,FALSE,FALSE,3,still_orphaned
289300738,4,5,2,TRUE,FALSE,FALSE,3,other
289300802,1,0,1,FALSE,FALSE,TRUE,0,still_orphaned
289300862,3,3,2,FALSE,FALSE,FALSE,2,still_orphaned
289300943,3,3,2,FALSE,FALSE,FALSE,2,still_orphaned
289301365,3,3,2,FALSE,FALSE,FALSE,2,still_orphaned
289301408,5,5,3,FALSE,FALSE,FALSE,3,still_orphaned
289301451,1,0,1,FALSE,FALSE,TRUE,0,still_orphaned
289301707,4,3,2,TRUE,FALSE,FALSE,1,other
289301832,4,4,2,TRUE,FALSE,FALSE,2,other
289301904,2,1,1,TRUE,TRUE,FALSE,0,already_paired
289302351,6,5,3,TRUE,FALSE,FALSE,2,other
289324364,1,3,1,FALSE,FALSE,TRUE,3,still_orphaned
289325312,4,3,2,TRUE,FALSE,FALSE,1,other
289325495,5,3,3,FALSE,TRUE,FALSE,1,completed
289325596,2,3,1,TRUE,FALSE,FALSE,2,other
289325915,2,2,1,TRUE,FALSE,FALSE,1,other
289326023,4,5,2,TRUE,FALSE,FALSE,3,other
289326282,9,4,5,FALSE,FALSE,FALSE,0,still_orphaned
289326349,2,2,1,TRUE,FALSE,FALSE,1,other
289326464,1,2,1,FALSE,FALSE,TRUE,2,still_orphaned
289326844,2,3,1,TRUE,FALSE,FALSE,2,other
289326900,2,1,1,TRUE,TRUE,FALSE,0,already_paired
289326976,1,2,1,FALSE,FALSE,TRUE,2,still_orphaned
289327201,3,4,2,FALSE,FALSE,FALSE,3,still_orphaned
289327303,2,1,1,TRUE,TRUE,FALSE,0,already_paired
289327342,4,4,2,TRUE,FALSE,FALSE,2,other
289327521,1,2,1,FALSE,FALSE,TRUE,2,still_orphaned
289327601,1,2,1,FALSE,FALSE,TRUE,2,still_orphaned
289327766,6,5,3,TRUE,FALSE,FALSE,2,other
289327979,3,3,2,FALSE,FALSE,FALSE,2,still_orphaned
289328019,5,5,3,FALSE,FALSE,FALSE,3,still_orphaned
289328045,2,4,1,TRUE,FALSE,FALSE,3,other
289328055,2,2,1,TRUE,FALSE,FALSE,1,other
289328165,2,3,1,TRUE,FALSE,FALSE,2,other
289328201,2,3,1,TRUE,FALSE,FALSE,2,other
289328376,2,2,1,TRUE,FALSE,FALSE,1,other
289328465,3,3,2,FALSE,FALSE,FALSE,2,still_orphaned
289328549,3,4,2,FALSE,FALSE,FALSE,3,still_orphaned
289328642,1,3,1,FALSE,FALSE,TRUE,3,still_orphaned
289328908,6,7,3,TRUE,FALSE,FALSE,4,other
289329115,4,4,2,TRUE,FALSE,FALSE,2,other
289329305,1,2,1,FALSE,FALSE,TRUE,2,still_orphaned
289329360,3,2,2,FALSE,TRUE,FALSE,1,completed
289329435,3,2,2,FALSE,TRUE,FALSE,1,completed
289329507,3,3,2,FALSE,FALSE,FALSE,2,still_orphaned
289329533,3,2,2,FALSE,TRUE,FALSE,1,completed
289329828,1,3,1,FALSE,FALSE,TRUE,3,still_orphaned
289329840,2,2,1,TRUE,FALSE,FALSE,1,other
289329959,2,1,1,TRUE,TRUE,FALSE,0,already_paired
289330045,3,3,2,FALSE,FALSE,FALSE,2,still_orphaned
289330139,1,0,1,FALSE,FALSE,TRUE,0,still_orphaned
289330215,2,3,1,TRUE,FALSE,FALSE,2,other
289330326,3,2,2,FALSE,TRUE,FALSE,1,completed
289330391,2,2,1,TRUE,FALSE,FALSE,1,other
289330483,2,1,1,TRUE,TRUE,FALSE,0,already_paired
289330805,4,5,2,TRUE,FALSE,FALSE,3,other
289331012,4,5,2,TRUE,FALSE,FALSE,3,other
289331324,2,3,1,TRUE,FALSE,FALSE,2,other
289331380,4,3,2,TRUE,FALSE,FALSE,1,other
289331632,5,7,3,FALSE,FALSE,FALSE,5,still_orphaned
289331874,1,1,1,FALSE,TRUE,TRUE,1,completed
289331927,2,2,1,TRUE,FALSE,FALSE,1,other
289332174,2,2,1,TRUE,FALSE,FALSE,1,other
289332223,1,2,1,FALSE,FALSE,TRUE,2,still_orphaned
289332500,5,4,3,FALSE,FALSE,FALSE,2,still_orphaned
289332516,3,5,2,FALSE,FALSE,FALSE,4,still_orphaned
289332885,3,3,2,FALSE,FALSE,FALSE,2,still_orphaned
289332953,3,5,2,FALSE,FALSE,FALSE,4,still_orphaned
289332982,2,4,1,TRUE,FALSE,FALSE,3,other
289333037,2,2,1,TRUE,FALSE,FALSE,1,other
289333196,7,7,4,FALSE,FALSE,FALSE,4,still_orphaned
289333323,3,5,2,FALSE,FALSE,FALSE,4,still_orphaned
289333440,4,5,2,TRUE,FALSE,FALSE,3,other
289333448,2,1,1,TRUE,TRUE,FALSE,0,already_paired
289333579,4,4,2,TRUE,FALSE,FALSE,2,other
289333648,3,2,2,FALSE,TRUE,FALSE,1,completed
289334165,6,5,3,TRUE,FALSE,FALSE,2,other
289334287,1,3,1,FALSE,FALSE,TRUE,3,still_orphaned
289334437,3,3,2,FALSE,FALSE,FALSE,2,still_orphaned
289334489,2,2,1,TRUE,FALSE,FALSE,1,other
289334649,3,5,2,FALSE,FALSE,FALSE,4,still_orphaned
289334761,1,2,1,FALSE,FALSE,TRUE,2,still_orphaned
289334877,4,3,2,TRUE,FALSE,FALSE,1,other
289334929,4,2,2,TRUE,TRUE,FALSE,0,already_paired
289335033,6,6,3,TRUE,FALSE,FALSE,3,other
289335165,2,3,1,TRUE,FALSE,FALSE,2,other
289335455,4,3,2,TRUE,FALSE,FALSE,1,other
289335795,3,3,2,FALSE,FALSE,FALSE,2,still_orphaned
289335959,1,2,1,FALSE,FALSE,TRUE,2,still_orphaned
289336381,3,3,2,FALSE,FALSE,FALSE,2,still_orphaned
289336403,3,2,2,FALSE,TRUE,FALSE,1,completed
289336458,3,6,2,FALSE,FALSE,FALSE,5,still_orphaned
289336532,2,3,1,TRUE,FALSE,FALSE,2,other
289336577,1,3,1,FALSE,FALSE,TRUE,3,still_orphaned
289336786,3,3,2,FALSE,FALSE,FALSE,2,still_orphaned
289337041,1,2,1,FALSE,FALSE,TRUE,2,still_orphaned
289337120,2,1,1,TRUE,TRUE,FALSE,0,already_paired
289337277,2,3,1,TRUE,FALSE,FALSE,2,other
289337288,1,2,1,FALSE,FALSE,TRUE,2,still_orphaned
289337588,3,3,2,FALSE,FALSE,FALSE,2,still_orphaned
289337708,4,3,2,TRUE,FALSE,FALSE,1,other
289337726,3,2,2,FALSE,TRUE,FALSE,1,completed
289338166,3,3,2,FALSE,FALSE,FALSE,2,still_orphaned
289338295,2,2,1,TRUE,FALSE,FALSE,1,other
289338399,5,3,3,FALSE,TRUE,FALSE,1,completed
289338654,1,2,1,FALSE,FALSE,TRUE,2,still_orphaned
289339240,1,2,1,FALSE,FALSE,TRUE,2,still_orphaned
289339494,3,2,2,FALSE,TRUE,FALSE,1,completed
289339501,2,3,1,TRUE,FALSE,FALSE,2,other
289339923,5,3,3,FALSE,TRUE,FALSE,1,completed
289340197,2,2,1,TRUE,FALSE,FALSE,1,other
289340264,3,3,2,FALSE,FALSE,FALSE,2,still_orphaned
289340313,1,0,1,FALSE,FALSE,TRUE,0,still_orphaned
289340391,4,5,2,TRUE,FALSE,FALSE,3,other
289340564,3,5,2,FALSE,FALSE,FALSE,4,still_orphaned
289340628,3,2,2,FALSE,TRUE,FALSE,1,completed
289340636,3,6,2,FALSE,FALSE,FALSE,5,still_orphaned
289340775,2,3,1,TRUE,FALSE,FALSE,2,other
289341026,4,3,2,TRUE,FALSE,FALSE,1,other
289341122,2,2,1,TRUE,FALSE,FALSE,1,other
289341642,6,4,3,TRUE,FALSE,FALSE,1,other
289341686,3,5,2,FALSE,FALSE,FALSE,4,still_orphaned
289342006,3,6,2,FALSE,FALSE,FALSE,5,still_orphaned
289342036,5,3,3,FALSE,TRUE,FALSE,1,completed
289342042,1,2,1,FALSE,FALSE,TRUE,2,still_orphaned
289342163,7,3,4,FALSE,FALSE,FALSE,0,still_orphaned
289342381,5,5,3,FALSE,FALSE,FALSE,3,still_orphaned
289342420,2,2,1,TRUE,FALSE,FALSE,1,other
289342508,5,3,3,FALSE,TRUE,FALSE,1,completed
289342823,3,5,2,FALSE,FALSE,FALSE,4,still_orphaned
289342893,1,2,1,FALSE,FALSE,TRUE,2,still_orphaned
289342971,5,4,3,FALSE,FALSE,FALSE,2,still_orphaned
289343016,4,2,2,TRUE,TRUE,FALSE,0,already_paired
289343164,8,7,4,TRUE,FALSE,FALSE,3,other
289343323,1,0,1,FALSE,FALSE,TRUE,0,still_orphaned
289343356,2,2,1,TRUE,FALSE,FALSE,1,other
289343623,2,1,1,TRUE,TRUE,FALSE,0,already_paired
289343775,2,2,1,TRUE,FALSE,FALSE,1,other
289343850,1,4,1,FALSE,FALSE,TRUE,4,still_orphaned
289343871,2,3,1,TRUE,FALSE,FALSE,2,other
289343923,6,6,3,TRUE,FALSE,FALSE,3,other
289343955,6,5,3,TRUE,FALSE,FALSE,2,other
289343987,1,2,1,FALSE,FALSE,TRUE,2,still_orphaned
289344213,1,2,1,FALSE,FALSE,TRUE,2,still_orphaned
289344399,1,2,1,FALSE,FALSE,TRUE,2,still_orphaned
289344424,1,2,1,FALSE,FALSE,TRUE,2,still_orphaned
289344489,2,2,1,TRUE,FALSE,FALSE,1,other
289344678,1,2,1,FALSE,FALSE,TRUE,2,still_orphaned
289344725,7,4,4,FALSE,TRUE,FALSE,1,completed
289344930,4,3,2,TRUE,FALSE,FALSE,1,other
289344944,5,3,3,FALSE,TRUE,FALSE,1,completed
289345276,2,3,1,TRUE,FALSE,FALSE,2,other
289345949,6,4,3,TRUE,FALSE,FALSE,1,other
289346000,3,2,2,FALSE,TRUE,FALSE,1,completed
289346155,3,2,2,FALSE,TRUE,FALSE,1,completed
289346383,7,7,4,FALSE,FALSE,FALSE,4,still_orphaned
289346437,3,2,2,FALSE,TRUE,FALSE,1,completed
289346529,2,1,1,TRUE,TRUE,FALSE,0,already_paired
289346649,3,4,2,FALSE,FALSE,FALSE,3,still_orphaned
289346836,3,3,2,FALSE,FALSE,FALSE,2,still_orphaned
289346856,5,3,3,FALSE,TRUE,FALSE,1,completed
289346858,2,1,1,TRUE,TRUE,FALSE,0,already_paired
289346917,2,1,1,TRUE,TRUE,FALSE,0,already_paired
289347188,1,1,1,FALSE,TRUE,TRUE,1,completed
289347221,4,3,2,TRUE,FALSE,FALSE,1,other
289347376,3,3,2,FALSE,FALSE,FALSE,2,still_orphaned
289347451,2,2,1,TRUE,FALSE,FALSE,1,other
289347524,3,5,2,FALSE,FALSE,FALSE,4,still_orphaned
289347597,1,2,1,FALSE,FALSE,TRUE,2,still_orphaned
289347745,2,2,1,TRUE,FALSE,FALSE,1,other
289347923,3,2,2,FALSE,TRUE,FALSE,1,completed
289348370,3,4,2,FALSE,FALSE,FALSE,3,still_orphaned
289348395,1,0,1,FALSE,FALSE,TRUE,0,still_orphaned
289348411,2,2,1,TRUE,FALSE,FALSE,1,other
289348651,2,2,1,TRUE,FALSE,FALSE,1,other
289348715,4,3,2,TRUE,FALSE,FALSE,1,other
289349010,3,3,2,FALSE,FALSE,FALSE,2,still_orphaned
289349186,4,5,2,TRUE,FALSE,FALSE,3,other
289349227,5,6,3,FALSE,FALSE,FALSE,4,still_orphaned
289349527,3,1,2,FALSE,FALSE,FALSE,0,still_orphaned
289349531,3,2,2,FALSE,TRUE,FALSE,1,completed
289349570,2,3,1,TRUE,FALSE,FALSE,2,other
289349726,5,4,3,FALSE,FALSE,FALSE,2,still_orphaned
289349787,3,3,2,FALSE,FALSE,FALSE,2,still_orphaned
289349981,4,3,2,TRUE,FALSE,FALSE,1,other
289350021,3,2,2,FALSE,TRUE,FALSE,1,completed
289350088,1,2,1,FALSE,FALSE,TRUE,2,still_orphaned
289350151,5,6,3,FALSE,FALSE,FALSE,4,still_orphaned
289350217,4,5,2,TRUE,FALSE,FALSE,3,other
289350234,3,6,2,FALSE,FALSE,FALSE,5,still_orphaned
289350562,9,5,5,FALSE,TRUE,FALSE,1,completed
289350845,5,5,3,FALSE,FALSE,FALSE,3,still_orphaned
289351001,1,2,1,FALSE,FALSE,TRUE,2,still_orphaned
289351284,3,2,2,FALSE,TRUE,FALSE,1,completed
289351400,1,0,1,FALSE,FALSE,TRUE,0,still_orphaned
289351409,4,3,2,TRUE,FALSE,FALSE,1,other
289351432,3,2,2,FALSE,TRUE,FALSE,1,completed
289351459,3,4,2,FALSE,FALSE,FALSE,3,still_orphaned
289351645,2,1,1,TRUE,TRUE,FALSE,0,already_paired
289351747,5,5,3,FALSE,FALSE,FALSE,3,still_orphaned
289351847,4,5,2,TRUE,FALSE,FALSE,3,other
289351947,2,2,1,TRUE,FALSE,FALSE,1,other
289352051,2,3,1,TRUE,FALSE,FALSE,2,other
289352146,3,5,2,FALSE,FALSE,FALSE,4,still_orphaned
289352197,2,3,1,TRUE,FALSE,FALSE,2,other
289352429,2,3,1,TRUE,FALSE,FALSE,2,other
289352441,3,4,2,FALSE,FALSE,FALSE,3,still_orphaned
289352456,3,2,2,FALSE,TRUE,FALSE,1,completed
289352639,1,2,1,FALSE,FALSE,TRUE,2,still_orphaned
289352785,4,4,2,TRUE,FALSE,FALSE,2,other
289353319,3,3,2,FALSE,FALSE,FALSE,2,still_orphaned
289353336,3,2,2,FALSE,TRUE,FALSE,1,completed
289353373,1,3,1,FALSE,FALSE,TRUE,3,still_orphaned
289353556,3,3,2,FALSE,FALSE,FALSE,2,still_orphaned
289353645,3,2,2,FALSE,TRUE,FALSE,1,completed
289353763,2,1,1,TRUE,TRUE,FALSE,0,already_paired
289354011,3,2,2,FALSE,TRUE,FALSE,1,completed
289354029,1,3,1,FALSE,FALSE,TRUE,3,still_orphaned
289354091,1,2,1,FALSE,FALSE,TRUE,2,still_orphaned
289354439,2,2,1,TRUE,FALSE,FALSE,1,other
289354465,2,1,1,TRUE,TRUE,FALSE,0,already_paired
289354489,1,2,1,FALSE,FALSE,TRUE,2,still_orphaned
289354550,2,2,1,TRUE,FALSE,FALSE,1,other
289354893,1,4,1,FALSE,FALSE,TRUE,4,still_orphaned
289355000,2,2,1,TRUE,FALSE,FALSE,1,other
289355095,2,2,1,TRUE,FALSE,FALSE,1,other
289355457,4,5,2,TRUE,FALSE,FALSE,3,other
289355532,3,3,2,FALSE,FALSE,FALSE,2,still_orphaned
289355568,2,1,1,TRUE,TRUE,FALSE,0,already_paired
289355613,3,2,2,FALSE,TRUE,FALSE,1,completed
289355742,3,3,2,FALSE,FALSE,FALSE,2,still_orphaned
289356204,3,3,2,FALSE,FALSE,FALSE,2,still_orphaned
289356351,2,1,1,TRUE,TRUE,FALSE,0,already_paired
289356718,1,0,1,FALSE,FALSE,TRUE,0,still_orphaned
289357275,1,2,1,FALSE,FALSE,TRUE,2,still_orphaned
289378406,1,0,1,FALSE,FALSE,TRUE,0,still_orphaned
289379348,3,3,2,FALSE,FALSE,FALSE,2,still_orphaned
289379684,6,4,3,TRUE,FALSE,FALSE,1,other
289380216,4,3,2,TRUE,FALSE,FALSE,1,other
289380413,4,3,2,TRUE,FALSE,FALSE,1,other
289380499,2,2,1,TRUE,FALSE,FALSE,1,other
289380844,2,2,1,TRUE,FALSE,FALSE,1,other
289381011,2,1,1,TRUE,TRUE,FALSE,0,already_paired
289381027,1,2,1,FALSE,FALSE,TRUE,2,still_orphaned
289381246,2,3,1,TRUE,FALSE,FALSE,2,other
289381468,2,1,1,TRUE,TRUE,FALSE,0,already_paired
289381576,3,4,2,FALSE,FALSE,FALSE,3,still_orphaned
289381606,3,2,2,FALSE,TRUE,FALSE,1,completed
289381651,3,2,2,FALSE,TRUE,FALSE,1,completed
289382109,7,4,4,FALSE,TRUE,FALSE,1,completed
289382136,5,4,3,FALSE,FALSE,FALSE,2,still_orphaned
289382162,3,3,2,FALSE,FALSE,FALSE,2,still_orphaned
289382164,6,5,3,TRUE,FALSE,FALSE,2,other
289382343,3,2,2,FALSE,TRUE,FALSE,1,completed
289382345,3,5,2,FALSE,FALSE,FALSE,4,still_orphaned
289382415,1,0,1,FALSE,FALSE,TRUE,0,still_orphaned
289382563,2,2,1,TRUE,FALSE,FALSE,1,other
289382616,5,3,3,FALSE,TRUE,FALSE,1,completed
289382691,2,1,1,TRUE,TRUE,FALSE,0,already_paired
289383065,2,2,1,TRUE,FALSE,FALSE,1,other
289383202,4,4,2,TRUE,FALSE,FALSE,2,other
289383275,3,4,2,FALSE,FALSE,FALSE,3,still_orphaned
289383366,5,4,3,FALSE,FALSE,FALSE,2,still_orphaned
289383518,4,3,2,TRUE,FALSE,FALSE,1,other
289383568,5,5,3,FALSE,FALSE,FALSE,3,still_orphaned
289383879,3,3,2,FALSE,FALSE,FALSE,2,still_orphaned
289383923,2,4,1,TRUE,FALSE,FALSE,3,other
289383942,3,4,2,FALSE,FALSE,FALSE,3,still_orphaned
289384061,4,3,2,TRUE,FALSE,FALSE,1,other
289384087,1,0,1,FALSE,FALSE,TRUE,0,still_orphaned
289384319,2,1,1,TRUE,TRUE,FALSE,0,already_paired
289384365,3,2,2,FALSE,TRUE,FALSE,1,completed
289384473,1,3,1,FALSE,FALSE,TRUE,3,still_orphaned
289384610,2,2,1,TRUE,FALSE,FALSE,1,other
289384958,6,6,3,TRUE,FALSE,FALSE,3,other
289385068,5,3,3,FALSE,TRUE,FALSE,1,completed
289385331,3,2,2,FALSE,TRUE,FALSE,1,completed
289385522,3,2,2,FALSE,TRUE,FALSE,1,completed
289385556,4,3,2,TRUE,FALSE,FALSE,1,other
289385666,3,2,2,FALSE,TRUE,FALSE,1,completed
289385709,2,2,1,TRUE,FALSE,FALSE,1,other
289385923,2,2,1,TRUE,FALSE,FALSE,1,other
289386050,1,2,1,FALSE,FALSE,TRUE,2,still_orphaned
289386209,3,4,2,FALSE,FALSE,FALSE,3,still_orphaned
289386382,2,2,1,TRUE,FALSE,FALSE,1,other
289386460,3,2,2,FALSE,TRUE,FALSE,1,completed
289386585,1,2,1,FALSE,FALSE,TRUE,2,still_orphaned
289387083,2,2,1,TRUE,FALSE,FALSE,1,other
289387206,1,0,1,FALSE,FALSE,TRUE,0,still_orphaned
289387353,2,2,1,TRUE,FALSE,FALSE,1,other
289387475,6,4,3,TRUE,FALSE,FALSE,1,other
289387557,3,3,2,FALSE,FALSE,FALSE,2,still_orphaned
289387565,3,3,2,FALSE,FALSE,FALSE,2,still_orphaned
289387602,2,2,1,TRUE,FALSE,FALSE,1,other
289387750,2,1,1,TRUE,TRUE,FALSE,0,already_paired
289387916,2,3,1,TRUE,FALSE,FALSE,2,other
289387972,4,5,2,TRUE,FALSE,FALSE,3,other
289388077,1,2,1,FALSE,FALSE,TRUE,2,still_orphaned
289388180,4,3,2,TRUE,FALSE,FALSE,1,other
289388182,3,3,2,FALSE,FALSE,FALSE,2,still_orphaned
289388620,2,3,1,TRUE,FALSE,FALSE,2,other
289388701,2,2,1,TRUE,FALSE,FALSE,1,other
289388722,2,2,1,TRUE,FALSE,FALSE,1,other
289388751,3,5,2,FALSE,FALSE,FALSE,4,still_orphaned
289389143,4,4,2,TRUE,FALSE,FALSE,2,other
289389219,2,1,1,TRUE,TRUE,FALSE,0,already_paired
289389560,3,4,2,FALSE,FALSE,FALSE,3,still_orphaned
289389867,2,2,1,TRUE,FALSE,FALSE,1,other
289389951,1,0,1,FALSE,FALSE,TRUE,0,still_orphaned
289390055,1,5,1,FALSE,FALSE,TRUE,5,still_orphaned
289390599,3,3,2,FALSE,FALSE,FALSE,2,still_orphaned
289391058,1,0,1,FALSE,FALSE,TRUE,0,still_orphaned
289391167,4,3,2,TRUE,FALSE,FALSE,1,other
289391290,2,3,1,TRUE,FALSE,FALSE,2,other
289391442,3,4,2,FALSE,FALSE,FALSE,3,still_orphaned
289391502,1,2,1,FALSE,FALSE,TRUE,2,still_orphaned
289391809,4,4,2,TRUE,FALSE,FALSE,2,other
289391813,2,3,1,TRUE,FALSE,FALSE,2,other
289392019,3,6,2,FALSE,FALSE,FALSE,5,still_orphaned
289392086,1,3,1,FALSE,FALSE,TRUE,3,still_orphaned
289392163,1,2,1,FALSE,FALSE,TRUE,2,still_orphaned
289392354,3,3,2,FALSE,FALSE,FALSE,2,still_orphaned
289392474,2,1,1,TRUE,TRUE,FALSE,0,already_paired
289392750,4,4,2,TRUE,FALSE,FALSE,2,other
289392974,2,3,1,TRUE,FALSE,FALSE,2,other
289393103,3,4,2,FALSE,FALSE,FALSE,3,still_orphaned
289393484,1,2,1,FALSE,FALSE,TRUE,2,still_orphaned
289393544,3,3,2,FALSE,FALSE,FALSE,2,still_orphaned
289393652,4,3,2,TRUE,FALSE,FALSE,1,other
289393708,3,3,2,FALSE,FALSE,FALSE,2,still_orphaned
289394041,6,5,3,TRUE,FALSE,FALSE,2,other
289394352,2,2,1,TRUE,FALSE,FALSE,1,other
289394469,3,2,2,FALSE,TRUE,FALSE,1,completed
289394561,4,4,2,TRUE,FALSE,FALSE,2,other
289394619,3,2,2,FALSE,TRUE,FALSE,1,completed
289394756,2,1,1,TRUE,TRUE,FALSE,0,already_paired
289394760,2,4,1,TRUE,FALSE,FALSE,3,other
289394838,1,2,1,FALSE,FALSE,TRUE,2,still_orphaned
289394921,3,3,2,FALSE,FALSE,FALSE,2,still_orphaned
289394998,3,1,2,FALSE,FALSE,FALSE,0,still_orphaned
289395194,1,0,1,FALSE,FALSE,TRUE,0,still_orphaned
289395484,3,4,2,FALSE,FALSE,FALSE,3,still_orphaned
289395723,1,0,1,FALSE,FALSE,TRUE,0,still_orphaned
289395848,2,3,1,TRUE,FALSE,FALSE,2,other
289395854,6,4,3,TRUE,FALSE,FALSE,1,other
289395937,2,2,1,TRUE,FALSE,FALSE,1,other
289396009,1,3,1,FALSE,FALSE,TRUE,3,still_orphaned
289396522,4,4,2,TRUE,FALSE,FALSE,2,other
289396968,4,3,2,TRUE,FALSE,FALSE,1,other
289397084,2,1,1,TRUE,TRUE,FALSE,0,already_paired
289397250,2,3,1,TRUE,FALSE,FALSE,2,other
289397317,10,8,5,TRUE,FALSE,FALSE,3,other
289397333,3,2,2,FALSE,TRUE,FALSE,1,completed
289397437,2,2,1,TRUE,FALSE,FALSE,1,other
289397600,3,4,2,FALSE,FALSE,FALSE,3,still_orphaned
289398018,6,6,3,TRUE,FALSE,FALSE,3,other
289398146,5,6,3,FALSE,FALSE,FALSE,4,still_orphaned
289398205,3,2,2,FALSE,TRUE,FALSE,1,completed
289398245,1,0,1,FALSE,FALSE,TRUE,0,still_orphaned
289398316,5,5,3,FALSE,FALSE,FALSE,3,still_orphaned
289398415,3,2,2,FALSE,TRUE,FALSE,1,completed
289398480,4,3,2,TRUE,FALSE,FALSE,1,other
289398518,1,4,1,FALSE,FALSE,TRUE,4,still_orphaned
289398529,6,6,3,TRUE,FALSE,FALSE,3,other
289398724,1,2,1,FALSE,FALSE,TRUE,2,still_orphaned
289398725,5,3,3,FALSE,TRUE,FALSE,1,completed
289398881,4,3,2,TRUE,FALSE,FALSE,1,other
289398963,1,0,1,FALSE,FALSE,TRUE,0,still_orphaned
289399474,3,3,2,FALSE,FALSE,FALSE,2,still_orphaned
289399603,1,3,1,FALSE,FALSE,TRUE,3,still_orphaned
289400201,3,2,2,FALSE,TRUE,FALSE,1,completed
289400279,5,5,3,FALSE,FALSE,FALSE,3,still_orphaned
289400710,6,4,3,TRUE,FALSE,FALSE,1,other
289400782,4,4,2,TRUE,FALSE,FALSE,2,other
289401025,3,2,2,FALSE,TRUE,FALSE,1,completed
289401092,8,6,4,TRUE,FALSE,FALSE,2,other
289401301,3,4,2,FALSE,FALSE,FALSE,3,still_orphaned
289401320,1,3,1,FALSE,FALSE,TRUE,3,still_orphaned
289401388,3,3,2,FALSE,FALSE,FALSE,2,still_orphaned
289401553,4,4,2,TRUE,FALSE,FALSE,2,other
289401589,5,4,3,FALSE,FALSE,FALSE,2,still_orphaned
289401591,4,3,2,TRUE,FALSE,FALSE,1,other
289401767,1,3,1,FALSE,FALSE,TRUE,3,still_orphaned
289402285,2,3,1,TRUE,FALSE,FALSE,2,other
289402365,3,2,2,FALSE,TRUE,FALSE,1,completed
289402366,3,4,2,FALSE,FALSE,FALSE,3,still_orphaned
289402494,2,1,1,TRUE,TRUE,FALSE,0,already_paired
289402679,1,0,1,FALSE,FALSE,TRUE,0,still_orphaned
289402916,1,2,1,FALSE,FALSE,TRUE,2,still_orphaned
289402954,5,3,3,FALSE,TRUE,FALSE,1,completed
289403059,5,2,3,FALSE,FALSE,FALSE,0,still_orphaned
289403304,1,0,1,FALSE,FALSE,TRUE,0,still_orphaned
289403324,1,3,1,FALSE,FALSE,TRUE,3,still_orphaned
289403444,5,4,3,FALSE,FALSE,FALSE,2,still_orphaned
289403482,7,4,4,FALSE,TRUE,FALSE,1,completed
289403651,6,7,3,TRUE,FALSE,FALSE,4,other
289403729,4,2,2,TRUE,TRUE,FALSE,0,already_paired
289403874,3,2,2,FALSE,TRUE,FALSE,1,completed
289404106,1,3,1,FALSE,FALSE,TRUE,3,still_orphaned
289404185,1,2,1,FALSE,FALSE,TRUE,2,still_orphaned
289404325,5,3,3,FALSE,TRUE,FALSE,1,completed
289404564,1,2,1,FALSE,FALSE,TRUE,2,still_orphaned
289404951,3,5,2,FALSE,FALSE,FALSE,4,still_orphaned
289404990,4,4,2,TRUE,FALSE,FALSE,2,other
289405068,2,3,1,TRUE,FALSE,FALSE,2,other
289405091,4,5,2,TRUE,FALSE,FALSE,3,other
289405247,2,1,1,TRUE,TRUE,FALSE,0,already_paired
289405265,3,3,2,FALSE,FALSE,FALSE,2,still_orphaned
289405296,1,1,1,FALSE,TRUE,TRUE,1,completed
289405341,3,2,2,FALSE,TRUE,FALSE,1,completed
289405429,1,2,1,FALSE,FALSE,TRUE,2,still_orphaned
289405596,1,0,1,FALSE,FALSE,TRUE,0,still_orphaned
289405818,3,3,2,FALSE,FALSE,FALSE,2,still_orphaned
289406038,3,2,2,FALSE,TRUE,FALSE,1,completed
289406128,2,2,1,TRUE,FALSE,FALSE,1,other
289406288,4,5,2,TRUE,FALSE,FALSE,3,other
289406354,3,4,2,FALSE,FALSE,FALSE,3,still_orphaned
289406381,2,2,1,TRUE,FALSE,FALSE,1,other
289406558,3,2,2,FALSE,TRUE,FALSE,1,completed
289406596,1,0,1,FALSE,FALSE,TRUE,0,still_orphaned
289406785,1,3,1,FALSE,FALSE,TRUE,3,still_orphaned
289406805,3,1,2,FALSE,FALSE,FALSE,0,still_orphaned
289406884,3,3,2,FALSE,FALSE,FALSE,2,still_orphaned
289406996,3,3,2,FALSE,FALSE,FALSE,2,still_orphaned
289407127,2,3,1,TRUE,FALSE,FALSE,2,other
289407688,2,1,1,TRUE,TRUE,FALSE,0,already_paired
289407774,2,2,1,TRUE,FALSE,FALSE,1,other
289407909,3,3,2,FALSE,FALSE,FALSE,2,still_orphaned
289407965,4,5,2,TRUE,FALSE,FALSE,3,other
289408122,2,2,1,TRUE,FALSE,FALSE,1,other
289408589,2,4,1,TRUE,FALSE,FALSE,3,other
289409023,1,2,1,FALSE,FALSE,TRUE,2,still_orphaned
289409440,2,2,1,TRUE,FALSE,FALSE,1,other
289409476,1,0,1,FALSE,FALSE,TRUE,0,still_orphaned
289409673,3,3,2,FALSE,FALSE,FALSE,2,still_orphaned
289409676,2,1,1,TRUE,TRUE,FALSE,0,already_paired
289409696,3,3,2,FALSE,FALSE,FALSE,2,still_orphaned
289409773,3,4,2,FALSE,FALSE,FALSE,3,still_orphaned
289409846,3,3,2,FALSE,FALSE,FALSE,2,still_orphaned
289409879,4,4,2,TRUE,FALSE,FALSE,2,other
289410051,4,3,2,TRUE,FALSE,FALSE,1,other
289410245,3,4,2,FALSE,FALSE,FALSE,3,still_orphaned
289410384,1,0,1,FALSE,FALSE,TRUE,0,still_orphaned
289410447,2,3,1,TRUE,FALSE,FALSE,2,other
289410694,3,2,2,FALSE,TRUE,FALSE,1,completed
289410802,2,3,1,TRUE,FALSE,FALSE,2,other
289411231,1,0,1,FALSE,FALSE,TRUE,0,still_orphaned
289411776,3,2,2,FALSE,TRUE,FALSE,1,completed
289435911,3,2,2,FALSE,TRUE,FALSE,1,completed
289435999,1,0,1,FALSE,FALSE,TRUE,0,still_orphaned
289436303,3,2,2,FALSE,TRUE,FALSE,1,completed
289436307,1,2,1,FALSE,FALSE,TRUE,2,still_orphaned
289436504,6,3,3,TRUE,TRUE,FALSE,0,already_paired
289436541,1,2,1,FALSE,FALSE,TRUE,2,still_orphaned
289436811,2,2,1,TRUE,FALSE,FALSE,1,other
289436980,2,2,1,TRUE,FALSE,FALSE,1,other
289437313,2,3,1,TRUE,FALSE,FALSE,2,other
289437498,2,1,1,TRUE,TRUE,FALSE,0,already_paired
289437565,1,0,1,FALSE,FALSE,TRUE,0,still_orphaned
289437663,2,1,1,TRUE,TRUE,FALSE,0,already_paired
289438002,2,3,1,TRUE,FALSE,FALSE,2,other
289438098,2,2,1,TRUE,FALSE,FALSE,1,other
289438340,6,4,3,TRUE,FALSE,FALSE,1,other
289438439,4,3,2,TRUE,FALSE,FALSE,1,other
289438492,1,2,1,FALSE,FALSE,TRUE,2,still_orphaned
289438533,3,5,2,FALSE,FALSE,FALSE,4,still_orphaned
289438618,2,2,1,TRUE,FALSE,FALSE,1,other
289438643,1,2,1,FALSE,FALSE,TRUE,2,still_orphaned
289438674,5,3,3,FALSE,TRUE,FALSE,1,completed
289438788,2,2,1,TRUE,FALSE,FALSE,1,other
289438828,2,2,1,TRUE,FALSE,FALSE,1,other
289438949,2,4,1,TRUE,FALSE,FALSE,3,other
289438973,2,2,1,TRUE,FALSE,FALSE,1,other
289439056,4,4,2,TRUE,FALSE,FALSE,2,other
289439211,3,3,2,FALSE,FALSE,FALSE,2,still_orphaned
289439613,3,4,2,FALSE,FALSE,FALSE,3,still_orphaned
289439646,4,2,2,TRUE,TRUE,FALSE,0,already_paired
289439761,2,1,1,TRUE,TRUE,FALSE,0,already_paired
289439787,2,3,1,TRUE,FALSE,FALSE,2,other
289439894,1,0,1,FALSE,FALSE,TRUE,0,still_orphaned
289439963,4,4,2,TRUE,FALSE,FALSE,2,other
289440123,1,0,1,FALSE,FALSE,TRUE,0,still_orphaned
289440326,4,3,2,TRUE,FALSE,FALSE,1,other
289440386,3,2,2,FALSE,TRUE,FALSE,1,completed
289440499,2,1,1,TRUE,TRUE,FALSE,0,already_paired
289440558,4,4,2,TRUE,FALSE,FALSE,2,other
289440719,4,5,2,TRUE,FALSE,FALSE,3,other
289441530,1,4,1,FALSE,FALSE,TRUE,4,still_orphaned
289441672,4,3,2,TRUE,FALSE,FALSE,1,other
289441768,3,2,2,FALSE,TRUE,FALSE,1,completed
289441785,2,1,1,TRUE,TRUE,FALSE,0,already_paired
289441900,4,3,2,TRUE,FALSE,FALSE,1,other
289441953,7,6,4,FALSE,FALSE,FALSE,3,still_orphaned
289441979,1,0,1,FALSE,FALSE,TRUE,0,still_orphaned
289442375,1,0,1,FALSE,FALSE,TRUE,0,still_orphaned
289442427,3,3,2,FALSE,FALSE,FALSE,2,still_orphaned
289442557,2,2,1,TRUE,FALSE,FALSE,1,other
289442931,1,3,1,FALSE,FALSE,TRUE,3,still_orphaned
289442970,1,0,1,FALSE,FALSE,TRUE,0,still_orphaned
289442997,6,5,3,TRUE,FALSE,FALSE,2,other
289443329,2,1,1,TRUE,TRUE,FALSE,0,already_paired
289443505,3,2,2,FALSE,TRUE,FALSE,1,completed
289443759,7,5,4,FALSE,FALSE,FALSE,2,still_orphaned
289443855,7,5,4,FALSE,FALSE,FALSE,2,still_orphaned
289443962,3,3,2,FALSE,FALSE,FALSE,2,still_orphaned
289443973,3,2,2,FALSE,TRUE,FALSE,1,completed
289443995,4,6,2,TRUE,FALSE,FALSE,4,other
289444123,1,2,1,FALSE,FALSE,TRUE,2,still_orphaned
289444154,2,2,1,TRUE,FALSE,FALSE,1,other
289444188,4,3,2,TRUE,FALSE,FALSE,1,other
289444544,1,0,1,FALSE,FALSE,TRUE,0,still_orphaned
289444553,3,2,2,FALSE,TRUE,FALSE,1,completed
289444809,8,7,4,TRUE,FALSE,FALSE,3,other
289444904,2,2,1,TRUE,FALSE,FALSE,1,other
289444966,2,3,1,TRUE,FALSE,FALSE,2,other
289444997,4,3,2,TRUE,FALSE,FALSE,1,other
289445394,4,4,2,TRUE,FALSE,FALSE,2,other
289445396,2,3,1,TRUE,FALSE,FALSE,2,other
289445440,4,5,2,TRUE,FALSE,FALSE,3,other
289445496,4,3,2,TRUE,FALSE,FALSE,1,other
289445655,4,3,2,TRUE,FALSE,FALSE,1,other
289445916,1,0,1,FALSE,FALSE,TRUE,0,still_orphaned
289446134,2,1,1,TRUE,TRUE,FALSE,0,already_paired
289446601,3,2,2,FALSE,TRUE,FALSE,1,completed
289446772,7,7,4,FALSE,FALSE,FALSE,4,still_orphaned
289446975,4,3,2,TRUE,FALSE,FALSE,1,other
289447071,1,2,1,FALSE,FALSE,TRUE,2,still_orphaned
289447266,3,2,2,FALSE,TRUE,FALSE,1,completed
289447304,1,3,1,FALSE,FALSE,TRUE,3,still_orphaned
289447528,1,3,1,FALSE,FALSE,TRUE,3,still_orphaned
289447604,1,2,1,FALSE,FALSE,TRUE,2,still_orphaned
289447897,4,5,2,TRUE,FALSE,FALSE,3,other
289448259,1,2,1,FALSE,FALSE,TRUE,2,still_orphaned
289448293,1,3,1,FALSE,FALSE,TRUE,3,still_orphaned
289448321,4,6,2,TRUE,FALSE,FALSE,4,other
289448517,3,3,2,FALSE,FALSE,FALSE,2,still_orphaned
289448792,1,2,1,FALSE,FALSE,TRUE,2,still_orphaned
289448828,6,4,3,TRUE,FALSE,FALSE,1,other
289448844,2,2,1,TRUE,FALSE,FALSE,1,other
289448878,3,2,2,FALSE,TRUE,FALSE,1,completed
289449390,3,2,2,FALSE,TRUE,FALSE,1,completed
289449844,2,1,1,TRUE,TRUE,FALSE,0,already_paired
289450137,2,1,1,TRUE,TRUE,FALSE,0,already_paired
289450143,1,3,1,FALSE,FALSE,TRUE,3,still_orphaned
289450215,2,2,1,TRUE,FALSE,FALSE,1,other
289450605,3,5,2,FALSE,FALSE,FALSE,4,still_orphaned
289450889,1,2,1,FALSE,FALSE,TRUE,2,still_orphaned
289451015,2,2,1,TRUE,FALSE,FALSE,1,other
289451066,2,3,1,TRUE,FALSE,FALSE,2,other
289451206,4,4,2,TRUE,FALSE,FALSE,2,other
289451432,1,4,1,FALSE,FALSE,TRUE,4,still_orphaned
289451691,1,0,1,FALSE,FALSE,TRUE,0,still_orphaned
289451906,2,2,1,TRUE,FALSE,FALSE,1,other
289452213,3,2,2,FALSE,TRUE,FALSE,1,completed
289452537,2,2,1,TRUE,FALSE,FALSE,1,other
289452543,3,2,2,FALSE,TRUE,FALSE,1,completed
289452568,3,5,2,FALSE,FALSE,FALSE,4,still_orphaned
289453073,1,2,1,FALSE,FALSE,TRUE,2,still_orphaned
289453115,1,4,1,FALSE,FALSE,TRUE,4,still_orphaned
289453490,1,2,1,FALSE,FALSE,TRUE,2,still_orphaned
289453540,1,2,1,FALSE,FALSE,TRUE,2,still_orphaned
289453659,3,5,2,FALSE,FALSE,FALSE,4,still_orphaned
289453953,2,1,1,TRUE,TRUE,FALSE,0,already_paired
289453973,2,1,1,TRUE,TRUE,FALSE,0,already_paired
289454072,4,3,2,TRUE,FALSE,FALSE,1,other
289454145,4,4,2,TRUE,FALSE,FALSE,2,other
289454221,2,2,1,TRUE,FALSE,FALSE,1,other
289454471,2,2,1,TRUE,FALSE,FALSE,1,other
289454707,2,3,1,TRUE,FALSE,FALSE,2,other
289454939,2,3,1,TRUE,FALSE,FALSE,2,other
289454990,3,3,2,FALSE,FALSE,FALSE,2,still_orphaned
289455194,1,0,1,FALSE,FALSE,TRUE,0,still_orphaned
289455238,1,3,1,FALSE,FALSE,TRUE,3,still_orphaned
289455281,2,2,1,TRUE,FALSE,FALSE,1,other
289455329,7,6,4,FALSE,FALSE,FALSE,3,still_orphaned
289455418,1,2,1,FALSE,FALSE,TRUE,2,still_orphaned
289455530,1,0,1,FALSE,FALSE,TRUE,0,still_orphaned
289455570,4,4,2,TRUE,FALSE,FALSE,2,other
289455729,5,4,3,FALSE,FALSE,FALSE,2,still_orphaned
289456131,2,3,1,TRUE,FALSE,FALSE,2,other
289456316,3,1,2,FALSE,FALSE,FALSE,0,still_orphaned
289456476,5,2,3,FALSE,FALSE,FALSE,0,still_orphaned
289456799,3,2,2,FALSE,TRUE,FALSE,1,completed
289456836,4,2,2,TRUE,TRUE,FALSE,0,already_paired
289456927,1,2,1,FALSE,FALSE,TRUE,2,still_orphaned
289457053,1,3,1,FALSE,FALSE,TRUE,3,still_orphaned
289457324,2,2,1,TRUE,FALSE,FALSE,1,other
289457367,4,3,2,TRUE,FALSE,FALSE,1,other
289457568,3,3,2,FALSE,FALSE,FALSE,2,still_orphaned
289457745,5,3,3,FALSE,TRUE,FALSE,1,completed
289457774,3,5,2,FALSE,FALSE,FALSE,4,still_orphaned
289458069,3,2,2,FALSE,TRUE,FALSE,1,completed
289458138,1,0,1,FALSE,FALSE,TRUE,0,still_orphaned
289458519,4,4,2,TRUE,FALSE,FALSE,2,other
289458956,2,2,1,TRUE,FALSE,FALSE,1,other
289459016,2,1,1,TRUE,TRUE,FALSE,0,already_paired
289459273,3,3,2,FALSE,FALSE,FALSE,2,still_orphaned
289459283,5,4,3,FALSE,FALSE,FALSE,2,still_orphaned
289459451,3,3,2,FALSE,FALSE,FALSE,2,still_orphaned
289459456,1,2,1,FALSE,FALSE,TRUE,2,still_orphaned
289459465,3,6,2,FALSE,FALSE,FALSE,5,still_orphaned
289459616,1,2,1,FALSE,FALSE,TRUE,2,still_orphaned
289459791,4,6,2,TRUE,FALSE,FALSE,4,other
289460074,6,6,3,TRUE,FALSE,FALSE,3,other
289460316,2,1,1,TRUE,TRUE,FALSE,0,already_paired
289460362,2,2,1,TRUE,FALSE,FALSE,1,other
289460374,1,0,1,FALSE,FALSE,TRUE,0,still_orphaned
289460416,2,2,1,TRUE,FALSE,FALSE,1,other
289460672,2,2,1,TRUE,FALSE,FALSE,1,other
289460938,2,3,1,TRUE,FALSE,FALSE,2,other
289461037,4,3,2,TRUE,FALSE,FALSE,1,other
289461270,3,4,2,FALSE,FALSE,FALSE,3,still_orphaned
289461523,4,5,2,TRUE,FALSE,FALSE,3,other
289461748,4,3,2,TRUE,FALSE,FALSE,1,other
289461904,4,5,2,TRUE,FALSE,FALSE,3,other
289461931,1,4,1,FALSE,FALSE,TRUE,4,still_orphaned
289461986,4,3,2,TRUE,FALSE,FALSE,1,other
289461990,1,2,1,FALSE,FALSE,TRUE,2,still_orphaned
289462342,2,2,1,TRUE,FALSE,FALSE,1,other
289462354,2,2,1,TRUE,FALSE,FALSE,1,other
289462498,2,2,1,TRUE,FALSE,FALSE,1,other
289462712,2,2,1,TRUE,FALSE,FALSE,1,other
289462941,4,6,2,TRUE,FALSE,FALSE,4,other
289463143,2,2,1,TRUE,FALSE,FALSE,1,other
289463159,2,2,1,TRUE,FALSE,FALSE,1,other
289463253,3,3,2,FALSE,FALSE,FALSE,2,still_orphaned
289463475,5,5,3,FALSE,FALSE,FALSE,3,still_orphaned
289463507,1,0,1,FALSE,FALSE,TRUE,0,still_orphaned
289463551,3,4,2,FALSE,FALSE,FALSE,3,still_orphaned
289463698,2,3,1,TRUE,FALSE,FALSE,2,other
289464043,4,2,2,TRUE,TRUE,FALSE,0,already_paired
289464373,2,2,1,TRUE,FALSE,FALSE,1,other
289464637,3,6,2,FALSE,FALSE,FALSE,5,still_orphaned
289464829,4,3,2,TRUE,FALSE,FALSE,1,other
289464849,3,3,2,FALSE,FALSE,FALSE,2,still_orphaned
289465282,1,2,1,FALSE,FALSE,TRUE,2,still_orphaned
289465458,5,6,3,FALSE,FALSE,FALSE,4,still_orphaned
289465481,1,3,1,FALSE,FALSE,TRUE,3,still_orphaned
289465636,3,2,2,FALSE,TRUE,FALSE,1,completed
289465678,1,2,1,FALSE,FALSE,TRUE,2,still_orphaned
289466166,1,2,1,FALSE,FALSE,TRUE,2,still_orphaned
289466247,2,4,1,TRUE,FALSE,FALSE,3,other
289466453,3,3,2,FALSE,FALSE,FALSE,2,still_orphaned
289466456,3,4,2,FALSE,FALSE,FALSE,3,still_orphaned
289466468,1,0,1,FALSE,FALSE,TRUE,0,still_orphaned
289466518,1,0,1,FALSE,FALSE,TRUE,0,still_orphaned
289466665,2,2,1,TRUE,FALSE,FALSE,1,other
289466737,3,4,2,FALSE,FALSE,FALSE,3,still_orphaned
289466839,2,2,1,TRUE,FALSE,FALSE,1,other
289467040,2,2,1,TRUE,FALSE,FALSE,1,other
289467334,3,1,2,FALSE,FALSE,FALSE,0,still_orphaned
289467351,3,4,2,FALSE,FALSE,FALSE,3,still_orphaned
289467737,1,2,1,FALSE,FALSE,TRUE,2,still_orphaned
289467989,2,2,1,TRUE,FALSE,FALSE,1,other
289468204,2,2,1,TRUE,FALSE,FALSE,1,other
289468636,4,3,2,TRUE,FALSE,FALSE,1,other
289494802,2,2,1,TRUE,FALSE,FALSE,1,other
289494866,1,3,1,FALSE,FALSE,TRUE,3,still_orphaned
289495080,6,5,3,TRUE,FALSE,FALSE,2,other
289495435,3,5,2,FALSE,FALSE,FALSE,4,still_orphaned
289495557,4,4,2,TRUE,FALSE,FALSE,2,other
289495677,1,2,1,FALSE,FALSE,TRUE,2,still_orphaned
289495867,2,3,1,TRUE,FALSE,FALSE,2,other
289496153,2,2,1,TRUE,FALSE,FALSE,1,other
289496220,4,2,2,TRUE,TRUE,FALSE,0,already_paired
289496399,2,4,1,TRUE,FALSE,FALSE,3,other
289496608,2,2,1,TRUE,FALSE,FALSE,1,other
289496818,2,2,1,TRUE,FALSE,FALSE,1,other
289496836,2,2,1,TRUE,FALSE,FALSE,1,other
289496861,7,5,4,FALSE,FALSE,FALSE,2,still_orphaned
289496942,3,2,2,FALSE,TRUE,FALSE,1,completed
289497139,3,2,2,FALSE,TRUE,FALSE,1,completed
289497272,5,5,3,FALSE,FALSE,FALSE,3,still_orphaned
289497315,1,2,1,FALSE,FALSE,TRUE,2,still_orphaned
289497382,1,2,1,FALSE,FALSE,TRUE,2,still_orphaned
289497447,1,0,1,FALSE,FALSE,TRUE,0,still_orphaned
289497537,3,3,2,FALSE,FALSE,FALSE,2,still_orphaned
289497638,5,5,3,FALSE,FALSE,FALSE,3,still_orphaned
289497704,3,1,2,FALSE,FALSE,FALSE,0,still_orphaned
289497770,3,3,2,FALSE,FALSE,FALSE,2,still_orphaned
289497859,5,6,3,FALSE,FALSE,FALSE,4,still_orphaned
289497874,3,5,2,FALSE,FALSE,FALSE,4,still_orphaned
289498074,3,3,2,FALSE,FALSE,FALSE,2,still_orphaned
289498342,2,2,1,TRUE,FALSE,FALSE,1,other
289498344,7,5,4,FALSE,FALSE,FALSE,2,still_orphaned
289498482,4,3,2,TRUE,FALSE,FALSE,1,other
289498571,1,0,1,FALSE,FALSE,TRUE,0,still_orphaned
289498647,1,0,1,FALSE,FALSE,TRUE,0,still_orphaned
289499050,1,0,1,FALSE,FALSE,TRUE,0,still_orphaned
289499059,2,1,1,TRUE,TRUE,FALSE,0,already_paired
289499074,2,3,1,TRUE,FALSE,FALSE,2,other
289499205,5,5,3,FALSE,FALSE,FALSE,3,still_orphaned
289499258,7,5,4,FALSE,FALSE,FALSE,2,still_orphaned
289499340,7,5,4,FALSE,FALSE,FALSE,2,still_orphaned
289499361,1,0,1,FALSE,FALSE,TRUE,0,still_orphaned
289499641,1,0,1,FALSE,FALSE,TRUE,0,still_orphaned
289499865,6,6,3,TRUE,FALSE,FALSE,3,other
289499989,3,6,2,FALSE,FALSE,FALSE,5,still_orphaned
289500313,2,2,1,TRUE,FALSE,FALSE,1,other
289500372,3,2,2,FALSE,TRUE,FALSE,1,completed
289500639,2,2,1,TRUE,FALSE,FALSE,1,other
289500731,4,5,2,TRUE,FALSE,FALSE,3,other
289500811,2,1,1,TRUE,TRUE,FALSE,0,already_paired
289500943,3,3,2,FALSE,FALSE,FALSE,2,still_orphaned
289501053,3,2,2,FALSE,TRUE,FALSE,1,completed
289501455,2,1,1,TRUE,TRUE,FALSE,0,already_paired
289501551,5,6,3,FALSE,FALSE,FALSE,4,still_orphaned
289501719,2,3,1,TRUE,FALSE,FALSE,2,other
289501777,1,2,1,FALSE,FALSE,TRUE,2,still_orphaned
289501826,5,3,3,FALSE,TRUE,FALSE,1,completed
289501910,1,2,1,FALSE,FALSE,TRUE,2,still_orphaned
289501916,4,4,2,TRUE,FALSE,FALSE,2,other
289502300,4,5,2,TRUE,FALSE,FALSE,3,other
289502337,1,0,1,FALSE,FALSE,TRUE,0,still_orphaned
289502488,4,2,2,TRUE,TRUE,FALSE,0,already_paired
289502489,3,6,2,FALSE,FALSE,FALSE,5,still_orphaned
289502617,3,5,2,FALSE,FALSE,FALSE,4,still_orphaned
289502953,2,2,1,TRUE,FALSE,FALSE,1,other
289502987,2,2,1,TRUE,FALSE,FALSE,1,other
289503005,2,2,1,TRUE,FALSE,FALSE,1,other
289503177,5,3,3,FALSE,TRUE,FALSE,1,completed
289503181,2,4,1,TRUE,FALSE,FALSE,3,other
289503451,4,3,2,TRUE,FALSE,FALSE,1,other
289503649,1,2,1,FALSE,FALSE,TRUE,2,still_orphaned
289503761,4,4,2,TRUE,FALSE,FALSE,2,other
289504260,1,3,1,FALSE,FALSE,TRUE,3,still_orphaned
289504405,1,0,1,FALSE,FALSE,TRUE,0,still_orphaned
289504413,1,3,1,FALSE,FALSE,TRUE,3,still_orphaned
289504608,4,4,2,TRUE,FALSE,FALSE,2,other
289504629,1,2,1,FALSE,FALSE,TRUE,2,still_orphaned
289504984,4,3,2,TRUE,FALSE,FALSE,1,other
289505113,3,2,2,FALSE,TRUE,FALSE,1,completed
289505204,1,0,1,FALSE,FALSE,TRUE,0,still_orphaned
289505371,1,0,1,FALSE,FALSE,TRUE,0,still_orphaned
289505455,1,2,1,FALSE,FALSE,TRUE,2,still_orphaned
289505477,5,5,3,FALSE,FALSE,FALSE,3,still_orphaned
289505839,4,3,2,TRUE,FALSE,FALSE,1,other
289505992,3,3,2,FALSE,FALSE,FALSE,2,still_orphaned
289506004,4,2,2,TRUE,TRUE,FALSE,0,already_paired
289506609,1,0,1,FALSE,FALSE,TRUE,0,still_orphaned
289507206,2,1,1,TRUE,TRUE,FALSE,0,already_paired
289507226,5,2,3,FALSE,FALSE,FALSE,0,still_orphaned
289507235,4,4,2,TRUE,FALSE,FALSE,2,other
289507287,6,3,3,TRUE,TRUE,FALSE,0,already_paired
289507475,4,5,2,TRUE,FALSE,FALSE,3,other
289507550,1,0,1,FALSE,FALSE,TRUE,0,still_orphaned
289507568,2,3,1,TRUE,FALSE,FALSE,2,other
289508112,1,2,1,FALSE,FALSE,TRUE,2,still_orphaned
289508202,1,2,1,FALSE,FALSE,TRUE,2,still_orphaned
289508230,2,3,1,TRUE,FALSE,FALSE,2,other
289508232,1,0,1,FALSE,FALSE,TRUE,0,still_orphaned
289508556,3,3,2,FALSE,FALSE,FALSE,2,still_orphaned
289508592,5,3,3,FALSE,TRUE,FALSE,1,completed
289508878,2,2,1,TRUE,FALSE,FALSE,1,other
289509026,2,2,1,TRUE,FALSE,FALSE,1,other
289509234,5,3,3,FALSE,TRUE,FALSE,1,completed
289509268,1,3,1,FALSE,FALSE,TRUE,3,still_orphaned
289509607,2,2,1,TRUE,FALSE,FALSE,1,other
289509674,1,2,1,FALSE,FALSE,TRUE,2,still_orphaned
289509920,2,2,1,TRUE,FALSE,FALSE,1,other
289509976,1,2,1,FALSE,FALSE,TRUE,2,still_orphaned
289510325,1,0,1,FALSE,FALSE,TRUE,0,still_orphaned
289510424,1,0,1,FALSE,FALSE,TRUE,0,still_orphaned
289510560,4,3,2,TRUE,FALSE,FALSE,1,other
289510966,3,1,2,FALSE,FALSE,FALSE,0,still_orphaned
289511311,2,2,1,TRUE,FALSE,FALSE,1,other
289511326,1,3,1,FALSE,FALSE,TRUE,3,still_orphaned
289511692,6,5,3,TRUE,FALSE,FALSE,2,other
289511778,5,4,3,FALSE,FALSE,FALSE,2,still_orphaned
289511895,3,3,2,FALSE,FALSE,FALSE,2,still_orphaned
289511991,2,1,1,TRUE,TRUE,FALSE,0,already_paired
289512044,1,2,1,FALSE,FALSE,TRUE,2,still_orphaned
289512080,4,5,2,TRUE,FALSE,FALSE,3,other
289512144,3,4,2,FALSE,FALSE,FALSE,3,still_orphaned
289512244,3,2,2,FALSE,TRUE,FALSE,1,completed
289512464,5,5,3,FALSE,FALSE,FALSE,3,still_orphaned
289512592,2,3,1,TRUE,FALSE,FALSE,2,other
289512932,2,3,1,TRUE,FALSE,FALSE,2,other
289512987,2,2,1,TRUE,FALSE,FALSE,1,other
289513126,2,2,1,TRUE,FALSE,FALSE,1,other
289513162,1,3,1,FALSE,FALSE,TRUE,3,still_orphaned
289513175,3,2,2,FALSE,TRUE,FALSE,1,completed
289513236,3,1,2,FALSE,FALSE,FALSE,0,still_orphaned
289513519,4,3,2,TRUE,FALSE,FALSE,1,other
289513816,5,4,3,FALSE,FALSE,FALSE,2,still_orphaned
289514138,1,1,1,FALSE,TRUE,TRUE,1,completed
289514254,5,5,3,FALSE,FALSE,FALSE,3,still_orphaned
289514327,2,4,1,TRUE,FALSE,FALSE,3,other
289514818,3,4,2,FALSE,FALSE,FALSE,3,still_orphaned
289514924,4,2,2,TRUE,TRUE,FALSE,0,already_paired
289515063,1,0,1,FALSE,FALSE,TRUE,0,still_orphaned
289515088,3,3,2,FALSE,FALSE,FALSE,2,still_orphaned
289515617,1,2,1,FALSE,FALSE,TRUE,2,still_orphaned
289515934,2,3,1,TRUE,FALSE,FALSE,2,other
289515979,2,3,1,TRUE,FALSE,FALSE,2,other
289516067,2,4,1,TRUE,FALSE,FALSE,3,other
289516323,4,4,2,TRUE,FALSE,FALSE,2,other
289516554,2,2,1,TRUE,FALSE,FALSE,1,other
289516694,1,2,1,FALSE,FALSE,TRUE,2,still_orphaned
289516715,3,3,2,FALSE,FALSE,FALSE,2,still_orphaned
289516757,2,1,1,TRUE,TRUE,FALSE,0,already_paired
289516867,4,3,2,TRUE,FALSE,FALSE,1,other
289517240,2,2,1,TRUE,FALSE,FALSE,1,other
289517320,3,1,2,FALSE,FALSE,FALSE,0,still_orphaned
289517449,2,2,1,TRUE,FALSE,FALSE,1,other
289517450,1,0,1,FALSE,FALSE,TRUE,0,still_orphaned
289517465,3,2,2,FALSE,TRUE,FALSE,1,completed
289517500,2,2,1,TRUE,FALSE,FALSE,1,other
289517692,1,0,1,FALSE,FALSE,TRUE,0,still_orphaned
289517882,3,4,2,FALSE,FALSE,FALSE,3,still_orphaned
289517902,1,2,1,FALSE,FALSE,TRUE,2,still_orphaned
289517954,2,2,1,TRUE,FALSE,FALSE,1,other
289518099,2,1,1,TRUE,TRUE,FALSE,0,already_paired
289518396,1,0,1,FALSE,FALSE,TRUE,0,still_orphaned
289518486,1,2,1,FALSE,FALSE,TRUE,2,still_orphaned
289518635,6,4,3,TRUE,FALSE,FALSE,1,other
289518727,4,4,2,TRUE,FALSE,FALSE,2,other
289518842,1,3,1,FALSE,FALSE,TRUE,3,still_orphaned
289518867,2,2,1,TRUE,FALSE,FALSE,1,other
289518944,1,2,1,FALSE,FALSE,TRUE,2,still_orphaned
289518962,3,2,2,FALSE,TRUE,FALSE,1,completed
289519005,1,2,1,FALSE,FALSE,TRUE,2,still_orphaned
289519216,3,2,2,FALSE,TRUE,FALSE,1,completed
289519237,1,2,1,FALSE,FALSE,TRUE,2,still_orphaned
289519393,1,0,1,FALSE,FALSE,TRUE,0,still_orphaned
289519426,5,4,3,FALSE,FALSE,FALSE,2,still_orphaned
289519516,3,2,2,FALSE,TRUE,FALSE,1,completed
289520231,2,1,1,TRUE,TRUE,FALSE,0,already_paired
289520305,2,3,1,TRUE,FALSE,FALSE,2,other
289520307,3,3,2,FALSE,FALSE,FALSE,2,still_orphaned
289520359,2,2,1,TRUE,FALSE,FALSE,1,other
289520411,1,3,1,FALSE,FALSE,TRUE,3,still_orphaned
289520735,3,2,2,FALSE,TRUE,FALSE,1,completed
289520851,2,3,1,TRUE,FALSE,FALSE,2,other
289520996,1,0,1,FALSE,FALSE,TRUE,0,still_orphaned
289521015,1,2,1,FALSE,FALSE,TRUE,2,still_orphaned
289521045,4,3,2,TRUE,FALSE,FALSE,1,other
289521106,2,1,1,TRUE,TRUE,FALSE,0,already_paired
289521348,3,1,2,FALSE,FALSE,FALSE,0,still_orphaned
289521380,2,2,1,TRUE,FALSE,FALSE,1,other
289521447,2,1,1,TRUE,TRUE,FALSE,0,already_paired
289521463,4,3,2,TRUE,FALSE,FALSE,1,other
289521747,1,3,1,FALSE,FALSE,TRUE,3,still_orphaned
289521861,3,3,2,FALSE,FALSE,FALSE,2,still_orphaned
289521916,3,4,2,FALSE,FALSE,FALSE,3,still_orphaned
289521978,3,4,2,FALSE,FALSE,FALSE,3,still_orphaned
289522438,1,0,1,FALSE,FALSE,TRUE,0,still_orphaned
289522641,1,2,1,FALSE,FALSE,TRUE,2,still_orphaned
289522845,3,3,2,FALSE,FALSE,FALSE,2,still_orphaned
289522889,1,0,1,FALSE,FALSE,TRUE,0,still_orphaned
289522977,7,6,4,FALSE,FALSE,FALSE,3,still_orphaned
289523116,3,3,2,FALSE,FALSE,FALSE,2,still_orphaned
289523179,2,1,1,TRUE,TRUE,FALSE,0,already_paired
289523199,2,2,1,TRUE,FALSE,FALSE,1,other
289523607,4,5,2,TRUE,FALSE,FALSE,3,other
289523663,1,2,1,FALSE,FALSE,TRUE,2,still_orphaned
289523711,1,0,1,FALSE,FALSE,TRUE,0,still_orphaned
289524166,1,2,1,FALSE,FALSE,TRUE,2,still_orphaned
289530791,2,2,1,TRUE,FALSE,FALSE,1,other
289532112,2,1,1,TRUE,TRUE,FALSE,0,already_paired
289532449,2,3,1,TRUE,FALSE,FALSE,2,other
289532483,1,2,1,FALSE,FALSE,TRUE,2,still_orphaned
289532728,2,2,1,TRUE,FALSE,FALSE,1,other
289532759,3,2,2,FALSE,TRUE,FALSE,1,completed
289533055,1,2,1,FALSE,FALSE,TRUE,2,still_orphaned
289533315,1,3,1,FALSE,FALSE,TRUE,3,still_orphaned
289533585,3,2,2,FALSE,TRUE,FALSE,1,completed
289533688,1,2,1,FALSE,FALSE,TRUE,2,still_orphaned
289533712,3,2,2,FALSE,TRUE,FALSE,1,completed
289533714,2,2,1,TRUE,FALSE,FALSE,1,other
289533907,3,5,2,FALSE,FALSE,FALSE,4,still_orphaned
289533924,1,0,1,FALSE,FALSE,TRUE,0,still_orphaned
289534062,1,0,1,FALSE,FALSE,TRUE,0,still_orphaned
289534218,5,5,3,FALSE,FALSE,FALSE,3,still_orphaned
289534227,3,2,2,FALSE,TRUE,FALSE,1,completed
289534248,1,2,1,FALSE,FALSE,TRUE,2,still_orphaned
289534331,4,4,2,TRUE,FALSE,FALSE,2,other
289534626,4,4,2,TRUE,FALSE,FALSE,2,other
289534649,4,4,2,TRUE,FALSE,FALSE,2,other
289534654,4,2,2,TRUE,TRUE,FALSE,0,already_paired
289534669,1,2,1,FALSE,FALSE,TRUE,2,still_orphaned
289534790,2,1,1,TRUE,TRUE,FALSE,0,already_paired
289534850,1,0,1,FALSE,FALSE,TRUE,0,still_orphaned
289534919,2,2,1,TRUE,FALSE,FALSE,1,other
289535142,4,4,2,TRUE,FALSE,FALSE,2,other
289535224,2,2,1,TRUE,FALSE,FALSE,1,other
289535252,3,4,2,FALSE,FALSE,FALSE,3,still_orphaned
289535362,3,6,2,FALSE,FALSE,FALSE,5,still_orphaned
289535683,3,5,2,FALSE,FALSE,FALSE,4,still_orphaned
289535808,1,2,1,FALSE,FALSE,TRUE,2,still_orphaned
289535996,5,5,3,FALSE,FALSE,FALSE,3,still_orphaned
289536030,3,2,2,FALSE,TRUE,FALSE,1,completed
289536080,4,4,2,TRUE,FALSE,FALSE,2,other
289536252,3,1,2,FALSE,FALSE,FALSE,0,still_orphaned
289536355,2,3,1,TRUE,FALSE,FALSE,2,other
289536400,3,2,2,FALSE,TRUE,FALSE,1,completed
289536683,2,3,1,TRUE,FALSE,FALSE,2,other
289536780,2,3,1,TRUE,FALSE,FALSE,2,other
289536802,3,2,2,FALSE,TRUE,FALSE,1,completed
289536839,2,2,1,TRUE,FALSE,FALSE,1,other
289537020,2,2,1,TRUE,FALSE,FALSE,1,other
289537207,4,3,2,TRUE,FALSE,FALSE,1,other
289537283,3,2,2,FALSE,TRUE,FALSE,1,completed
289537601,3,2,2,FALSE,TRUE,FALSE,1,completed
289537762,2,3,1,TRUE,FALSE,FALSE,2,other
289537766,3,2,2,FALSE,TRUE,FALSE,1,completed
289537867,3,4,2,FALSE,FALSE,FALSE,3,still_orphaned
289538049,2,1,1,TRUE,TRUE,FALSE,0,already_paired
289538249,3,2,2,FALSE,TRUE,FALSE,1,completed
289538384,1,0,1,FALSE,FALSE,TRUE,0,still_orphaned
289538564,2,3,1,TRUE,FALSE,FALSE,2,other
289538685,2,3,1,TRUE,FALSE,FALSE,2,other
289538708,4,3,2,TRUE,FALSE,FALSE,1,other
289539064,4,3,2,TRUE,FALSE,FALSE,1,other
289539081,1,0,1,FALSE,FALSE,TRUE,0,still_orphaned
289539343,4,4,2,TRUE,FALSE,FALSE,2,other
289539514,4,3,2,TRUE,FALSE,FALSE,1,other
289539544,5,6,3,FALSE,FALSE,FALSE,4,still_orphaned
289539557,3,1,2,FALSE,FALSE,FALSE,0,still_orphaned
289539594,4,2,2,TRUE,TRUE,FALSE,0,already_paired
289539659,4,3,2,TRUE,FALSE,FALSE,1,other
289539726,3,2,2,FALSE,TRUE,FALSE,1,completed
289540188,4,3,2,TRUE,FALSE,FALSE,1,other
289540282,1,3,1,FALSE,FALSE,TRUE,3,still_orphaned
289540340,2,3,1,TRUE,FALSE,FALSE,2,other
289540773,1,4,1,FALSE,FALSE,TRUE,4,still_orphaned
289540915,1,2,1,FALSE,FALSE,TRUE,2,still_orphaned
289541029,3,5,2,FALSE,FALSE,FALSE,4,still_orphaned
289541684,3,2,2,FALSE,TRUE,FALSE,1,completed
289541718,2,2,1,TRUE,FALSE,FALSE,1,other
289542508,3,4,2,FALSE,FALSE,FALSE,3,still_orphaned
289542646,3,2,2,FALSE,TRUE,FALSE,1,completed
289542685,1,2,1,FALSE,FALSE,TRUE,2,still_orphaned
289542838,3,3,2,FALSE,FALSE,FALSE,2,still_orphaned
289543052,1,0,1,FALSE,FALSE,TRUE,0,still_orphaned
289543123,5,5,3,FALSE,FALSE,FALSE,3,still_orphaned
289543175,1,2,1,FALSE,FALSE,TRUE,2,still_orphaned
289543348,1,2,1,FALSE,FALSE,TRUE,2,still_orphaned
289543690,1,0,1,FALSE,FALSE,TRUE,0,still_orphaned
289544222,1,2,1,FALSE,FALSE,TRUE,2,still_orphaned
289544343,3,3,2,FALSE,FALSE,FALSE,2,still_orphaned
289544432,2,2,1,TRUE,FALSE,FALSE,1,other
289544914,3,5,2,FALSE,FALSE,FALSE,4,still_orphaned
289545304,4,3,2,TRUE,FALSE,FALSE,1,other
289545476,1,2,1,FALSE,FALSE,TRUE,2,still_orphaned
289545478,2,2,1,TRUE,FALSE,FALSE,1,other
289545493,4,5,2,TRUE,FALSE,FALSE,3,other
289545586,1,2,1,FALSE,FALSE,TRUE,2,still_orphaned
289545930,8,8,4,TRUE,FALSE,FALSE,4,other
289546101,1,2,1,FALSE,FALSE,TRUE,2,still_orphaned
289546334,1,2,1,FALSE,FALSE,TRUE,2,still_orphaned
289546454,1,0,1,FALSE,FALSE,TRUE,0,still_orphaned
289546483,1,2,1,FALSE,FALSE,TRUE,2,still_orphaned
289546704,5,4,3,FALSE,FALSE,FALSE,2,still_orphaned
289546716,2,3,1,TRUE,FALSE,FALSE,2,other
289546730,2,2,1,TRUE,FALSE,FALSE,1,other
289546777,2,2,1,TRUE,FALSE,FALSE,1,other
289546933,1,2,1,FALSE,FALSE,TRUE,2,still_orphaned
289547066,4,5,2,TRUE,FALSE,FALSE,3,other
289547526,1,0,1,FALSE,FALSE,TRUE,0,still_orphaned
289547655,3,2,2,FALSE,TRUE,FALSE,1,completed
289548084,5,4,3,FALSE,FALSE,FALSE,2,still_orphaned
289548598,4,3,2,TRUE,FALSE,FALSE,1,other
289548779,2,2,1,TRUE,FALSE,FALSE,1,other
289548876,2,2,1,TRUE,FALSE,FALSE,1,other
289549144,3,5,2,FALSE,FALSE,FALSE,4,still_orphaned
289549158,5,3,3,FALSE,TRUE,FALSE,1,completed
289549299,1,3,1,FALSE,FALSE,TRUE,3,still_orphaned
289549320,1,2,1,FALSE,FALSE,TRUE,2,still_orphaned
289549362,3,1,2,FALSE,FALSE,FALSE,0,still_orphaned
289549548,3,3,2,FALSE,FALSE,FALSE,2,still_orphaned
289549560,6,6,3,TRUE,FALSE,FALSE,3,other
289549583,2,2,1,TRUE,FALSE,FALSE,1,other
289549878,4,3,2,TRUE,FALSE,FALSE,1,other
289550060,5,3,3,FALSE,TRUE,FALSE,1,completed
289550436,3,2,2,FALSE,TRUE,FALSE,1,completed
289550467,2,2,1,TRUE,FALSE,FALSE,1,other
289550658,2,2,1,TRUE,FALSE,FALSE,1,other
289550674,2,2,1,TRUE,FALSE,FALSE,1,other
289550788,1,2,1,FALSE,FALSE,TRUE,2,still_orphaned
289551531,1,2,1,FALSE,FALSE,TRUE,2,still_orphaned
289551533,3,6,2,FALSE,FALSE,FALSE,5,still_orphaned
289551681,2,2,1,TRUE,FALSE,FALSE,1,other
289551926,2,2,1,TRUE,FALSE,FALSE,1,other
289551990,1,2,1,FALSE,FALSE,TRUE,2,still_orphaned
289552309,2,3,1,TRUE,FALSE,FALSE,2,other
289552575,3,4,2,FALSE,FALSE,FALSE,3,still_orphaned
289552879,4,3,2,TRUE,FALSE,FALSE,1,other
289552991,2,2,1,TRUE,FALSE,FALSE,1,other
289553152,2,1,1,TRUE,TRUE,FALSE,0,already_paired
289553155,3,2,2,FALSE,TRUE,FALSE,1,completed
289553355,3,2,2,FALSE,TRUE,FALSE,1,completed
289553481,2,2,1,TRUE,FALSE,FALSE,1,other
289553873,2,1,1,TRUE,TRUE,FALSE,0,already_paired
289553950,2,3,1,TRUE,FALSE,FALSE,2,other
289554188,2,1,1,TRUE,TRUE,FALSE,0,already_paired
289554210,1,0,1,FALSE,FALSE,TRUE,0,still_orphaned
289554384,3,2,2,FALSE,TRUE,FALSE,1,completed
289554417,1,2,1,FALSE,FALSE,TRUE,2,still_orphaned
289554500,2,3,1,TRUE,FALSE,FALSE,2,other
289554780,2,3,1,TRUE,FALSE,FALSE,2,other
289554800,4,4,2,TRUE,FALSE,FALSE,2,other
289555049,2,2,1,TRUE,FALSE,FALSE,1,other
289555134,4,5,2,TRUE,FALSE,FALSE,3,other
289555325,6,4,3,TRUE,FALSE,FALSE,1,other
289555337,4,3,2,TRUE,FALSE,FALSE,1,other
289555718,2,2,1,TRUE,FALSE,FALSE,1,other
289555758,3,2,2,FALSE,TRUE,FALSE,1,completed
289555957,2,1,1,TRUE,TRUE,FALSE,0,already_paired
289556014,3,3,2,FALSE,FALSE,FALSE,2,still_orphaned
289556375,4,5,2,TRUE,FALSE,FALSE,3,other
289556515,2,2,1,TRUE,FALSE,FALSE,1,other
289556614,3,2,2,FALSE,TRUE,FALSE,1,completed
289557030,2,2,1,TRUE,FALSE,FALSE,1,other
289557097,1,2,1,FALSE,FALSE,TRUE,2,still_orphaned
289557115,3,3,2,FALSE,FALSE,FALSE,2,still_orphaned
289557215,4,5,2,TRUE,FALSE,FALSE,3,other
289557259,3,3,2,FALSE,FALSE,FALSE,2,still_orphaned
289557291,3,1,2,FALSE,FALSE,FALSE,0,still_orphaned
289557592,2,1,1,TRUE,TRUE,FALSE,0,already_paired
289557679,3,5,2,FALSE,FALSE,FALSE,4,still_orphaned
289557724,1,0,1,FALSE,FALSE,TRUE,0,still_orphaned
289557755,3,6,2,FALSE,FALSE,FALSE,5,still_orphaned
289558175,3,5,2,FALSE,FALSE,FALSE,4,still_orphaned
289558193,2,2,1,TRUE,FALSE,FALSE,1,other
289558265,1,0,1,FALSE,FALSE,TRUE,0,still_orphaned
289558391,2,2,1,TRUE,FALSE,FALSE,1,other
289558453,2,2,1,TRUE,FALSE,FALSE,1,other
289558747,2,1,1,TRUE,TRUE,FALSE,0,already_paired
289558751,1,0,1,FALSE,FALSE,TRUE,0,still_orphaned
289558766,3,3,2,FALSE,FALSE,FALSE,2,still_orphaned
289559031,3,4,2,FALSE,FALSE,FALSE,3,still_orphaned
289559087,1,2,1,FALSE,FALSE,TRUE,2,still_orphaned
289559161,3,4,2,FALSE,FALSE,FALSE,3,still_orphaned
289559245,2,2,1,TRUE,FALSE,FALSE,1,other
289559675,1,0,1,FALSE,FALSE,TRUE,0,still_orphaned
289559803,3,4,2,FALSE,FALSE,FALSE,3,still_orphaned
289559960,2,1,1,TRUE,TRUE,FALSE,0,already_paired
289560129,5,4,3,FALSE,FALSE,FALSE,2,still_orphaned
289560265,1,0,1,FALSE,FALSE,TRUE,0,still_orphaned
289560687,2,2,1,TRUE,FALSE,FALSE,1,other
289560892,1,0,1,FALSE,FALSE,TRUE,0,still_orphaned
289560994,2,2,1,TRUE,FALSE,FALSE,1,other
289561057,3,3,2,FALSE,FALSE,FALSE,2,still_orphaned
289561248,2,1,1,TRUE,TRUE,FALSE,0,already_paired
289561342,1,0,1,FALSE,FALSE,TRUE,0,still_orphaned
289561370,1,2,1,FALSE,FALSE,TRUE,2,still_orphaned
289561434,4,4,2,TRUE,FALSE,FALSE,2,other
289561481,2,2,1,TRUE,FALSE,FALSE,1,other
289561614,1,2,1,FALSE,FALSE,TRUE,2,still_orphaned
289561908,1,2,1,FALSE,FALSE,TRUE,2,still_orphaned
289562018,2,4,1,TRUE,FALSE,FALSE,3,other
289562052,4,5,2,TRUE,FALSE,FALSE,3,other
289562199,2,2,1,TRUE,FALSE,FALSE,1,other
289562214,1,2,1,FALSE,FALSE,TRUE,2,still_orphaned
289562321,2,3,1,TRUE,FALSE,FALSE,2,other
289562424,5,4,3,FALSE,FALSE,FALSE,2,still_orphaned
289562663,2,2,1,TRUE,FALSE,FALSE,1,other
289583202,4,3,2,TRUE,FALSE,FALSE,1,other
289583275,1,0,1,FALSE,FALSE,TRUE,0,still_orphaned
289583324,4,3,2,TRUE,FALSE,FALSE,1,other
289583459,3,3,2,FALSE,FALSE,FALSE,2,still_orphaned
289583882,5,3,3,FALSE,TRUE,FALSE,1,completed
289583948,3,2,2,FALSE,TRUE,FALSE,1,completed
289584119,3,4,2,FALSE,FALSE,FALSE,3,still_orphaned
289584491,2,1,1,TRUE,TRUE,FALSE,0,already_paired
289584699,1,2,1,FALSE,FALSE,TRUE,2,still_orphaned
289584898,3,2,2,FALSE,TRUE,FALSE,1,completed
289584913,1,0,1,FALSE,FALSE,TRUE,0,still_orphaned
289585060,1,0,1,FALSE,FALSE,TRUE,0,still_orphaned
289585269,1,0,1,FALSE,FALSE,TRUE,0,still_orphaned
289585493,4,3,2,TRUE,FALSE,FALSE,1,other
289585750,2,2,1,TRUE,FALSE,FALSE,1,other
289585797,5,5,3,FALSE,FALSE,FALSE,3,still_orphaned
289585835,3,4,2,FALSE,FALSE,FALSE,3,still_orphaned
289585886,1,0,1,FALSE,FALSE,TRUE,0,still_orphaned
289585906,2,3,1,TRUE,FALSE,FALSE,2,other
289586076,2,2,1,TRUE,FALSE,FALSE,1,other
289586254,2,3,1,TRUE,FALSE,FALSE,2,other
289586305,2,2,1,TRUE,FALSE,FALSE,1,other
289586306,3,4,2,FALSE,FALSE,FALSE,3,still_orphaned
289586539,2,3,1,TRUE,FALSE,FALSE,2,other
289586596,2,2,1,TRUE,FALSE,FALSE,1,other
289586611,3,4,2,FALSE,FALSE,FALSE,3,still_orphaned
289586818,2,1,1,TRUE,TRUE,FALSE,0,already_paired
289586829,1,2,1,FALSE,FALSE,TRUE,2,still_orphaned
289586830,4,3,2,TRUE,FALSE,FALSE,1,other
289587039,5,5,3,FALSE,FALSE,FALSE,3,still_orphaned
289587095,3,2,2,FALSE,TRUE,FALSE,1,completed
289587136,1,0,1,FALSE,FALSE,TRUE,0,still_orphaned
289587139,2,1,1,TRUE,TRUE,FALSE,0,already_paired
289587391,2,3,1,TRUE,FALSE,FALSE,2,other
289587668,1,0,1,FALSE,FALSE,TRUE,0,still_orphaned
289587753,2,2,1,TRUE,FALSE,FALSE,1,other
289587912,1,0,1,FALSE,FALSE,TRUE,0,still_orphaned
289587930,6,7,3,TRUE,FALSE,FALSE,4,other
289587948,2,2,1,TRUE,FALSE,FALSE,1,other
289588044,7,8,4,FALSE,FALSE,FALSE,5,still_orphaned
289588088,3,1,2,FALSE,FALSE,FALSE,0,still_orphaned
289588091,5,3,3,FALSE,TRUE,FALSE,1,completed
289588758,1,1,1,FALSE,TRUE,TRUE,1,completed
289588837,2,1,1,TRUE,TRUE,FALSE,0,already_paired
289589010,2,4,1,TRUE,FALSE,FALSE,3,other
289589087,2,1,1,TRUE,TRUE,FALSE,0,already_paired
289589164,1,0,1,FALSE,FALSE,TRUE,0,still_orphaned
289589825,1,3,1,FALSE,FALSE,TRUE,3,still_orphaned
289589842,1,0,1,FALSE,FALSE,TRUE,0,still_orphaned
289589879,3,2,2,FALSE,TRUE,FALSE,1,completed
289590050,3,2,2,FALSE,TRUE,FALSE,1,completed
289590057,1,0,1,FALSE,FALSE,TRUE,0,still_orphaned
289590344,1,2,1,FALSE,FALSE,TRUE,2,still_orphaned
289590369,1,0,1,FALSE,FALSE,TRUE,0,still_orphaned
289590381,5,6,3,FALSE,FALSE,FALSE,4,still_orphaned
289590862,4,5,2,TRUE,FALSE,FALSE,3,other
289591054,3,4,2,FALSE,FALSE,FALSE,3,still_orphaned
289591106,2,2,1,TRUE,FALSE,FALSE,1,other
289591263,1,0,1,FALSE,FALSE,TRUE,0,still_orphaned
289591341,2,3,1,TRUE,FALSE,FALSE,2,other
289591379,1,2,1,FALSE,FALSE,TRUE,2,still_orphaned
289591510,1,0,1,FALSE,FALSE,TRUE,0,still_orphaned
289591604,2,2,1,TRUE,FALSE,FALSE,1,other
289591903,3,1,2,FALSE,FALSE,FALSE,0,still_orphaned
289591982,5,5,3,FALSE,FALSE,FALSE,3,still_orphaned
289592001,1,2,1,FALSE,FALSE,TRUE,2,still_orphaned
289592078,4,4,2,TRUE,FALSE,FALSE,2,other
289592309,6,4,3,TRUE,FALSE,FALSE,1,other
289592419,3,2,2,FALSE,TRUE,FALSE,1,completed
289592541,5,3,3,FALSE,TRUE,FALSE,1,completed
289592661,4,3,2,TRUE,FALSE,FALSE,1,other
289592826,4,3,2,TRUE,FALSE,FALSE,1,other
289592839,2,2,1,TRUE,FALSE,FALSE,1,other
289593459,3,5,2,FALSE,FALSE,FALSE,4,still_orphaned
289593480,1,3,1,FALSE,FALSE,TRUE,3,still_orphaned
289593643,3,2,2,FALSE,TRUE,FALSE,1,completed
289593800,3,4,2,FALSE,FALSE,FALSE,3,still_orphaned
289593857,4,4,2,TRUE,FALSE,FALSE,2,other
289594070,6,6,3,TRUE,FALSE,FALSE,3,other
289594276,2,2,1,TRUE,FALSE,FALSE,1,other
289594637,1,0,1,FALSE,FALSE,TRUE,0,still_orphaned
289594730,3,2,2,FALSE,TRUE,FALSE,1,completed
289594732,4,4,2,TRUE,FALSE,FALSE,2,other
289594734,2,2,1,TRUE,FALSE,FALSE,1,other
289595050,1,0,1,FALSE,FALSE,TRUE,0,still_orphaned
289595138,3,4,2,FALSE,FALSE,FALSE,3,still_orphaned
289595303,4,5,2,TRUE,FALSE,FALSE,3,other
289595804,2,2,1,TRUE,FALSE,FALSE,1,other
289595953,4,3,2,TRUE,FALSE,FALSE,1,other
289596124,4,3,2,TRUE,FALSE,FALSE,1,other
289596198,3,1,2,FALSE,FALSE,FALSE,0,still_orphaned
289596338,4,3,2,TRUE,FALSE,FALSE,1,other
289596726,1,2,1,FALSE,FALSE,TRUE,2,still_orphaned
289596767,1,2,1,FALSE,FALSE,TRUE,2,still_orphaned
289596953,2,3,1,TRUE,FALSE,FALSE,2,other
289597174,2,1,1,TRUE,TRUE,FALSE,0,already_paired
289597202,2,4,1,TRUE,FALSE,FALSE,3,other
289597371,1,0,1,FALSE,FALSE,TRUE,0,still_orphaned
289597516,2,2,1,TRUE,FALSE,FALSE,1,other
289597790,2,3,1,TRUE,FALSE,FALSE,2,other
289598103,4,3,2,TRUE,FALSE,FALSE,1,other
289598258,1,0,1,FALSE,FALSE,TRUE,0,still_orphaned
289598423,1,0,1,FALSE,FALSE,TRUE,0,still_orphaned
289598548,1,0,1,FALSE,FALSE,TRUE,0,still_orphaned
289598581,2,3,1,TRUE,FALSE,FALSE,2,other
289598731,4,4,2,TRUE,FALSE,FALSE,2,other
289598784,1,3,1,FALSE,FALSE,TRUE,3,still_orphaned
289599583,2,2,1,TRUE,FALSE,FALSE,1,other
289599745,1,2,1,FALSE,FALSE,TRUE,2,still_orphaned
289600418,2,3,1,TRUE,FALSE,FALSE,2,other
289600825,1,3,1,FALSE,FALSE,TRUE,3,still_orphaned
289601062,5,4,3,FALSE,FALSE,FALSE,2,still_orphaned
289601212,1,0,1,FALSE,FALSE,TRUE,0,still_orphaned
289601313,2,3,1,TRUE,FALSE,FALSE,2,other
289601344,3,3,2,FALSE,FALSE,FALSE,2,still_orphaned
289601584,3,3,2,FALSE,FALSE,FALSE,2,still_orphaned
289601864,3,3,2,FALSE,FALSE,FALSE,2,still_orphaned
289602180,1,2,1,FALSE,FALSE,TRUE,2,still_orphaned
289602184,3,4,2,FALSE,FALSE,FALSE,3,still_orphaned
289602223,4,5,2,TRUE,FALSE,FALSE,3,other
289602238,1,0,1,FALSE,FALSE,TRUE,0,still_orphaned
289602566,3,2,2,FALSE,TRUE,FALSE,1,completed
289602588,2,2,1,TRUE,FALSE,FALSE,1,other
289602635,1,0,1,FALSE,FALSE,TRUE,0,still_orphaned
289602644,1,0,1,FALSE,FALSE,TRUE,0,still_orphaned
289602663,5,5,3,FALSE,FALSE,FALSE,3,still_orphaned
289602716,1,3,1,FALSE,FALSE,TRUE,3,still_orphaned
289602891,3,3,2,FALSE,FALSE,FALSE,2,still_orphaned
289603345,3,2,2,FALSE,TRUE,FALSE,1,completed
289603570,2,3,1,TRUE,FALSE,FALSE,2,other
289603743,4,5,2,TRUE,FALSE,FALSE,3,other
289604116,3,2,2,FALSE,TRUE,FALSE,1,completed
289604160,2,1,1,TRUE,TRUE,FALSE,0,already_paired
289604177,4,5,2,TRUE,FALSE,FALSE,3,other
289604627,2,1,1,TRUE,TRUE,FALSE,0,already_paired
289604645,2,3,1,TRUE,FALSE,FALSE,2,other
289604714,5,5,3,FALSE,FALSE,FALSE,3,still_orphaned
289604866,1,2,1,FALSE,FALSE,TRUE,2,still_orphaned
289604997,1,0,1,FALSE,FALSE,TRUE,0,still_orphaned
289605021,1,2,1,FALSE,FALSE,TRUE,2,still_orphaned
289605767,2,1,1,TRUE,TRUE,FALSE,0,already_paired
289606014,1,0,1,FALSE,FALSE,TRUE,0,still_orphaned
289606086,4,5,2,TRUE,FALSE,FALSE,3,other
289606255,2,1,1,TRUE,TRUE,FALSE,0,already_paired
289606551,4,3,2,TRUE,FALSE,FALSE,1,other
289606594,1,0,1,FALSE,FALSE,TRUE,0,still_orphaned
289606599,4,3,2,TRUE,FALSE,FALSE,1,other
289606735,1,2,1,FALSE,FALSE,TRUE,2,still_orphaned
289606752,1,0,1,FALSE,FALSE,TRUE,0,still_orphaned
289606901,4,6,2,TRUE,FALSE,FALSE,4,other
289606939,2,3,1,TRUE,FALSE,FALSE,2,other
289607142,4,4,2,TRUE,FALSE,FALSE,2,other
289607156,5,3,3,FALSE,TRUE,FALSE,1,completed
289607312,2,1,1,TRUE,TRUE,FALSE,0,already_paired
289607510,1,0,1,FALSE,FALSE,TRUE,0,still_orphaned
289607511,3,3,2,FALSE,FALSE,FALSE,2,still_orphaned
289607570,1,0,1,FALSE,FALSE,TRUE,0,still_orphaned
289607732,3,3,2,FALSE,FALSE,FALSE,2,still_orphaned
289607963,4,5,2,TRUE,FALSE,FALSE,3,other
289608069,3,4,2,FALSE,FALSE,FALSE,3,still_orphaned
289608178,4,4,2,TRUE,FALSE,FALSE,2,other
289608237,2,2,1,TRUE,FALSE,FALSE,1,other
289608300,1,0,1,FALSE,FALSE,TRUE,0,still_orphaned
289608482,2,1,1,TRUE,TRUE,FALSE,0,already_paired
289608498,3,6,2,FALSE,FALSE,FALSE,5,still_orphaned
289608653,1,2,1,FALSE,FALSE,TRUE,2,still_orphaned
289608806,5,4,3,FALSE,FALSE,FALSE,2,still_orphaned
289608900,2,3,1,TRUE,FALSE,FALSE,2,other
289609148,4,5,2,TRUE,FALSE,FALSE,3,other
289609222,1,2,1,FALSE,FALSE,TRUE,2,still_orphaned
289609567,2,1,1,TRUE,TRUE,FALSE,0,already_paired
289609602,2,4,1,TRUE,FALSE,FALSE,3,other
289609660,2,2,1,TRUE,FALSE,FALSE,1,other
289609882,2,2,1,TRUE,FALSE,FALSE,1,other
289610138,5,6,3,FALSE,FALSE,FALSE,4,still_orphaned
289610509,1,1,1,FALSE,TRUE,TRUE,1,completed
289610562,1,2,1,FALSE,FALSE,TRUE,2,still_orphaned
289610601,1,3,1,FALSE,FALSE,TRUE,3,still_orphaned
289610772,2,4,1,TRUE,FALSE,FALSE,3,other
289610782,1,0,1,FALSE,FALSE,TRUE,0,still_orphaned
289610806,2,2,1,TRUE,FALSE,FALSE,1,other
289611023,1,0,1,FALSE,FALSE,TRUE,0,still_orphaned
289611067,2,3,1,TRUE,FALSE,FALSE,2,other
289611077,1,0,1,FALSE,FALSE,TRUE,0,still_orphaned
289611567,2,1,1,TRUE,TRUE,FALSE,0,already_paired
289611860,4,4,2,TRUE,FALSE,FALSE,2,other
289611926,3,2,2,FALSE,TRUE,FALSE,1,completed
289612036,2,2,1,TRUE,FALSE,FALSE,1,other
289612122,3,6,2,FALSE,FALSE,FALSE,5,still_orphaned
289612249,3,6,2,FALSE,FALSE,FALSE,5,still_orphaned
289612265,1,3,1,FALSE,FALSE,TRUE,3,still_orphaned
289612334,3,3,2,FALSE,FALSE,FALSE,2,still_orphaned
289612463,1,3,1,FALSE,FALSE,TRUE,3,still_orphaned
289612759,3,5,2,FALSE,FALSE,FALSE,4,still_orphaned
289612829,4,3,2,TRUE,FALSE,FALSE,1,other
289612830,3,3,2,FALSE,FALSE,FALSE,2,still_orphaned
289613264,6,4,3,TRUE,FALSE,FALSE,1,other
289613505,2,2,1,TRUE,FALSE,FALSE,1,other
289613585,2,2,1,TRUE,FALSE,FALSE,1,other
289613669,5,6,3,FALSE,FALSE,FALSE,4,still_orphaned
289613770,5,2,3,FALSE,FALSE,FALSE,0,still_orphaned
289613888,5,5,3,FALSE,FALSE,FALSE,3,still_orphaned
289614003,1,0,1,FALSE,FALSE,TRUE,0,still_orphaned
289614129,1,3,1,FALSE,FALSE,TRUE,3,still_orphaned
289614391,2,1,1,TRUE,TRUE,FALSE,0,already_paired
289614442,3,2,2,FALSE,TRUE,FALSE,1,completed
289614476,4,2,2,TRUE,TRUE,FALSE,0,already_paired
289614547,2,2,1,TRUE,FALSE,FALSE,1,other
289614561,2,2,1,TRUE,FALSE,FALSE,1,other
289614693,2,2,1,TRUE,FALSE,FALSE,1,other
289614962,1,2,1,FALSE,FALSE,TRUE,2,still_orphaned
289615103,1,0,1,FALSE,FALSE,TRUE,0,still_orphaned
289615643,3,5,2,FALSE,FALSE,FALSE,4,still_orphaned
289639704,3,2,2,FALSE,TRUE,FALSE,1,completed
289639875,1,3,1,FALSE,FALSE,TRUE,3,still_orphaned
289640219,1,2,1,FALSE,FALSE,TRUE,2,still_orphaned
289640536,2,1,1,TRUE,TRUE,FALSE,0,already_paired
289640609,1,0,1,FALSE,FALSE,TRUE,0,still_orphaned
289640755,1,1,1,FALSE,TRUE,TRUE,1,completed
289640807,2,3,1,TRUE,FALSE,FALSE,2,other
289641213,4,2,2,TRUE,TRUE,FALSE,0,already_paired
289641521,2,2,1,TRUE,FALSE,FALSE,1,other
289641591,2,3,1,TRUE,FALSE,FALSE,2,other
289641664,1,0,1,FALSE,FALSE,TRUE,0,still_orphaned
289641792,1,0,1,FALSE,FALSE,TRUE,0,still_orphaned
289641806,2,1,1,TRUE,TRUE,FALSE,0,already_paired
289641879,5,4,3,FALSE,FALSE,FALSE,2,still_orphaned
289641939,1,0,1,FALSE,FALSE,TRUE,0,still_orphaned
289642364,2,2,1,TRUE,FALSE,FALSE,1,other
289642408,2,1,1,TRUE,TRUE,FALSE,0,already_paired
289642478,1,2,1,FALSE,FALSE,TRUE,2,still_orphaned
289642518,2,3,1,TRUE,FALSE,FALSE,2,other
289642551,1,2,1,FALSE,FALSE,TRUE,2,still_orphaned
289642583,2,1,1,TRUE,TRUE,FALSE,0,already_paired
289642666,5,6,3,FALSE,FALSE,FALSE,4,still_orphaned
289642865,1,4,1,FALSE,FALSE,TRUE,4,still_orphaned
289642895,6,6,3,TRUE,FALSE,FALSE,3,other
289642976,3,3,2,FALSE,FALSE,FALSE,2,still_orphaned
289643165,3,3,2,FALSE,FALSE,FALSE,2,still_orphaned
289643321,3,5,2,FALSE,FALSE,FALSE,4,still_orphaned
289643593,4,5,2,TRUE,FALSE,FALSE,3,other
289643670,4,3,2,TRUE,FALSE,FALSE,1,other
289643864,1,0,1,FALSE,FALSE,TRUE,0,still_orphaned
289643865,2,1,1,TRUE,TRUE,FALSE,0,already_paired
289643945,2,2,1,TRUE,FALSE,FALSE,1,other
289644210,2,3,1,TRUE,FALSE,FALSE,2,other
289644213,4,5,2,TRUE,FALSE,FALSE,3,other
289644217,2,3,1,TRUE,FALSE,FALSE,2,other
289644327,2,1,1,TRUE,TRUE,FALSE,0,already_paired
289644443,1,0,1,FALSE,FALSE,TRUE,0,still_orphaned
289644664,7,5,4,FALSE,FALSE,FALSE,2,still_orphaned
289644737,3,2,2,FALSE,TRUE,FALSE,1,completed
289644769,2,2,1,TRUE,FALSE,FALSE,1,other
289644837,6,5,3,TRUE,FALSE,FALSE,2,other
289645295,2,1,1,TRUE,TRUE,FALSE,0,already_paired
289645341,1,2,1,FALSE,FALSE,TRUE,2,still_orphaned
289645349,1,2,1,FALSE,FALSE,TRUE,2,still_orphaned
289645503,3,5,2,FALSE,FALSE,FALSE,4,still_orphaned
289645624,1,2,1,FALSE,FALSE,TRUE,2,still_orphaned
289645998,2,2,1,TRUE,FALSE,FALSE,1,other
289646304,2,1,1,TRUE,TRUE,FALSE,0,already_paired
289646311,3,2,2,FALSE,TRUE,FALSE,1,completed
289646775,6,6,3,TRUE,FALSE,FALSE,3,other
289646780,3,5,2,FALSE,FALSE,FALSE,4,still_orphaned
289646979,1,2,1,FALSE,FALSE,TRUE,2,still_orphaned
289647276,2,1,1,TRUE,TRUE,FALSE,0,already_paired
289647333,6,4,3,TRUE,FALSE,FALSE,1,other
289647493,3,4,2,FALSE,FALSE,FALSE,3,still_orphaned
289647660,2,2,1,TRUE,FALSE,FALSE,1,other
289647690,1,0,1,FALSE,FALSE,TRUE,0,still_orphaned
289647993,4,5,2,TRUE,FALSE,FALSE,3,other
289648074,2,1,1,TRUE,TRUE,FALSE,0,already_paired
289648123,2,3,1,TRUE,FALSE,FALSE,2,other
289648213,1,2,1,FALSE,FALSE,TRUE,2,still_orphaned
289648289,3,2,2,FALSE,TRUE,FALSE,1,completed
289648364,2,1,1,TRUE,TRUE,FALSE,0,already_paired
289648487,2,2,1,TRUE,FALSE,FALSE,1,other
289648567,2,1,1,TRUE,TRUE,FALSE,0,already_paired
289648644,1,0,1,FALSE,FALSE,TRUE,0,still_orphaned
289648810,1,0,1,FALSE,FALSE,TRUE,0,still_orphaned
289648937,2,2,1,TRUE,FALSE,FALSE,1,other
289649052,4,5,2,TRUE,FALSE,FALSE,3,other
289649059,3,3,2,FALSE,FALSE,FALSE,2,still_orphaned
289649219,3,3,2,FALSE,FALSE,FALSE,2,still_orphaned
289649271,3,5,2,FALSE,FALSE,FALSE,4,still_orphaned
289649760,2,2,1,TRUE,FALSE,FALSE,1,other
289649793,3,4,2,FALSE,FALSE,FALSE,3,still_orphaned
289649799,2,3,1,TRUE,FALSE,FALSE,2,other
289649823,3,5,2,FALSE,FALSE,FALSE,4,still_orphaned
289649992,3,2,2,FALSE,TRUE,FALSE,1,completed
289650024,3,2,2,FALSE,TRUE,FALSE,1,completed
289650205,3,6,2,FALSE,FALSE,FALSE,5,still_orphaned
289650597,3,1,2,FALSE,FALSE,FALSE,0,still_orphaned
289650949,2,2,1,TRUE,FALSE,FALSE,1,other
289651012,3,3,2,FALSE,FALSE,FALSE,2,still_orphaned
289651562,6,5,3,TRUE,FALSE,FALSE,2,other
289651613,2,3,1,TRUE,FALSE,FALSE,2,other
289651797,4,3,2,TRUE,FALSE,FALSE,1,other
289651834,3,3,2,FALSE,FALSE,FALSE,2,still_orphaned
289652210,1,0,1,FALSE,FALSE,TRUE,0,still_orphaned
289652252,2,2,1,TRUE,FALSE,FALSE,1,other
289652283,1,3,1,FALSE,FALSE,TRUE,3,still_orphaned
289652354,2,1,1,TRUE,TRUE,FALSE,0,already_paired
289652518,3,2,2,FALSE,TRUE,FALSE,1,completed
289652721,1,2,1,FALSE,FALSE,TRUE,2,still_orphaned
289653798,7,6,4,FALSE,FALSE,FALSE,3,still_orphaned
289653821,1,2,1,FALSE,FALSE,TRUE,2,still_orphaned
289653914,1,0,1,FALSE,FALSE,TRUE,0,still_orphaned
289653933,4,5,2,TRUE,FALSE,FALSE,3,other
289653989,1,0,1,FALSE,FALSE,TRUE,0,still_orphaned
289654248,6,5,3,TRUE,FALSE,FALSE,2,other
289654455,4,4,2,TRUE,FALSE,FALSE,2,other
289654499,2,2,1,TRUE,FALSE,FALSE,1,other
289654717,1,0,1,FALSE,FALSE,TRUE,0,still_orphaned
289654833,1,3,1,FALSE,FALSE,TRUE,3,still_orphaned
289654957,5,3,3,FALSE,TRUE,FALSE,1,completed
289655038,2,2,1,TRUE,FALSE,FALSE,1,other
289655045,2,2,1,TRUE,FALSE,FALSE,1,other
289655142,3,3,2,FALSE,FALSE,FALSE,2,still_orphaned
289655309,7,7,4,FALSE,FALSE,FALSE,4,still_orphaned
289655366,3,4,2,FALSE,FALSE,FALSE,3,still_orphaned
289655457,8,6,4,TRUE,FALSE,FALSE,2,other
289656003,1,0,1,FALSE,FALSE,TRUE,0,still_orphaned
289656016,3,3,2,FALSE,FALSE,FALSE,2,still_orphaned
289656130,1,3,1,FALSE,FALSE,TRUE,3,still_orphaned
289656249,2,1,1,TRUE,TRUE,FALSE,0,already_paired
289656301,2,1,1,TRUE,TRUE,FALSE,0,already_paired
289656363,3,3,2,FALSE,FALSE,FALSE,2,still_orphaned
289656575,1,0,1,FALSE,FALSE,TRUE,0,still_orphaned
289656671,2,2,1,TRUE,FALSE,FALSE,1,other
289656751,1,3,1,FALSE,FALSE,TRUE,3,still_orphaned
289657117,1,3,1,FALSE,FALSE,TRUE,3,still_orphaned
289657284,4,5,2,TRUE,FALSE,FALSE,3,other
289657381,4,3,2,TRUE,FALSE,FALSE,1,other
289657615,5,4,3,FALSE,FALSE,FALSE,2,still_orphaned
289657723,2,1,1,TRUE,TRUE,FALSE,0,already_paired
289657768,3,3,2,FALSE,FALSE,FALSE,2,still_orphaned
289657946,3,2,2,FALSE,TRUE,FALSE,1,completed
289658239,2,2,1,TRUE,FALSE,FALSE,1,other
289658393,3,3,2,FALSE,FALSE,FALSE,2,still_orphaned
289658581,3,5,2,FALSE,FALSE,FALSE,4,still_orphaned
289658765,2,3,1,TRUE,FALSE,FALSE,2,other
289658860,1,2,1,FALSE,FALSE,TRUE,2,still_orphaned
289658869,1,2,1,FALSE,FALSE,TRUE,2,still_orphaned
289658914,1,3,1,FALSE,FALSE,TRUE,3,still_orphaned
289658934,4,4,2,TRUE,FALSE,FALSE,2,other
289658949,4,3,2,TRUE,FALSE,FALSE,1,other
289659051,3,2,2,FALSE,TRUE,FALSE,1,completed
289659138,2,2,1,TRUE,FALSE,FALSE,1,other
289659797,1,2,1,FALSE,FALSE,TRUE,2,still_orphaned
289660130,4,5,2,TRUE,FALSE,FALSE,3,other
289660175,2,4,1,TRUE,FALSE,FALSE,3,other
289660403,2,3,1,TRUE,FALSE,FALSE,2,other
289660448,7,6,4,FALSE,FALSE,FALSE,3,still_orphaned
289660683,4,4,2,TRUE,FALSE,FALSE,2,other
289660726,4,5,2,TRUE,FALSE,FALSE,3,other
289660886,3,5,2,FALSE,FALSE,FALSE,4,still_orphaned
289661053,1,2,1,FALSE,FALSE,TRUE,2,still_orphaned
289661282,3,3,2,FALSE,FALSE,FALSE,2,still_orphaned
289661288,1,1,1,FALSE,TRUE,TRUE,1,completed
289661648,3,2,2,FALSE,TRUE,FALSE,1,completed
289661676,1,0,1,FALSE,FALSE,TRUE,0,still_orphaned
289661834,1,3,1,FALSE,FALSE,TRUE,3,still_orphaned
289662280,2,1,1,TRUE,TRUE,FALSE,0,already_paired
289662325,2,2,1,TRUE,FALSE,FALSE,1,other
289662488,2,1,1,TRUE,TRUE,FALSE,0,already_paired
289662830,2,2,1,TRUE,FALSE,FALSE,1,other
289662895,2,2,1,TRUE,FALSE,FALSE,1,other
289662981,1,1,1,FALSE,TRUE,TRUE,1,completed
289663057,1,2,1,FALSE,FALSE,TRUE,2,still_orphaned
289663178,4,4,2,TRUE,FALSE,FALSE,2,other
289663420,4,5,2,TRUE,FALSE,FALSE,3,other
289663529,3,3,2,FALSE,FALSE,FALSE,2,still_orphaned
289663636,3,2,2,FALSE,TRUE,FALSE,1,completed
289663864,4,4,2,TRUE,FALSE,FALSE,2,other
289663876,2,2,1,TRUE,FALSE,FALSE,1,other
289663915,1,0,1,FALSE,FALSE,TRUE,0,still_orphaned
289664205,1,0,1,FALSE,FALSE,TRUE,0,still_orphaned
289664269,1,0,1,FALSE,FALSE,TRUE,0,still_orphaned
289664303,1,2,1,FALSE,FALSE,TRUE,2,still_orphaned
289664612,5,2,3,FALSE,FALSE,FALSE,0,still_orphaned
289664688,4,5,2,TRUE,FALSE,FALSE,3,other
289664792,1,2,1,FALSE,FALSE,TRUE,2,still_orphaned
289664901,1,0,1,FALSE,FALSE,TRUE,0,still_orphaned
289664991,1,0,1,FALSE,FALSE,TRUE,0,still_orphaned
289665096,3,4,2,FALSE,FALSE,FALSE,3,still_orphaned
289665127,1,2,1,FALSE,FALSE,TRUE,2,still_orphaned
289665254,1,0,1,FALSE,FALSE,TRUE,0,still_orphaned
289665272,3,6,2,FALSE,FALSE,FALSE,5,still_orphaned
289665359,2,1,1,TRUE,TRUE,FALSE,0,already_paired
289665409,5,4,3,FALSE,FALSE,FALSE,2,still_orphaned
289665441,5,4,3,FALSE,FALSE,FALSE,2,still_orphaned
289665443,3,5,2,FALSE,FALSE,FALSE,4,still_orphaned
289665448,2,2,1,TRUE,FALSE,FALSE,1,other
289665605,5,6,3,FALSE,FALSE,FALSE,4,still_orphaned
289665773,3,1,2,FALSE,FALSE,FALSE,0,still_orphaned
289665932,3,3,2,FALSE,FALSE,FALSE,2,still_orphaned
289665997,1,0,1,FALSE,FALSE,TRUE,0,still_orphaned
289665999,3,5,2,FALSE,FALSE,FALSE,4,still_orphaned
289666231,1,0,1,FALSE,FALSE,TRUE,0,still_orphaned
289666414,2,3,1,TRUE,FALSE,FALSE,2,other
289666549,3,1,2,FALSE,FALSE,FALSE,0,still_orphaned
289666588,1,0,1,FALSE,FALSE,TRUE,0,still_orphaned
289666672,2,2,1,TRUE,FALSE,FALSE,1,other
289666954,4,5,2,TRUE,FALSE,FALSE,3,other
289666970,1,0,1,FALSE,FALSE,TRUE,0,still_orphaned
289666973,1,1,1,FALSE,TRUE,TRUE,1,completed
289667207,3,3,2,FALSE,FALSE,FALSE,2,still_orphaned
289667258,2,1,1,TRUE,TRUE,FALSE,0,already_paired
289667877,1,0,1,FALSE,FALSE,TRUE,0,still_orphaned
289668149,3,3,2,FALSE,FALSE,FALSE,2,still_orphaned
289668364,2,3,1,TRUE,FALSE,FALSE,2,other
289668541,2,4,1,TRUE,FALSE,FALSE,3,other
289668558,1,2,1,FALSE,FALSE,TRUE,2,still_orphaned
289668675,2,4,1,TRUE,FALSE,FALSE,3,other
289668801,2,3,1,TRUE,FALSE,FALSE,2,other
289669091,3,2,2,FALSE,TRUE,FALSE,1,completed
289669175,1,2,1,FALSE,FALSE,TRUE,2,still_orphaned
289669357,2,2,1,TRUE,FALSE,FALSE,1,other
289669556,2,4,1,TRUE,FALSE,FALSE,3,other
289669557,5,2,3,FALSE,FALSE,FALSE,0,still_orphaned
289669857,1,2,1,FALSE,FALSE,TRUE,2,still_orphaned
289669973,4,3,2,TRUE,FALSE,FALSE,1,other
289670022,2,2,1,TRUE,FALSE,FALSE,1,other
289670045,4,5,2,TRUE,FALSE,FALSE,3,other
289670049,3,2,2,FALSE,TRUE,FALSE,1,completed
289670186,2,2,1,TRUE,FALSE,FALSE,1,other
289670211,1,2,1,FALSE,FALSE,TRUE,2,still_orphaned
289670267,1,0,1,FALSE,FALSE,TRUE,0,still_orphaned
289670591,5,3,3,FALSE,TRUE,FALSE,1,completed
289670714,1,2,1,FALSE,FALSE,TRUE,2,still_orphaned
289670852,1,2,1,FALSE,FALSE,TRUE,2,still_orphaned
289671128,3,3,2,FALSE,FALSE,FALSE,2,still_orphaned
289671204,3,1,2,FALSE,FALSE,FALSE,0,still_orphaned
289696449,1,3,1,FALSE,FALSE,TRUE,3,still_orphaned
289697480,1,0,1,FALSE,FALSE,TRUE,0,still_orphaned
289697726,1,0,1,FALSE,FALSE,TRUE,0,still_orphaned
289697854,3,1,2,FALSE,FALSE,FALSE,0,still_orphaned
289698366,3,3,2,FALSE,FALSE,FALSE,2,still_orphaned
289698500,3,4,2,FALSE,FALSE,FALSE,3,still_orphaned
289698918,4,4,2,TRUE,FALSE,FALSE,2,other
289698928,4,4,2,TRUE,FALSE,FALSE,2,other
289698932,5,4,3,FALSE,FALSE,FALSE,2,still_orphaned
289699330,4,4,2,TRUE,FALSE,FALSE,2,other
289699341,3,2,2,FALSE,TRUE,FALSE,1,completed
289699444,4,4,2,TRUE,FALSE,FALSE,2,other
289699630,1,0,1,FALSE,FALSE,TRUE,0,still_orphaned
289699633,6,6,3,TRUE,FALSE,FALSE,3,other
289700080,3,4,2,FALSE,FALSE,FALSE,3,still_orphaned
289700099,2,2,1,TRUE,FALSE,FALSE,1,other
289700124,4,5,2,TRUE,FALSE,FALSE,3,other
289700131,4,3,2,TRUE,FALSE,FALSE,1,other
289700282,3,2,2,FALSE,TRUE,FALSE,1,completed
289700321,1,4,1,FALSE,FALSE,TRUE,4,still_orphaned
289700461,1,4,1,FALSE,FALSE,TRUE,4,still_orphaned
289700541,2,1,1,TRUE,TRUE,FALSE,0,already_paired
289700644,4,3,2,TRUE,FALSE,FALSE,1,other
289700663,4,2,2,TRUE,TRUE,FALSE,0,already_paired
289700765,2,1,1,TRUE,TRUE,FALSE,0,already_paired
289701010,5,6,3,FALSE,FALSE,FALSE,4,still_orphaned
289701339,7,6,4,FALSE,FALSE,FALSE,3,still_orphaned
289701346,1,2,1,FALSE,FALSE,TRUE,2,still_orphaned
289701462,2,2,1,TRUE,FALSE,FALSE,1,other
289701528,3,3,2,FALSE,FALSE,FALSE,2,still_orphaned
289701651,1,0,1,FALSE,FALSE,TRUE,0,still_orphaned
289701915,2,2,1,TRUE,FALSE,FALSE,1,other
289701918,4,4,2,TRUE,FALSE,FALSE,2,other
289701978,5,3,3,FALSE,TRUE,FALSE,1,completed
289701999,1,0,1,FALSE,FALSE,TRUE,0,still_orphaned
289702193,2,3,1,TRUE,FALSE,FALSE,2,other
289702219,3,3,2,FALSE,FALSE,FALSE,2,still_orphaned
289702372,6,4,3,TRUE,FALSE,FALSE,1,other
289702499,1,0,1,FALSE,FALSE,TRUE,0,still_orphaned
289702544,4,4,2,TRUE,FALSE,FALSE,2,other
289702590,2,2,1,TRUE,FALSE,FALSE,1,other
289702975,3,2,2,FALSE,TRUE,FALSE,1,completed
289703036,1,2,1,FALSE,FALSE,TRUE,2,still_orphaned
289703239,2,4,1,TRUE,FALSE,FALSE,3,other
289703344,2,2,1,TRUE,FALSE,FALSE,1,other
289703422,1,0,1,FALSE,FALSE,TRUE,0,still_orphaned
289703931,2,2,1,TRUE,FALSE,FALSE,1,other
289703950,2,2,1,TRUE,FALSE,FALSE,1,other
289703956,2,1,1,TRUE,TRUE,FALSE,0,already_paired
289704326,2,2,1,TRUE,FALSE,FALSE,1,other
289704366,2,2,1,TRUE,FALSE,FALSE,1,other
289704396,5,7,3,FALSE,FALSE,FALSE,5,still_orphaned
289704438,2,2,1,TRUE,FALSE,FALSE,1,other
289704482,6,6,3,TRUE,FALSE,FALSE,3,other
289704652,2,1,1,TRUE,TRUE,FALSE,0,already_paired
289704987,1,0,1,FALSE,FALSE,TRUE,0,still_orphaned
289705061,2,2,1,TRUE,FALSE,FALSE,1,other
289705081,4,4,2,TRUE,FALSE,FALSE,2,other
289705311,5,4,3,FALSE,FALSE,FALSE,2,still_orphaned
289705348,1,2,1,FALSE,FALSE,TRUE,2,still_orphaned
289705435,4,5,2,TRUE,FALSE,FALSE,3,other
289705543,2,2,1,TRUE,FALSE,FALSE,1,other
289705576,3,1,2,FALSE,FALSE,FALSE,0,still_orphaned
289705692,2,3,1,TRUE,FALSE,FALSE,2,other
289705726,4,5,2,TRUE,FALSE,FALSE,3,other
289706215,4,4,2,TRUE,FALSE,FALSE,2,other
289706430,5,5,3,FALSE,FALSE,FALSE,3,still_orphaned
289706506,2,1,1,TRUE,TRUE,FALSE,0,already_paired
289706561,1,4,1,FALSE,FALSE,TRUE,4,still_orphaned
289706745,7,5,4,FALSE,FALSE,FALSE,2,still_orphaned
289706813,3,3,2,FALSE,FALSE,FALSE,2,still_orphaned
289707067,3,3,2,FALSE,FALSE,FALSE,2,still_orphaned
289707134,4,2,2,TRUE,TRUE,FALSE,0,already_paired
289707190,2,3,1,TRUE,FALSE,FALSE,2,other
289707568,2,3,1,TRUE,FALSE,FALSE,2,other
289707784,2,2,1,TRUE,FALSE,FALSE,1,other
289708036,2,2,1,TRUE,FALSE,FALSE,1,other
289708164,1,2,1,FALSE,FALSE,TRUE,2,still_orphaned
289708390,1,0,1,FALSE,FALSE,TRUE,0,still_orphaned
289708541,2,2,1,TRUE,FALSE,FALSE,1,other
289708561,3,3,2,FALSE,FALSE,FALSE,2,still_orphaned
289708730,1,2,1,FALSE,FALSE,TRUE,2,still_orphaned
289708865,4,5,2,TRUE,FALSE,FALSE,3,other
289708997,2,1,1,TRUE,TRUE,FALSE,0,already_paired
289709138,3,5,2,FALSE,FALSE,FALSE,4,still_orphaned
289709284,2,1,1,TRUE,TRUE,FALSE,0,already_paired
289709447,2,2,1,TRUE,FALSE,FALSE,1,other
289709572,7,6,4,FALSE,FALSE,FALSE,3,still_orphaned
289709648,5,3,3,FALSE,TRUE,FALSE,1,completed
289709713,1,0,1,FALSE,FALSE,TRUE,0,still_orphaned
289709715,6,4,3,TRUE,FALSE,FALSE,1,other
289709890,2,1,1,TRUE,TRUE,FALSE,0,already_paired
289709916,4,4,2,TRUE,FALSE,FALSE,2,other
289710176,4,4,2,TRUE,FALSE,FALSE,2,other
289710309,1,0,1,FALSE,FALSE,TRUE,0,still_orphaned
289710576,9,5,5,FALSE,TRUE,FALSE,1,completed
289710626,7,5,4,FALSE,FALSE,FALSE,2,still_orphaned
289710804,3,2,2,FALSE,TRUE,FALSE,1,completed
289711558,2,3,1,TRUE,FALSE,FALSE,2,other
289711599,3,4,2,FALSE,FALSE,FALSE,3,still_orphaned
289711634,1,0,1,FALSE,FALSE,TRUE,0,still_orphaned
289711811,2,2,1,TRUE,FALSE,FALSE,1,other
289712069,3,2,2,FALSE,TRUE,FALSE,1,completed
289712182,5,6,3,FALSE,FALSE,FALSE,4,still_orphaned
289712299,1,0,1,FALSE,FALSE,TRUE,0,still_orphaned
289712300,5,4,3,FALSE,FALSE,FALSE,2,still_orphaned
289712360,4,4,2,TRUE,FALSE,FALSE,2,other
289712690,1,0,1,FALSE,FALSE,TRUE,0,still_orphaned
289712692,4,5,2,TRUE,FALSE,FALSE,3,other
289712867,5,3,3,FALSE,TRUE,FALSE,1,completed
289712898,1,0,1,FALSE,FALSE,TRUE,0,still_orphaned
289713122,5,4,3,FALSE,FALSE,FALSE,2,still_orphaned
289713569,2,2,1,TRUE,FALSE,FALSE,1,other
289713729,4,3,2,TRUE,FALSE,FALSE,1,other
289713893,4,5,2,TRUE,FALSE,FALSE,3,other
289713949,2,4,1,TRUE,FALSE,FALSE,3,other
289714139,1,0,1,FALSE,FALSE,TRUE,0,still_orphaned
289714383,2,1,1,TRUE,TRUE,FALSE,0,already_paired
289715029,3,2,2,FALSE,TRUE,FALSE,1,completed
289715075,3,4,2,FALSE,FALSE,FALSE,3,still_orphaned
289715105,4,3,2,TRUE,FALSE,FALSE,1,other
289715119,7,7,4,FALSE,FALSE,FALSE,4,still_orphaned
289715531,5,6,3,FALSE,FALSE,FALSE,4,still_orphaned
289715543,2,2,1,TRUE,FALSE,FALSE,1,other
289715641,1,0,1,FALSE,FALSE,TRUE,0,still_orphaned
289715793,1,0,1,FALSE,FALSE,TRUE,0,still_orphaned
289715824,1,0,1,FALSE,FALSE,TRUE,0,still_orphaned
289715929,1,0,1,FALSE,FALSE,TRUE,0,still_orphaned
289715955,2,3,1,TRUE,FALSE,FALSE,2,other
289716137,1,0,1,FALSE,FALSE,TRUE,0,still_orphaned
289716176,5,5,3,FALSE,FALSE,FALSE,3,still_orphaned
289716242,1,2,1,FALSE,FALSE,TRUE,2,still_orphaned
289716517,6,5,3,TRUE,FALSE,FALSE,2,other
289716550,2,2,1,TRUE,FALSE,FALSE,1,other
289716590,1,0,1,FALSE,FALSE,TRUE,0,still_orphaned
289716849,3,6,2,FALSE,FALSE,FALSE,5,still_orphaned
289717180,2,2,1,TRUE,FALSE,FALSE,1,other
289717491,1,3,1,FALSE,FALSE,TRUE,3,still_orphaned
289717502,3,3,2,FALSE,FALSE,FALSE,2,still_orphaned
289717602,4,5,2,TRUE,FALSE,FALSE,3,other
289717697,3,6,2,FALSE,FALSE,FALSE,5,still_orphaned
289718035,6,4,3,TRUE,FALSE,FALSE,1,other
289718110,2,3,1,TRUE,FALSE,FALSE,2,other
289718181,1,2,1,FALSE,FALSE,TRUE,2,still_orphaned
289718447,2,2,1,TRUE,FALSE,FALSE,1,other
289718586,2,3,1,TRUE,FALSE,FALSE,2,other
289718723,5,3,3,FALSE,TRUE,FALSE,1,completed
289718760,3,2,2,FALSE,TRUE,FALSE,1,completed
289718830,5,4,3,FALSE,FALSE,FALSE,2,still_orphaned
289718859,4,4,2,TRUE,FALSE,FALSE,2,other
289719108,3,4,2,FALSE,FALSE,FALSE,3,still_orphaned
289719303,5,5,3,FALSE,FALSE,FALSE,3,still_orphaned
289719322,5,7,3,FALSE,FALSE,FALSE,5,still_orphaned
289719387,3,2,2,FALSE,TRUE,FALSE,1,completed
289719546,4,4,2,TRUE,FALSE,FALSE,2,other
289720066,3,2,2,FALSE,TRUE,FALSE,1,completed
289720228,3,1,2,FALSE,FALSE,FALSE,0,still_orphaned
289720269,3,1,2,FALSE,FALSE,FALSE,0,still_orphaned
289720451,2,2,1,TRUE,FALSE,FALSE,1,other
289720455,1,0,1,FALSE,FALSE,TRUE,0,still_orphaned
289720814,3,4,2,FALSE,FALSE,FALSE,3,still_orphaned
289720840,1,2,1,FALSE,FALSE,TRUE,2,still_orphaned
289721077,5,5,3,FALSE,FALSE,FALSE,3,still_orphaned
289721101,5,5,3,FALSE,FALSE,FALSE,3,still_orphaned
289721166,1,0,1,FALSE,FALSE,TRUE,0,still_orphaned
289721251,3,4,2,FALSE,FALSE,FALSE,3,still_orphaned
289721599,7,5,4,FALSE,FALSE,FALSE,2,still_orphaned
289721634,4,3,2,TRUE,FALSE,FALSE,1,other
289721673,1,0,1,FALSE,FALSE,TRUE,0,still_orphaned
289721883,2,2,1,TRUE,FALSE,FALSE,1,other
289722082,3,3,2,FALSE,FALSE,FALSE,2,still_orphaned
289722083,3,5,2,FALSE,FALSE,FALSE,4,still_orphaned
289722165,3,5,2,FALSE,FALSE,FALSE,4,still_orphaned
289722316,3,4,2,FALSE,FALSE,FALSE,3,still_orphaned
289722612,2,2,1,TRUE,FALSE,FALSE,1,other
289722707,2,2,1,TRUE,FALSE,FALSE,1,other
289722768,5,2,3,FALSE,FALSE,FALSE,0,still_orphaned
289722942,3,3,2,FALSE,FALSE,FALSE,2,still_orphaned
289723037,3,3,2,FALSE,FALSE,FALSE,2,still_orphaned
289723174,5,5,3,FALSE,FALSE,FALSE,3,still_orphaned
289723197,3,2,2,FALSE,TRUE,FALSE,1,completed
289723244,3,4,2,FALSE,FALSE,FALSE,3,still_orphaned
289723246,5,5,3,FALSE,FALSE,FALSE,3,still_orphaned
289723311,4,2,2,TRUE,TRUE,FALSE,0,already_paired
289724031,1,2,1,FALSE,FALSE,TRUE,2,still_orphaned
289724172,3,3,2,FALSE,FALSE,FALSE,2,still_orphaned
289724372,3,3,2,FALSE,FALSE,FALSE,2,still_orphaned
289724373,3,2,2,FALSE,TRUE,FALSE,1,completed
289724406,1,0,1,FALSE,FALSE,TRUE,0,still_orphaned
289724556,4,4,2,TRUE,FALSE,FALSE,2,other
289724620,3,5,2,FALSE,FALSE,FALSE,4,still_orphaned
289724650,1,2,1,FALSE,FALSE,TRUE,2,still_orphaned
289724964,1,2,1,FALSE,FALSE,TRUE,2,still_orphaned
289725050,2,2,1,TRUE,FALSE,FALSE,1,other
289725296,4,5,2,TRUE,FALSE,FALSE,3,other
289725468,3,2,2,FALSE,TRUE,FALSE,1,completed
289725652,2,2,1,TRUE,FALSE,FALSE,1,other
289725807,3,3,2,FALSE,FALSE,FALSE,2,still_orphaned
289725942,6,5,3,TRUE,FALSE,FALSE,2,other
289726302,7,6,4,FALSE,FALSE,FALSE,3,still_orphaned
289726310,2,3,1,TRUE,FALSE,FALSE,2,other
289726646,1,0,1,FALSE,FALSE,TRUE,0,still_orphaned
289726725,5,4,3,FALSE,FALSE,FALSE,2,still_orphaned
289726782,5,6,3,FALSE,FALSE,FALSE,4,still_orphaned
289727192,1,0,1,FALSE,FALSE,TRUE,0,still_orphaned
289727226,2,3,1,TRUE,FALSE,FALSE,2,other
289727513,3,1,2,FALSE,FALSE,FALSE,0,still_orphaned
289727764,2,2,1,TRUE,FALSE,FALSE,1,other
289727795,2,3,1,TRUE,FALSE,FALSE,2,other
289727801,2,2,1,TRUE,FALSE,FALSE,1,other
289727824,2,4,1,TRUE,FALSE,FALSE,3,other
289728380,1,2,1,FALSE,FALSE,TRUE,2,still_orphaned
289728578,3,6,2,FALSE,FALSE,FALSE,5,still_orphaned
289728675,1,2,1,FALSE,FALSE,TRUE,2,still_orphaned
289728692,2,4,1,TRUE,FALSE,FALSE,3,other
289728765,4,5,2,TRUE,FALSE,FALSE,3,other
289729608,5,5,3,FALSE,FALSE,FALSE,3,still_orphaned
289729769,2,2,1,TRUE,FALSE,FALSE,1,other
289734042,2,2,1,TRUE,FALSE,FALSE,1,other
289734345,3,1,2,FALSE,FALSE,FALSE,0,still_orphaned
289734430,3,2,2,FALSE,TRUE,FALSE,1,completed
289734867,1,1,1,FALSE,TRUE,TRUE,1,completed
289735052,1,3,1,FALSE,FALSE,TRUE,3,still_orphaned
289735132,4,3,2,TRUE,FALSE,FALSE,1,other
289735797,1,0,1,FALSE,FALSE,TRUE,0,still_orphaned
289736122,3,3,2,FALSE,FALSE,FALSE,2,still_orphaned
289736233,3,5,2,FALSE,FALSE,FALSE,4,still_orphaned
289736270,1,2,1,FALSE,FALSE,TRUE,2,still_orphaned
289736446,4,5,2,TRUE,FALSE,FALSE,3,other
289736462,1,2,1,FALSE,FALSE,TRUE,2,still_orphaned
289736490,2,2,1,TRUE,FALSE,FALSE,1,other
289736499,6,5,3,TRUE,FALSE,FALSE,2,other
289736500,3,3,2,FALSE,FALSE,FALSE,2,still_orphaned
289736513,4,4,2,TRUE,FALSE,FALSE,2,other
289736589,5,3,3,FALSE,TRUE,FALSE,1,completed
289736629,2,3,1,TRUE,FALSE,FALSE,2,other
289736719,2,1,1,TRUE,TRUE,FALSE,0,already_paired
289736884,1,2,1,FALSE,FALSE,TRUE,2,still_orphaned
289736984,1,2,1,FALSE,FALSE,TRUE,2,still_orphaned
289736985,3,5,2,FALSE,FALSE,FALSE,4,still_orphaned
289737514,4,3,2,TRUE,FALSE,FALSE,1,other
289737533,4,5,2,TRUE,FALSE,FALSE,3,other
289737601,3,5,2,FALSE,FALSE,FALSE,4,still_orphaned
289737777,3,2,2,FALSE,TRUE,FALSE,1,completed
289737811,5,7,3,FALSE,FALSE,FALSE,5,still_orphaned
289737857,8,6,4,TRUE,FALSE,FALSE,2,other
289737934,1,0,1,FALSE,FALSE,TRUE,0,still_orphaned
289738300,3,2,2,FALSE,TRUE,FALSE,1,completed
289738311,4,5,2,TRUE,FALSE,FALSE,3,other
289738433,6,4,3,TRUE,FALSE,FALSE,1,other
289738484,1,2,1,FALSE,FALSE,TRUE,2,still_orphaned
289738580,4,3,2,TRUE,FALSE,FALSE,1,other
289738781,6,4,3,TRUE,FALSE,FALSE,1,other
289738905,3,3,2,FALSE,FALSE,FALSE,2,still_orphaned
289739062,4,3,2,TRUE,FALSE,FALSE,1,other
289739332,5,3,3,FALSE,TRUE,FALSE,1,completed
289739336,4,3,2,TRUE,FALSE,FALSE,1,other
289739475,2,2,1,TRUE,FALSE,FALSE,1,other
289739631,4,4,2,TRUE,FALSE,FALSE,2,other
289739676,2,2,1,TRUE,FALSE,FALSE,1,other
289739812,2,2,1,TRUE,FALSE,FALSE,1,other
289740329,1,2,1,FALSE,FALSE,TRUE,2,still_orphaned
289740924,5,4,3,FALSE,FALSE,FALSE,2,still_orphaned
289741032,1,0,1,FALSE,FALSE,TRUE,0,still_orphaned
289741148,1,0,1,FALSE,FALSE,TRUE,0,still_orphaned
289741446,1,3,1,FALSE,FALSE,TRUE,3,still_orphaned
289741492,3,4,2,FALSE,FALSE,FALSE,3,still_orphaned
289741514,3,2,2,FALSE,TRUE,FALSE,1,completed
289741537,2,2,1,TRUE,FALSE,FALSE,1,other
289741729,5,7,3,FALSE,FALSE,FALSE,5,still_orphaned
289741975,1,0,1,FALSE,FALSE,TRUE,0,still_orphaned
289742000,3,4,2,FALSE,FALSE,FALSE,3,still_orphaned
289742088,3,3,2,FALSE,FALSE,FALSE,2,still_orphaned
289742203,2,2,1,TRUE,FALSE,FALSE,1,other
289742220,7,8,4,FALSE,FALSE,FALSE,5,still_orphaned
289742546,3,2,2,FALSE,TRUE,FALSE,1,completed
289742897,3,5,2,FALSE,FALSE,FALSE,4,still_orphaned
289743046,4,2,2,TRUE,TRUE,FALSE,0,already_paired
289743048,5,5,3,FALSE,FALSE,FALSE,3,still_orphaned
289743585,7,8,4,FALSE,FALSE,FALSE,5,still_orphaned
289743594,6,6,3,TRUE,FALSE,FALSE,3,other
289743833,3,2,2,FALSE,TRUE,FALSE,1,completed
289743918,4,3,2,TRUE,FALSE,FALSE,1,other
289743944,3,2,2,FALSE,TRUE,FALSE,1,completed
289744042,3,5,2,FALSE,FALSE,FALSE,4,still_orphaned
289744530,4,2,2,TRUE,TRUE,FALSE,0,already_paired
289745308,1,0,1,FALSE,FALSE,TRUE,0,still_orphaned
289745439,5,3,3,FALSE,TRUE,FALSE,1,completed
289745472,3,2,2,FALSE,TRUE,FALSE,1,completed
289745478,6,5,3,TRUE,FALSE,FALSE,2,other
289745551,7,8,4,FALSE,FALSE,FALSE,5,still_orphaned
289745638,3,4,2,FALSE,FALSE,FALSE,3,still_orphaned
289745709,1,0,1,FALSE,FALSE,TRUE,0,still_orphaned
289746549,5,4,3,FALSE,FALSE,FALSE,2,still_orphaned
289746558,4,2,2,TRUE,TRUE,FALSE,0,already_paired
289746837,2,1,1,TRUE,TRUE,FALSE,0,already_paired
289746842,7,8,4,FALSE,FALSE,FALSE,5,still_orphaned
289746875,4,4,2,TRUE,FALSE,FALSE,2,other
289746939,4,3,2,TRUE,FALSE,FALSE,1,other
289747329,6,8,3,TRUE,FALSE,FALSE,5,other
289747384,1,1,1,FALSE,TRUE,TRUE,1,completed
289747436,6,3,3,TRUE,TRUE,FALSE,0,already_paired
289747636,2,2,1,TRUE,FALSE,FALSE,1,other
289747753,1,3,1,FALSE,FALSE,TRUE,3,still_orphaned
289747896,2,2,1,TRUE,FALSE,FALSE,1,other
289748013,4,4,2,TRUE,FALSE,FALSE,2,other
289748032,2,3,1,TRUE,FALSE,FALSE,2,other
289748217,4,3,2,TRUE,FALSE,FALSE,1,other
289748511,1,2,1,FALSE,FALSE,TRUE,2,still_orphaned
289748569,3,2,2,FALSE,TRUE,FALSE,1,completed
289748899,4,5,2,TRUE,FALSE,FALSE,3,other
289749240,3,2,2,FALSE,TRUE,FALSE,1,completed
289749463,5,4,3,FALSE,FALSE,FALSE,2,still_orphaned
289749576,2,3,1,TRUE,FALSE,FALSE,2,other
289749661,3,2,2,FALSE,TRUE,FALSE,1,completed
289749793,2,3,1,TRUE,FALSE,FALSE,2,other
289750240,4,4,2,TRUE,FALSE,FALSE,2,other
289750298,2,3,1,TRUE,FALSE,FALSE,2,other
289750399,3,2,2,FALSE,TRUE,FALSE,1,completed
289750907,2,1,1,TRUE,TRUE,FALSE,0,already_paired
289751037,7,4,4,FALSE,TRUE,FALSE,1,completed
289751120,1,2,1,FALSE,FALSE,TRUE,2,still_orphaned
289751317,1,2,1,FALSE,FALSE,TRUE,2,still_orphaned
289751628,2,3,1,TRUE,FALSE,FALSE,2,other
289751845,3,6,2,FALSE,FALSE,FALSE,5,still_orphaned
289751868,3,5,2,FALSE,FALSE,FALSE,4,still_orphaned
289751980,4,3,2,TRUE,FALSE,FALSE,1,other
289752066,1,3,1,FALSE,FALSE,TRUE,3,still_orphaned
289752070,1,2,1,FALSE,FALSE,TRUE,2,still_orphaned
289752434,1,2,1,FALSE,FALSE,TRUE,2,still_orphaned
289752437,5,5,3,FALSE,FALSE,FALSE,3,still_orphaned
289752522,4,3,2,TRUE,FALSE,FALSE,1,other
289752636,5,5,3,FALSE,FALSE,FALSE,3,still_orphaned
289752638,7,5,4,FALSE,FALSE,FALSE,2,still_orphaned
289752642,4,5,2,TRUE,FALSE,FALSE,3,other
289752774,3,4,2,FALSE,FALSE,FALSE,3,still_orphaned
289753117,3,2,2,FALSE,TRUE,FALSE,1,completed
289753121,2,4,1,TRUE,FALSE,FALSE,3,other
289753160,1,0,1,FALSE,FALSE,TRUE,0,still_orphaned
289753282,2,2,1,TRUE,FALSE,FALSE,1,other
289753319,2,2,1,TRUE,FALSE,FALSE,1,other
289753455,4,5,2,TRUE,FALSE,FALSE,3,other
289753670,2,2,1,TRUE,FALSE,FALSE,1,other
289754037,1,2,1,FALSE,FALSE,TRUE,2,still_orphaned
289754089,4,4,2,TRUE,FALSE,FALSE,2,other
289754117,4,4,2,TRUE,FALSE,FALSE,2,other
289754547,2,3,1,TRUE,FALSE,FALSE,2,other
289754625,2,2,1,TRUE,FALSE,FALSE,1,other
289754739,2,4,1,TRUE,FALSE,FALSE,3,other
289754782,4,2,2,TRUE,TRUE,FALSE,0,already_paired
289754963,2,3,1,TRUE,FALSE,FALSE,2,other
289754971,4,4,2,TRUE,FALSE,FALSE,2,other
289755263,3,3,2,FALSE,FALSE,FALSE,2,still_orphaned
289755381,1,3,1,FALSE,FALSE,TRUE,3,still_orphaned
289755436,1,3,1,FALSE,FALSE,TRUE,3,still_orphaned
289755548,1,3,1,FALSE,FALSE,TRUE,3,still_orphaned
289756015,2,2,1,TRUE,FALSE,FALSE,1,other
289756057,3,3,2,FALSE,FALSE,FALSE,2,still_orphaned
289756225,3,2,2,FALSE,TRUE,FALSE,1,completed
289756330,6,5,3,TRUE,FALSE,FALSE,2,other
289756516,3,2,2,FALSE,TRUE,FALSE,1,completed
289757168,3,4,2,FALSE,FALSE,FALSE,3,still_orphaned
289757270,3,1,2,FALSE,FALSE,FALSE,0,still_orphaned
289757297,5,6,3,FALSE,FALSE,FALSE,4,still_orphaned
289757524,2,3,1,TRUE,FALSE,FALSE,2,other
289757609,2,4,1,TRUE,FALSE,FALSE,3,other
289757670,1,2,1,FALSE,FALSE,TRUE,2,still_orphaned
289757761,3,4,2,FALSE,FALSE,FALSE,3,still_orphaned
289757960,2,1,1,TRUE,TRUE,FALSE,0,already_paired
289757978,2,1,1,TRUE,TRUE,FALSE,0,already_paired
289758111,7,5,4,FALSE,FALSE,FALSE,2,still_orphaned
289758166,3,2,2,FALSE,TRUE,FALSE,1,completed
289758178,1,3,1,FALSE,FALSE,TRUE,3,still_orphaned
289758657,5,5,3,FALSE,FALSE,FALSE,3,still_orphaned
289758661,7,6,4,FALSE,FALSE,FALSE,3,still_orphaned
289758753,3,1,2,FALSE,FALSE,FALSE,0,still_orphaned
289758821,4,3,2,TRUE,FALSE,FALSE,1,other
289758827,6,5,3,TRUE,FALSE,FALSE,2,other
289758990,3,5,2,FALSE,FALSE,FALSE,4,still_orphaned
289759114,3,1,2,FALSE,FALSE,FALSE,0,still_orphaned
289759157,5,3,3,FALSE,TRUE,FALSE,1,completed
289759164,1,0,1,FALSE,FALSE,TRUE,0,still_orphaned
289759213,1,5,1,FALSE,FALSE,TRUE,5,still_orphaned
289759286,4,5,2,TRUE,FALSE,FALSE,3,other
289759434,4,5,2,TRUE,FALSE,FALSE,3,other
289759576,6,6,3,TRUE,FALSE,FALSE,3,other
289759700,6,4,3,TRUE,FALSE,FALSE,1,other
289759711,1,1,1,FALSE,TRUE,TRUE,1,completed
289759781,1,2,1,FALSE,FALSE,TRUE,2,still_orphaned
289759853,4,3,2,TRUE,FALSE,FALSE,1,other
289760118,2,3,1,TRUE,FALSE,FALSE,2,other
289760162,1,0,1,FALSE,FALSE,TRUE,0,still_orphaned
289760219,1,0,1,FALSE,FALSE,TRUE,0,still_orphaned
289760321,1,2,1,FALSE,FALSE,TRUE,2,still_orphaned
289760472,4,5,2,TRUE,FALSE,FALSE,3,other
289760572,3,3,2,FALSE,FALSE,FALSE,2,still_orphaned
289760594,4,6,2,TRUE,FALSE,FALSE,4,other
289760985,1,0,1,FALSE,FALSE,TRUE,0,still_orphaned
289761263,5,6,3,FALSE,FALSE,FALSE,4,still_orphaned
289761657,2,2,1,TRUE,FALSE,FALSE,1,other
289761747,3,5,2,FALSE,FALSE,FALSE,4,still_orphaned
289761846,3,4,2,FALSE,FALSE,FALSE,3,still_orphaned
289761985,2,4,1,TRUE,FALSE,FALSE,3,other
289761991,2,3,1,TRUE,FALSE,FALSE,2,other
289762016,2,2,1,TRUE,FALSE,FALSE,1,other
289762725,1,2,1,FALSE,FALSE,TRUE,2,still_orphaned
289763048,2,4,1,TRUE,FALSE,FALSE,3,other
289763378,4,4,2,TRUE,FALSE,FALSE,2,other
289763767,3,6,2,FALSE,FALSE,FALSE,5,still_orphaned
289763950,2,1,1,TRUE,TRUE,FALSE,0,already_paired
289764135,3,1,2,FALSE,FALSE,FALSE,0,still_orphaned
289764167,2,2,1,TRUE,FALSE,FALSE,1,other
289764272,2,3,1,TRUE,FALSE,FALSE,2,other
289764356,6,5,3,TRUE,FALSE,FALSE,2,other
289764366,5,6,3,FALSE,FALSE,FALSE,4,still_orphaned
289764486,1,1,1,FALSE,TRUE,TRUE,1,completed
289764620,2,2,1,TRUE,FALSE,FALSE,1,other
289764622,6,4,3,TRUE,FALSE,FALSE,1,other
289764624,1,2,1,FALSE,FALSE,TRUE,2,still_orphaned
289764675,3,4,2,FALSE,FALSE,FALSE,3,still_orphaned
289764793,2,4,1,TRUE,FALSE,FALSE,3,other
289765206,2,3,1,TRUE,FALSE,FALSE,2,other
289765648,1,0,1,FALSE,FALSE,TRUE,0,still_orphaned
289765719,8,6,4,TRUE,FALSE,FALSE,2,other
289765801,3,4,2,FALSE,FALSE,FALSE,3,still_orphaned
289765988,1,0,1,FALSE,FALSE,TRUE,0,still_orphaned
289766200,7,7,4,FALSE,FALSE,FALSE,4,still_orphaned
289766346,3,6,2,FALSE,FALSE,FALSE,5,still_orphaned
289768093,1,4,1,FALSE,FALSE,TRUE,4,still_orphaned
289792219,1,3,1,FALSE,FALSE,TRUE,3,still_orphaned
289793469,1,2,1,FALSE,FALSE,TRUE,2,still_orphaned
289793605,1,3,1,FALSE,FALSE,TRUE,3,still_orphaned
289793867,7,5,4,FALSE,FALSE,FALSE,2,still_orphaned
289794168,2,4,1,TRUE,FALSE,FALSE,3,other
289794331,3,2,2,FALSE,TRUE,FALSE,1,completed
289794375,3,4,2,FALSE,FALSE,FALSE,3,still_orphaned
289795144,2,3,1,TRUE,FALSE,FALSE,2,other
289795287,3,2,2,FALSE,TRUE,FALSE,1,completed
289795327,1,0,1,FALSE,FALSE,TRUE,0,still_orphaned
289795506,1,2,1,FALSE,FALSE,TRUE,2,still_orphaned
289795563,7,8,4,FALSE,FALSE,FALSE,5,still_orphaned
289795729,1,3,1,FALSE,FALSE,TRUE,3,still_orphaned
289795769,3,3,2,FALSE,FALSE,FALSE,2,still_orphaned
289796009,7,6,4,FALSE,FALSE,FALSE,3,still_orphaned
289796064,6,3,3,TRUE,TRUE,FALSE,0,already_paired
289796072,2,2,1,TRUE,FALSE,FALSE,1,other
289796091,4,5,2,TRUE,FALSE,FALSE,3,other
289796138,3,3,2,FALSE,FALSE,FALSE,2,still_orphaned
289796147,3,3,2,FALSE,FALSE,FALSE,2,still_orphaned
289796259,2,2,1,TRUE,FALSE,FALSE,1,other
289796387,2,1,1,TRUE,TRUE,FALSE,0,already_paired
289796479,1,2,1,FALSE,FALSE,TRUE,2,still_orphaned
289796545,5,6,3,FALSE,FALSE,FALSE,4,still_orphaned
289796685,5,8,3,FALSE,FALSE,FALSE,6,still_orphaned
289796705,4,4,2,TRUE,FALSE,FALSE,2,other
289796889,3,3,2,FALSE,FALSE,FALSE,2,still_orphaned
289797260,4,4,2,TRUE,FALSE,FALSE,2,other
289797274,4,5,2,TRUE,FALSE,FALSE,3,other
289797381,3,2,2,FALSE,TRUE,FALSE,1,completed
289797565,4,5,2,TRUE,FALSE,FALSE,3,other
289797582,5,7,3,FALSE,FALSE,FALSE,5,still_orphaned
289797795,6,5,3,TRUE,FALSE,FALSE,2,other
289797907,2,2,1,TRUE,FALSE,FALSE,1,other
289797918,3,1,2,FALSE,FALSE,FALSE,0,still_orphaned
289798053,3,1,2,FALSE,FALSE,FALSE,0,still_orphaned
289798241,4,3,2,TRUE,FALSE,FALSE,1,other
289798331,1,0,1,FALSE,FALSE,TRUE,0,still_orphaned
289798377,1,0,1,FALSE,FALSE,TRUE,0,still_orphaned
289798385,6,6,3,TRUE,FALSE,FALSE,3,other
289798879,4,5,2,TRUE,FALSE,FALSE,3,other
289799007,3,4,2,FALSE,FALSE,FALSE,3,still_orphaned
289799188,4,4,2,TRUE,FALSE,FALSE,2,other
289799206,4,5,2,TRUE,FALSE,FALSE,3,other
289799353,2,4,1,TRUE,FALSE,FALSE,3,other
289799359,2,3,1,TRUE,FALSE,FALSE,2,other
289799415,2,2,1,TRUE,FALSE,FALSE,1,other
289799880,1,2,1,FALSE,FALSE,TRUE,2,still_orphaned
289799955,2,2,1,TRUE,FALSE,FALSE,1,other
289799969,1,2,1,FALSE,FALSE,TRUE,2,still_orphaned
289800093,1,2,1,FALSE,FALSE,TRUE,2,still_orphaned
289800252,1,2,1,FALSE,FALSE,TRUE,2,still_orphaned
289800479,6,5,3,TRUE,FALSE,FALSE,2,other
289800480,2,3,1,TRUE,FALSE,FALSE,2,other
289800744,2,2,1,TRUE,FALSE,FALSE,1,other
289801019,2,2,1,TRUE,FALSE,FALSE,1,other
289801146,6,3,3,TRUE,TRUE,FALSE,0,already_paired
289801298,1,3,1,FALSE,FALSE,TRUE,3,still_orphaned
289801419,6,4,3,TRUE,FALSE,FALSE,1,other
289801519,1,2,1,FALSE,FALSE,TRUE,2,still_orphaned
289801632,2,2,1,TRUE,FALSE,FALSE,1,other
289801762,3,1,2,FALSE,FALSE,FALSE,0,still_orphaned
289801813,4,3,2,TRUE,FALSE,FALSE,1,other
289801857,1,3,1,FALSE,FALSE,TRUE,3,still_orphaned
289802094,1,2,1,FALSE,FALSE,TRUE,2,still_orphaned
289802114,4,4,2,TRUE,FALSE,FALSE,2,other
289802227,2,2,1,TRUE,FALSE,FALSE,1,other
289802263,6,6,3,TRUE,FALSE,FALSE,3,other
289802319,1,5,1,FALSE,FALSE,TRUE,5,still_orphaned
289802482,2,3,1,TRUE,FALSE,FALSE,2,other
289802504,1,0,1,FALSE,FALSE,TRUE,0,still_orphaned
289802709,5,4,3,FALSE,FALSE,FALSE,2,still_orphaned
289802806,5,5,3,FALSE,FALSE,FALSE,3,still_orphaned
289802940,1,0,1,FALSE,FALSE,TRUE,0,still_orphaned
289802996,6,5,3,TRUE,FALSE,FALSE,2,other
289803092,4,5,2,TRUE,FALSE,FALSE,3,other
289803597,2,2,1,TRUE,FALSE,FALSE,1,other
289803722,1,2,1,FALSE,FALSE,TRUE,2,still_orphaned
289803998,1,3,1,FALSE,FALSE,TRUE,3,still_orphaned
289804201,1,0,1,FALSE,FALSE,TRUE,0,still_orphaned
289804731,4,4,2,TRUE,FALSE,FALSE,2,other
289804958,1,2,1,FALSE,FALSE,TRUE,2,still_orphaned
289805140,2,1,1,TRUE,TRUE,FALSE,0,already_paired
289805278,5,5,3,FALSE,FALSE,FALSE,3,still_orphaned
289805303,2,2,1,TRUE,FALSE,FALSE,1,other
289805439,1,0,1,FALSE,FALSE,TRUE,0,still_orphaned
289805559,4,4,2,TRUE,FALSE,FALSE,2,other
289805916,3,4,2,FALSE,FALSE,FALSE,3,still_orphaned
289805984,2,4,1,TRUE,FALSE,FALSE,3,other
289806018,1,0,1,FALSE,FALSE,TRUE,0,still_orphaned
289806092,7,7,4,FALSE,FALSE,FALSE,4,still_orphaned
289806674,3,4,2,FALSE,FALSE,FALSE,3,still_orphaned
289806950,2,1,1,TRUE,TRUE,FALSE,0,already_paired
289807260,4,4,2,TRUE,FALSE,FALSE,2,other
289807272,2,3,1,TRUE,FALSE,FALSE,2,other
289807590,2,2,1,TRUE,FALSE,FALSE,1,other
289807670,8,8,4,TRUE,FALSE,FALSE,4,other
289807738,3,1,2,FALSE,FALSE,FALSE,0,still_orphaned
289807798,4,5,2,TRUE,FALSE,FALSE,3,other
289807810,3,4,2,FALSE,FALSE,FALSE,3,still_orphaned
289808303,4,3,2,TRUE,FALSE,FALSE,1,other
289808321,1,4,1,FALSE,FALSE,TRUE,4,still_orphaned
289808394,2,2,1,TRUE,FALSE,FALSE,1,other
289808458,2,1,1,TRUE,TRUE,FALSE,0,already_paired
289808612,2,1,1,TRUE,TRUE,FALSE,0,already_paired
289808712,3,6,2,FALSE,FALSE,FALSE,5,still_orphaned
289808839,2,2,1,TRUE,FALSE,FALSE,1,other
289808910,2,3,1,TRUE,FALSE,FALSE,2,other
289809088,2,3,1,TRUE,FALSE,FALSE,2,other
289809316,4,5,2,TRUE,FALSE,FALSE,3,other
289809548,7,7,4,FALSE,FALSE,FALSE,4,still_orphaned
289809691,2,2,1,TRUE,FALSE,FALSE,1,other
289809981,3,3,2,FALSE,FALSE,FALSE,2,still_orphaned
289810401,1,0,1,FALSE,FALSE,TRUE,0,still_orphaned
289810504,3,5,2,FALSE,FALSE,FALSE,4,still_orphaned
289810569,4,6,2,TRUE,FALSE,FALSE,4,other
289810791,2,4,1,TRUE,FALSE,FALSE,3,other
289810819,1,0,1,FALSE,FALSE,TRUE,0,still_orphaned
289811168,2,3,1,TRUE,FALSE,FALSE,2,other
289811334,4,3,2,TRUE,FALSE,FALSE,1,other
289811557,1,0,1,FALSE,FALSE,TRUE,0,still_orphaned
289811607,3,2,2,FALSE,TRUE,FALSE,1,completed
289811779,3,3,2,FALSE,FALSE,FALSE,2,still_orphaned
289811813,3,3,2,FALSE,FALSE,FALSE,2,still_orphaned
289811938,1,1,1,FALSE,TRUE,TRUE,1,completed
289811941,1,1,1,FALSE,TRUE,TRUE,1,completed
289812186,1,0,1,FALSE,FALSE,TRUE,0,still_orphaned
289812525,3,1,2,FALSE,FALSE,FALSE,0,still_orphaned
289812856,1,0,1,FALSE,FALSE,TRUE,0,still_orphaned
289812876,1,0,1,FALSE,FALSE,TRUE,0,still_orphaned
289812959,6,6,3,TRUE,FALSE,FALSE,3,other
289813080,2,1,1,TRUE,TRUE,FALSE,0,already_paired
289813098,2,2,1,TRUE,FALSE,FALSE,1,other
289813252,3,2,2,FALSE,TRUE,FALSE,1,completed
289813736,5,4,3,FALSE,FALSE,FALSE,2,still_orphaned
289813828,6,7,3,TRUE,FALSE,FALSE,4,other
289813965,5,4,3,FALSE,FALSE,FALSE,2,still_orphaned
289814047,1,2,1,FALSE,FALSE,TRUE,2,still_orphaned
289814446,1,2,1,FALSE,FALSE,TRUE,2,still_orphaned
289814634,7,5,4,FALSE,FALSE,FALSE,2,still_orphaned
289814670,4,3,2,TRUE,FALSE,FALSE,1,other
289814808,3,3,2,FALSE,FALSE,FALSE,2,still_orphaned
289815086,4,4,2,TRUE,FALSE,FALSE,2,other
289815145,3,6,2,FALSE,FALSE,FALSE,5,still_orphaned
289815353,1,0,1,FALSE,FALSE,TRUE,0,still_orphaned
289815483,5,4,3,FALSE,FALSE,FALSE,2,still_orphaned
289815506,6,5,3,TRUE,FALSE,FALSE,2,other
289815528,4,3,2,TRUE,FALSE,FALSE,1,other
289816139,4,4,2,TRUE,FALSE,FALSE,2,other
289816237,5,4,3,FALSE,FALSE,FALSE,2,still_orphaned
289816270,10,10,5,TRUE,FALSE,FALSE,5,other
289816283,1,2,1,FALSE,FALSE,TRUE,2,still_orphaned
289816296,2,1,1,TRUE,TRUE,FALSE,0,already_paired
289817015,3,2,2,FALSE,TRUE,FALSE,1,completed
289817031,6,5,3,TRUE,FALSE,FALSE,2,other
289817110,2,2,1,TRUE,FALSE,FALSE,1,other
289817121,1,2,1,FALSE,FALSE,TRUE,2,still_orphaned
289817210,1,2,1,FALSE,FALSE,TRUE,2,still_orphaned
289817253,2,3,1,TRUE,FALSE,FALSE,2,other
289817283,3,3,2,FALSE,FALSE,FALSE,2,still_orphaned
289817417,5,4,3,FALSE,FALSE,FALSE,2,still_orphaned
289817926,1,0,1,FALSE,FALSE,TRUE,0,still_orphaned
289817942,3,2,2,FALSE,TRUE,FALSE,1,completed
289818133,1,0,1,FALSE,FALSE,TRUE,0,still_orphaned
289818262,1,1,1,FALSE,TRUE,TRUE,1,completed
289818351,2,1,1,TRUE,TRUE,FALSE,0,already_paired
289818375,1,0,1,FALSE,FALSE,TRUE,0,still_orphaned
289818589,2,1,1,TRUE,TRUE,FALSE,0,already_paired
289818706,4,4,2,TRUE,FALSE,FALSE,2,other
289818779,1,0,1,FALSE,FALSE,TRUE,0,still_orphaned
289818834,6,6,3,TRUE,FALSE,FALSE,3,other
289819122,2,3,1,TRUE,FALSE,FALSE,2,other
289819180,3,3,2,FALSE,FALSE,FALSE,2,still_orphaned
289819307,5,4,3,FALSE,FALSE,FALSE,2,still_orphaned
289819311,5,5,3,FALSE,FALSE,FALSE,3,still_orphaned
289819470,4,3,2,TRUE,FALSE,FALSE,1,other
289819561,1,2,1,FALSE,FALSE,TRUE,2,still_orphaned
289819621,5,3,3,FALSE,TRUE,FALSE,1,completed
289819637,7,6,4,FALSE,FALSE,FALSE,3,still_orphaned
289819749,1,0,1,FALSE,FALSE,TRUE,0,still_orphaned
289819865,3,4,2,FALSE,FALSE,FALSE,3,still_orphaned
289819927,6,6,3,TRUE,FALSE,FALSE,3,other
289820031,1,2,1,FALSE,FALSE,TRUE,2,still_orphaned
289820060,5,2,3,FALSE,FALSE,FALSE,0,still_orphaned
289820081,1,0,1,FALSE,FALSE,TRUE,0,still_orphaned
289820130,1,0,1,FALSE,FALSE,TRUE,0,still_orphaned
289820723,3,2,2,FALSE,TRUE,FALSE,1,completed
289820930,2,2,1,TRUE,FALSE,FALSE,1,other
289820986,3,3,2,FALSE,FALSE,FALSE,2,still_orphaned
289821090,5,5,3,FALSE,FALSE,FALSE,3,still_orphaned
289821114,1,0,1,FALSE,FALSE,TRUE,0,still_orphaned
289821116,8,8,4,TRUE,FALSE,FALSE,4,other
289821176,3,5,2,FALSE,FALSE,FALSE,4,still_orphaned
289821196,2,3,1,TRUE,FALSE,FALSE,2,other
289821226,4,6,2,TRUE,FALSE,FALSE,4,other
289821722,7,6,4,FALSE,FALSE,FALSE,3,still_orphaned
289821796,7,7,4,FALSE,FALSE,FALSE,4,still_orphaned
289821898,2,3,1,TRUE,FALSE,FALSE,2,other
289822063,5,4,3,FALSE,FALSE,FALSE,2,still_orphaned
289822090,2,1,1,TRUE,TRUE,FALSE,0,already_paired
289822330,1,2,1,FALSE,FALSE,TRUE,2,still_orphaned
289822451,1,0,1,FALSE,FALSE,TRUE,0,still_orphaned
289822776,1,0,1,FALSE,FALSE,TRUE,0,still_orphaned
289822864,7,7,4,FALSE,FALSE,FALSE,4,still_orphaned
289823038,2,4,1,TRUE,FALSE,FALSE,3,other
289823420,1,0,1,FALSE,FALSE,TRUE,0,still_orphaned
289823493,4,4,2,TRUE,FALSE,FALSE,2,other
289823572,1,2,1,FALSE,FALSE,TRUE,2,still_orphaned
289823771,8,7,4,TRUE,FALSE,FALSE,3,other
289823847,1,4,1,FALSE,FALSE,TRUE,4,still_orphaned
289824072,1,0,1,FALSE,FALSE,TRUE,0,still_orphaned
289824146,1,2,1,FALSE,FALSE,TRUE,2,still_orphaned
289824222,4,5,2,TRUE,FALSE,FALSE,3,other
289824459,1,2,1,FALSE,FALSE,TRUE,2,still_orphaned
289824572,3,3,2,FALSE,FALSE,FALSE,2,still_orphaned
289824643,6,5,3,TRUE,FALSE,FALSE,2,other
289824794,2,4,1,TRUE,FALSE,FALSE,3,other
289824802,2,3,1,TRUE,FALSE,FALSE,2,other
289824874,2,1,1,TRUE,TRUE,FALSE,0,already_paired
289825097,3,3,2,FALSE,FALSE,FALSE,2,still_orphaned
289825113,2,2,1,TRUE,FALSE,FALSE,1,other
289825289,1,0,1,FALSE,FALSE,TRUE,0,still_orphaned
289825393,3,4,2,FALSE,FALSE,FALSE,3,still_orphaned
289826196,1,0,1,FALSE,FALSE,TRUE,0,still_orphaned
289828110,4,3,2,TRUE,FALSE,FALSE,1,other
289852130,1,3,1,FALSE,FALSE,TRUE,3,still_orphaned
289852143,2,2,1,TRUE,FALSE,FALSE,1,other
289852431,5,4,3,FALSE,FALSE,FALSE,2,still_orphaned
289852782,1,2,1,FALSE,FALSE,TRUE,2,still_orphaned
289852912,2,2,1,TRUE,FALSE,FALSE,1,other
289853044,6,4,3,TRUE,FALSE,FALSE,1,other
289853194,2,3,1,TRUE,FALSE,FALSE,2,other
289853460,1,2,1,FALSE,FALSE,TRUE,2,still_orphaned
289853735,7,7,4,FALSE,FALSE,FALSE,4,still_orphaned
289853882,1,0,1,FALSE,FALSE,TRUE,0,still_orphaned
289854081,2,3,1,TRUE,FALSE,FALSE,2,other
289854150,3,3,2,FALSE,FALSE,FALSE,2,still_orphaned
289854435,3,2,2,FALSE,TRUE,FALSE,1,completed
289854482,3,3,2,FALSE,FALSE,FALSE,2,still_orphaned
289854493,2,3,1,TRUE,FALSE,FALSE,2,other
289854524,1,0,1,FALSE,FALSE,TRUE,0,still_orphaned
289854593,1,3,1,FALSE,FALSE,TRUE,3,still_orphaned
289854710,2,3,1,TRUE,FALSE,FALSE,2,other
289854936,2,3,1,TRUE,FALSE,FALSE,2,other
289854999,5,4,3,FALSE,FALSE,FALSE,2,still_orphaned
289855067,3,4,2,FALSE,FALSE,FALSE,3,still_orphaned
289855109,2,2,1,TRUE,FALSE,FALSE,1,other
289855154,1,2,1,FALSE,FALSE,TRUE,2,still_orphaned
289855319,4,4,2,TRUE,FALSE,FALSE,2,other
289855609,5,3,3,FALSE,TRUE,FALSE,1,completed
289855667,4,5,2,TRUE,FALSE,FALSE,3,other
289855754,2,2,1,TRUE,FALSE,FALSE,1,other
289855774,3,2,2,FALSE,TRUE,FALSE,1,completed
289855795,3,5,2,FALSE,FALSE,FALSE,4,still_orphaned
289855895,2,2,1,TRUE,FALSE,FALSE,1,other
289856085,8,7,4,TRUE,FALSE,FALSE,3,other
289856308,1,0,1,FALSE,FALSE,TRUE,0,still_orphaned
289856311,1,0,1,FALSE,FALSE,TRUE,0,still_orphaned
289856570,5,5,3,FALSE,FALSE,FALSE,3,still_orphaned
289856659,5,6,3,FALSE,FALSE,FALSE,4,still_orphaned
289856683,1,0,1,FALSE,FALSE,TRUE,0,still_orphaned
289856948,2,2,1,TRUE,FALSE,FALSE,1,other
289857036,4,5,2,TRUE,FALSE,FALSE,3,other
289857167,1,2,1,FALSE,FALSE,TRUE,2,still_orphaned
289857449,2,2,1,TRUE,FALSE,FALSE,1,other
289857591,5,6,3,FALSE,FALSE,FALSE,4,still_orphaned
289857814,2,2,1,TRUE,FALSE,FALSE,1,other
289857900,5,4,3,FALSE,FALSE,FALSE,2,still_orphaned
289858162,2,2,1,TRUE,FALSE,FALSE,1,other
289858163,1,0,1,FALSE,FALSE,TRUE,0,still_orphaned
289858295,2,2,1,TRUE,FALSE,FALSE,1,other
289858603,5,5,3,FALSE,FALSE,FALSE,3,still_orphaned
289858804,3,3,2,FALSE,FALSE,FALSE,2,still_orphaned
289858991,2,2,1,TRUE,FALSE,FALSE,1,other
289859045,1,2,1,FALSE,FALSE,TRUE,2,still_orphaned
289859066,2,2,1,TRUE,FALSE,FALSE,1,other
289859126,2,2,1,TRUE,FALSE,FALSE,1,other
289859158,2,2,1,TRUE,FALSE,FALSE,1,other
289859162,1,0,1,FALSE,FALSE,TRUE,0,still_orphaned
289859273,5,5,3,FALSE,FALSE,FALSE,3,still_orphaned
289859519,1,0,1,FALSE,FALSE,TRUE,0,still_orphaned
289859581,4,3,2,TRUE,FALSE,FALSE,1,other
289859689,2,2,1,TRUE,FALSE,FALSE,1,other
289859843,1,2,1,FALSE,FALSE,TRUE,2,still_orphaned
289860241,1,0,1,FALSE,FALSE,TRUE,0,still_orphaned
289860408,3,4,2,FALSE,FALSE,FALSE,3,still_orphaned
289860430,4,4,2,TRUE,FALSE,FALSE,2,other
289860573,3,4,2,FALSE,FALSE,FALSE,3,still_orphaned
289860753,3,2,2,FALSE,TRUE,FALSE,1,completed
289860791,4,3,2,TRUE,FALSE,FALSE,1,other
289861581,3,5,2,FALSE,FALSE,FALSE,4,still_orphaned
289861816,1,2,1,FALSE,FALSE,TRUE,2,still_orphaned
289861843,2,2,1,TRUE,FALSE,FALSE,1,other
289862001,1,3,1,FALSE,FALSE,TRUE,3,still_orphaned
289862119,3,5,2,FALSE,FALSE,FALSE,4,still_orphaned
289862378,1,0,1,FALSE,FALSE,TRUE,0,still_orphaned
289862828,3,2,2,FALSE,TRUE,FALSE,1,completed
289862899,2,1,1,TRUE,TRUE,FALSE,0,already_paired
289863007,3,2,2,FALSE,TRUE,FALSE,1,completed
289863077,1,0,1,FALSE,FALSE,TRUE,0,still_orphaned
289863215,4,5,2,TRUE,FALSE,FALSE,3,other
289863248,3,3,2,FALSE,FALSE,FALSE,2,still_orphaned
289863447,2,3,1,TRUE,FALSE,FALSE,2,other
289863641,3,2,2,FALSE,TRUE,FALSE,1,completed
289863676,3,2,2,FALSE,TRUE,FALSE,1,completed
289863677,5,6,3,FALSE,FALSE,FALSE,4,still_orphaned
289863760,2,2,1,TRUE,FALSE,FALSE,1,other
289864532,3,5,2,FALSE,FALSE,FALSE,4,still_orphaned
289864541,2,3,1,TRUE,FALSE,FALSE,2,other
289864806,7,6,4,FALSE,FALSE,FALSE,3,still_orphaned
289864955,1,2,1,FALSE,FALSE,TRUE,2,still_orphaned
289865044,4,4,2,TRUE,FALSE,FALSE,2,other
289865450,3,2,2,FALSE,TRUE,FALSE,1,completed
289865550,2,1,1,TRUE,TRUE,FALSE,0,already_paired
289865574,2,2,1,TRUE,FALSE,FALSE,1,other
289866331,1,0,1,FALSE,FALSE,TRUE,0,still_orphaned
289866554,1,4,1,FALSE,FALSE,TRUE,4,still_orphaned
289866661,3,2,2,FALSE,TRUE,FALSE,1,completed
289866687,3,3,2,FALSE,FALSE,FALSE,2,still_orphaned
289866930,7,5,4,FALSE,FALSE,FALSE,2,still_orphaned
289866956,2,1,1,TRUE,TRUE,FALSE,0,already_paired
289867005,2,2,1,TRUE,FALSE,FALSE,1,other
289867089,4,5,2,TRUE,FALSE,FALSE,3,other
289867248,2,2,1,TRUE,FALSE,FALSE,1,other
289867306,5,4,3,FALSE,FALSE,FALSE,2,still_orphaned
289867453,1,0,1,FALSE,FALSE,TRUE,0,still_orphaned
289867873,2,2,1,TRUE,FALSE,FALSE,1,other
289867884,5,4,3,FALSE,FALSE,FALSE,2,still_orphaned
289867926,1,0,1,FALSE,FALSE,TRUE,0,still_orphaned
289868034,2,2,1,TRUE,FALSE,FALSE,1,other
289868066,6,7,3,TRUE,FALSE,FALSE,4,other
289868139,1,0,1,FALSE,FALSE,TRUE,0,still_orphaned
289868216,1,3,1,FALSE,FALSE,TRUE,3,still_orphaned
289868330,5,4,3,FALSE,FALSE,FALSE,2,still_orphaned
289868981,3,4,2,FALSE,FALSE,FALSE,3,still_orphaned
289869088,4,4,2,TRUE,FALSE,FALSE,2,other
289869168,4,3,2,TRUE,FALSE,FALSE,1,other
289869505,1,2,1,FALSE,FALSE,TRUE,2,still_orphaned
289869714,5,4,3,FALSE,FALSE,FALSE,2,still_orphaned
289869801,3,5,2,FALSE,FALSE,FALSE,4,still_orphaned
289870057,2,4,1,TRUE,FALSE,FALSE,3,other
289870089,2,2,1,TRUE,FALSE,FALSE,1,other
289870300,1,2,1,FALSE,FALSE,TRUE,2,still_orphaned
289870409,1,2,1,FALSE,FALSE,TRUE,2,still_orphaned
289870424,2,2,1,TRUE,FALSE,FALSE,1,other
289870436,3,3,2,FALSE,FALSE,FALSE,2,still_orphaned
289870503,2,1,1,TRUE,TRUE,FALSE,0,already_paired
289870656,6,6,3,TRUE,FALSE,FALSE,3,other
289870747,2,3,1,TRUE,FALSE,FALSE,2,other
289870857,1,2,1,FALSE,FALSE,TRUE,2,still_orphaned
289871069,2,3,1,TRUE,FALSE,FALSE,2,other
289871473,3,2,2,FALSE,TRUE,FALSE,1,completed
289871511,2,2,1,TRUE,FALSE,FALSE,1,other
289871538,2,3,1,TRUE,FALSE,FALSE,2,other
289871699,2,2,1,TRUE,FALSE,FALSE,1,other
289871797,2,3,1,TRUE,FALSE,FALSE,2,other
289871831,3,5,2,FALSE,FALSE,FALSE,4,still_orphaned
289872617,1,0,1,FALSE,FALSE,TRUE,0,still_orphaned
289872671,1,2,1,FALSE,FALSE,TRUE,2,still_orphaned
289872689,1,2,1,FALSE,FALSE,TRUE,2,still_orphaned
289872778,4,4,2,TRUE,FALSE,FALSE,2,other
289872912,3,3,2,FALSE,FALSE,FALSE,2,still_orphaned
289873073,1,1,1,FALSE,TRUE,TRUE,1,completed
289873483,1,2,1,FALSE,FALSE,TRUE,2,still_orphaned
289873484,3,4,2,FALSE,FALSE,FALSE,3,still_orphaned
289873519,7,6,4,FALSE,FALSE,FALSE,3,still_orphaned
289874337,3,4,2,FALSE,FALSE,FALSE,3,still_orphaned
289874357,2,2,1,TRUE,FALSE,FALSE,1,other
289874444,3,3,2,FALSE,FALSE,FALSE,2,still_orphaned
289874446,1,0,1,FALSE,FALSE,TRUE,0,still_orphaned
289874500,2,1,1,TRUE,TRUE,FALSE,0,already_paired
289874509,4,3,2,TRUE,FALSE,FALSE,1,other
289874566,2,2,1,TRUE,FALSE,FALSE,1,other
289874756,3,2,2,FALSE,TRUE,FALSE,1,completed
289874858,2,2,1,TRUE,FALSE,FALSE,1,other
289874908,3,3,2,FALSE,FALSE,FALSE,2,still_orphaned
289875138,4,6,2,TRUE,FALSE,FALSE,4,other
289875402,2,1,1,TRUE,TRUE,FALSE,0,already_paired
289875508,3,6,2,FALSE,FALSE,FALSE,5,still_orphaned
289875587,4,4,2,TRUE,FALSE,FALSE,2,other
289875607,1,0,1,FALSE,FALSE,TRUE,0,still_orphaned
289875679,1,0,1,FALSE,FALSE,TRUE,0,still_orphaned
289876101,2,2,1,TRUE,FALSE,FALSE,1,other
289876160,2,3,1,TRUE,FALSE,FALSE,2,other
289876180,6,6,3,TRUE,FALSE,FALSE,3,other
289876261,1,2,1,FALSE,FALSE,TRUE,2,still_orphaned
289876321,8,8,4,TRUE,FALSE,FALSE,4,other
289876398,2,1,1,TRUE,TRUE,FALSE,0,already_paired
289876570,3,2,2,FALSE,TRUE,FALSE,1,completed
289876590,2,2,1,TRUE,FALSE,FALSE,1,other
289876594,3,2,2,FALSE,TRUE,FALSE,1,completed
289876630,2,2,1,TRUE,FALSE,FALSE,1,other
289876819,1,0,1,FALSE,FALSE,TRUE,0,still_orphaned
289877170,1,3,1,FALSE,FALSE,TRUE,3,still_orphaned
289877417,4,4,2,TRUE,FALSE,FALSE,2,other
289877438,1,0,1,FALSE,FALSE,TRUE,0,still_orphaned
289877499,4,5,2,TRUE,FALSE,FALSE,3,other
289877507,1,0,1,FALSE,FALSE,TRUE,0,still_orphaned
289877569,1,0,1,FALSE,FALSE,TRUE,0,still_orphaned
289877691,2,3,1,TRUE,FALSE,FALSE,2,other
289877889,2,3,1,TRUE,FALSE,FALSE,2,other
289878134,3,4,2,FALSE,FALSE,FALSE,3,still_orphaned
289878331,1,2,1,FALSE,FALSE,TRUE,2,still_orphaned
289878535,2,3,1,TRUE,FALSE,FALSE,2,other
289878672,1,0,1,FALSE,FALSE,TRUE,0,still_orphaned
289878692,3,6,2,FALSE,FALSE,FALSE,5,still_orphaned
289878755,1,2,1,FALSE,FALSE,TRUE,2,still_orphaned
289878766,3,3,2,FALSE,FALSE,FALSE,2,still_orphaned
289878886,1,0,1,FALSE,FALSE,TRUE,0,still_orphaned
289879035,2,2,1,TRUE,FALSE,FALSE,1,other
289879057,1,0,1,FALSE,FALSE,TRUE,0,still_orphaned
289879339,1,2,1,FALSE,FALSE,TRUE,2,still_orphaned
289879422,1,1,1,FALSE,TRUE,TRUE,1,completed
289879453,2,3,1,TRUE,FALSE,FALSE,2,other
289879463,3,3,2,FALSE,FALSE,FALSE,2,still_orphaned
289879748,4,4,2,TRUE,FALSE,FALSE,2,other
289879977,4,5,2,TRUE,FALSE,FALSE,3,other
289880626,3,2,2,FALSE,TRUE,FALSE,1,completed
289880735,3,4,2,FALSE,FALSE,FALSE,3,still_orphaned
289880739,4,5,2,TRUE,FALSE,FALSE,3,other
289880815,1,3,1,FALSE,FALSE,TRUE,3,still_orphaned
289880906,1,4,1,FALSE,FALSE,TRUE,4,still_orphaned
289881105,3,5,2,FALSE,FALSE,FALSE,4,still_orphaned
289881131,2,2,1,TRUE,FALSE,FALSE,1,other
289881180,1,2,1,FALSE,FALSE,TRUE,2,still_orphaned
289881187,3,2,2,FALSE,TRUE,FALSE,1,completed
289881323,1,0,1,FALSE,FALSE,TRUE,0,still_orphaned
289881800,3,2,2,FALSE,TRUE,FALSE,1,completed
289890514,3,2,2,FALSE,TRUE,FALSE,1,completed
289891619,3,3,2,FALSE,FALSE,FALSE,2,still_orphaned
289892236,3,1,2,FALSE,FALSE,FALSE,0,still_orphaned
289892535,2,2,1,TRUE,FALSE,FALSE,1,other
289892780,2,3,1,TRUE,FALSE,FALSE,2,other
289892903,2,2,1,TRUE,FALSE,FALSE,1,other
289893071,3,5,2,FALSE,FALSE,FALSE,4,still_orphaned
289893149,4,4,2,TRUE,FALSE,FALSE,2,other
289893376,4,5,2,TRUE,FALSE,FALSE,3,other
289893404,1,2,1,FALSE,FALSE,TRUE,2,still_orphaned
289893466,3,4,2,FALSE,FALSE,FALSE,3,still_orphaned
289893709,1,0,1,FALSE,FALSE,TRUE,0,still_orphaned
289893742,2,2,1,TRUE,FALSE,FALSE,1,other
289893778,2,1,1,TRUE,TRUE,FALSE,0,already_paired
289893955,3,4,2,FALSE,FALSE,FALSE,3,still_orphaned
289894038,2,2,1,TRUE,FALSE,FALSE,1,other
289894135,3,2,2,FALSE,TRUE,FALSE,1,completed
289894399,6,5,3,TRUE,FALSE,FALSE,2,other
289894455,2,3,1,TRUE,FALSE,FALSE,2,other
289894501,1,2,1,FALSE,FALSE,TRUE,2,still_orphaned
289894600,2,3,1,TRUE,FALSE,FALSE,2,other
289894723,4,3,2,TRUE,FALSE,FALSE,1,other
289894767,4,4,2,TRUE,FALSE,FALSE,2,other
289894801,1,3,1,FALSE,FALSE,TRUE,3,still_orphaned
289894978,8,8,4,TRUE,FALSE,FALSE,4,other
289895070,2,2,1,TRUE,FALSE,FALSE,1,other
289895467,3,4,2,FALSE,FALSE,FALSE,3,still_orphaned
289895613,2,1,1,TRUE,TRUE,FALSE,0,already_paired
289895697,3,2,2,FALSE,TRUE,FALSE,1,completed
289895708,1,0,1,FALSE,FALSE,TRUE,0,still_orphaned
289896139,1,2,1,FALSE,FALSE,TRUE,2,still_orphaned
289896207,3,4,2,FALSE,FALSE,FALSE,3,still_orphaned
289896236,3,3,2,FALSE,FALSE,FALSE,2,still_orphaned
289896253,3,2,2,FALSE,TRUE,FALSE,1,completed
289896254,1,0,1,FALSE,FALSE,TRUE,0,still_orphaned
289896258,2,2,1,TRUE,FALSE,FALSE,1,other
289896568,2,3,1,TRUE,FALSE,FALSE,2,other
289896622,2,2,1,TRUE,FALSE,FALSE,1,other
289896723,2,2,1,TRUE,FALSE,FALSE,1,other
289896966,3,3,2,FALSE,FALSE,FALSE,2,still_orphaned
289897125,1,0,1,FALSE,FALSE,TRUE,0,still_orphaned
289897395,6,4,3,TRUE,FALSE,FALSE,1,other
289897473,1,3,1,FALSE,FALSE,TRUE,3,still_orphaned
289897506,1,0,1,FALSE,FALSE,TRUE,0,still_orphaned
289897650,1,2,1,FALSE,FALSE,TRUE,2,still_orphaned
289897674,8,6,4,TRUE,FALSE,FALSE,2,other
289897876,2,2,1,TRUE,FALSE,FALSE,1,other
289897964,3,3,2,FALSE,FALSE,FALSE,2,still_orphaned
289898189,3,3,2,FALSE,FALSE,FALSE,2,still_orphaned
289898384,5,6,3,FALSE,FALSE,FALSE,4,still_orphaned
289898478,4,3,2,TRUE,FALSE,FALSE,1,other
289898904,5,3,3,FALSE,TRUE,FALSE,1,completed
289898934,4,4,2,TRUE,FALSE,FALSE,2,other
289899421,1,2,1,FALSE,FALSE,TRUE,2,still_orphaned
289899454,3,5,2,FALSE,FALSE,FALSE,4,still_orphaned
289899456,8,7,4,TRUE,FALSE,FALSE,3,other
289899514,2,2,1,TRUE,FALSE,FALSE,1,other
289899515,2,2,1,TRUE,FALSE,FALSE,1,other
289900009,1,0,1,FALSE,FALSE,TRUE,0,still_orphaned
289900090,3,4,2,FALSE,FALSE,FALSE,3,still_orphaned
289900307,4,2,2,TRUE,TRUE,FALSE,0,already_paired
289900479,2,3,1,TRUE,FALSE,FALSE,2,other
289900595,4,4,2,TRUE,FALSE,FALSE,2,other
289900660,3,5,2,FALSE,FALSE,FALSE,4,still_orphaned
289900893,4,3,2,TRUE,FALSE,FALSE,1,other
289901029,2,2,1,TRUE,FALSE,FALSE,1,other
289901269,2,4,1,TRUE,FALSE,FALSE,3,other
289902213,2,3,1,TRUE,FALSE,FALSE,2,other
289902284,2,3,1,TRUE,FALSE,FALSE,2,other
289902422,6,6,3,TRUE,FALSE,FALSE,3,other
289902437,2,3,1,TRUE,FALSE,FALSE,2,other
289902553,3,2,2,FALSE,TRUE,FALSE,1,completed
289902719,3,4,2,FALSE,FALSE,FALSE,3,still_orphaned
289902788,3,5,2,FALSE,FALSE,FALSE,4,still_orphaned
289902923,6,6,3,TRUE,FALSE,FALSE,3,other
289903169,2,3,1,TRUE,FALSE,FALSE,2,other
289903474,2,1,1,TRUE,TRUE,FALSE,0,already_paired
289903535,4,4,2,TRUE,FALSE,FALSE,2,other
289904015,1,2,1,FALSE,FALSE,TRUE,2,still_orphaned
289904020,2,4,1,TRUE,FALSE,FALSE,3,other
289904049,4,3,2,TRUE,FALSE,FALSE,1,other
289904213,1,0,1,FALSE,FALSE,TRUE,0,still_orphaned
289904221,3,2,2,FALSE,TRUE,FALSE,1,completed
289905145,1,0,1,FALSE,FALSE,TRUE,0,still_orphaned
289905157,4,3,2,TRUE,FALSE,FALSE,1,other
289905298,1,2,1,FALSE,FALSE,TRUE,2,still_orphaned
289905674,2,2,1,TRUE,FALSE,FALSE,1,other
289905968,2,2,1,TRUE,FALSE,FALSE,1,other
289906158,4,4,2,TRUE,FALSE,FALSE,2,other
289906178,1,0,1,FALSE,FALSE,TRUE,0,still_orphaned
289906341,2,2,1,TRUE,FALSE,FALSE,1,other
289906445,3,4,2,FALSE,FALSE,FALSE,3,still_orphaned
289906482,2,1,1,TRUE,TRUE,FALSE,0,already_paired
289906487,3,3,2,FALSE,FALSE,FALSE,2,still_orphaned
289906540,1,0,1,FALSE,FALSE,TRUE,0,still_orphaned
289906683,2,1,1,TRUE,TRUE,FALSE,0,already_paired
289906848,5,7,3,FALSE,FALSE,FALSE,5,still_orphaned
289907034,2,1,1,TRUE,TRUE,FALSE,0,already_paired
289907699,1,0,1,FALSE,FALSE,TRUE,0,still_orphaned
289907875,2,2,1,TRUE,FALSE,FALSE,1,other
289907939,1,2,1,FALSE,FALSE,TRUE,2,still_orphaned
289908086,3,2,2,FALSE,TRUE,FALSE,1,completed
289908179,2,2,1,TRUE,FALSE,FALSE,1,other
289908527,2,2,1,TRUE,FALSE,FALSE,1,other
289908568,4,3,2,TRUE,FALSE,FALSE,1,other
289908628,2,2,1,TRUE,FALSE,FALSE,1,other
289908880,6,7,3,TRUE,FALSE,FALSE,4,other
289909028,5,3,3,FALSE,TRUE,FALSE,1,completed
289909085,5,3,3,FALSE,TRUE,FALSE,1,completed
289909109,3,5,2,FALSE,FALSE,FALSE,4,still_orphaned
289909349,1,3,1,FALSE,FALSE,TRUE,3,still_orphaned
289909439,1,3,1,FALSE,FALSE,TRUE,3,still_orphaned
289909486,5,3,3,FALSE,TRUE,FALSE,1,completed
289909586,9,8,5,FALSE,FALSE,FALSE,4,still_orphaned
289909840,2,1,1,TRUE,TRUE,FALSE,0,already_paired
289909867,3,4,2,FALSE,FALSE,FALSE,3,still_orphaned
289909899,3,3,2,FALSE,FALSE,FALSE,2,still_orphaned
289910231,7,8,4,FALSE,FALSE,FALSE,5,still_orphaned
289910450,1,0,1,FALSE,FALSE,TRUE,0,still_orphaned
289910504,2,1,1,TRUE,TRUE,FALSE,0,already_paired
289910528,4,4,2,TRUE,FALSE,FALSE,2,other
289910539,4,2,2,TRUE,TRUE,FALSE,0,already_paired
289910562,2,2,1,TRUE,FALSE,FALSE,1,other
289911145,2,2,1,TRUE,FALSE,FALSE,1,other
289911269,3,3,2,FALSE,FALSE,FALSE,2,still_orphaned
289911491,6,7,3,TRUE,FALSE,FALSE,4,other
289911702,7,5,4,FALSE,FALSE,FALSE,2,still_orphaned
289911842,3,4,2,FALSE,FALSE,FALSE,3,still_orphaned
289912016,3,3,2,FALSE,FALSE,FALSE,2,still_orphaned
289912350,3,4,2,FALSE,FALSE,FALSE,3,still_orphaned
289912411,3,5,2,FALSE,FALSE,FALSE,4,still_orphaned
289912726,4,5,2,TRUE,FALSE,FALSE,3,other
289912754,1,2,1,FALSE,FALSE,TRUE,2,still_orphaned
289912806,2,2,1,TRUE,FALSE,FALSE,1,other
289912884,3,2,2,FALSE,TRUE,FALSE,1,completed
289912891,3,2,2,FALSE,TRUE,FALSE,1,completed
289913184,6,7,3,TRUE,FALSE,FALSE,4,other
289913728,4,4,2,TRUE,FALSE,FALSE,2,other
289913766,3,3,2,FALSE,FALSE,FALSE,2,still_orphaned
289913837,1,0,1,FALSE,FALSE,TRUE,0,still_orphaned
289913952,1,3,1,FALSE,FALSE,TRUE,3,still_orphaned
289914153,2,1,1,TRUE,TRUE,FALSE,0,already_paired
289914162,1,2,1,FALSE,FALSE,TRUE,2,still_orphaned
289914400,5,7,3,FALSE,FALSE,FALSE,5,still_orphaned
289914520,2,2,1,TRUE,FALSE,FALSE,1,other
289914772,1,0,1,FALSE,FALSE,TRUE,0,still_orphaned
289914878,2,2,1,TRUE,FALSE,FALSE,1,other
289914919,3,2,2,FALSE,TRUE,FALSE,1,completed
289915049,3,2,2,FALSE,TRUE,FALSE,1,completed
289915052,3,3,2,FALSE,FALSE,FALSE,2,still_orphaned
289915170,2,2,1,TRUE,FALSE,FALSE,1,other
289915320,5,5,3,FALSE,FALSE,FALSE,3,still_orphaned
289915334,2,3,1,TRUE,FALSE,FALSE,2,other
289915679,1,4,1,FALSE,FALSE,TRUE,4,still_orphaned
289915740,2,1,1,TRUE,TRUE,FALSE,0,already_paired
289915885,2,1,1,TRUE,TRUE,FALSE,0,already_paired
289915971,6,5,3,TRUE,FALSE,FALSE,2,other
289916237,2,1,1,TRUE,TRUE,FALSE,0,already_paired
289916251,4,3,2,TRUE,FALSE,FALSE,1,other
289916323,7,5,4,FALSE,FALSE,FALSE,2,still_orphaned
289916426,4,3,2,TRUE,FALSE,FALSE,1,other
289916433,5,4,3,FALSE,FALSE,FALSE,2,still_orphaned
289916458,2,2,1,TRUE,FALSE,FALSE,1,other
289916807,2,3,1,TRUE,FALSE,FALSE,2,other
289916872,3,5,2,FALSE,FALSE,FALSE,4,still_orphaned
289916923,4,5,2,TRUE,FALSE,FALSE,3,other
289916926,3,3,2,FALSE,FALSE,FALSE,2,still_orphaned
289917171,2,2,1,TRUE,FALSE,FALSE,1,other
289917202,2,2,1,TRUE,FALSE,FALSE,1,other
289917316,1,0,1,FALSE,FALSE,TRUE,0,still_orphaned
289917411,1,0,1,FALSE,FALSE,TRUE,0,still_orphaned
289917451,2,3,1,TRUE,FALSE,FALSE,2,other
289917476,5,4,3,FALSE,FALSE,FALSE,2,still_orphaned
289917500,2,2,1,TRUE,FALSE,FALSE,1,other
289917771,4,5,2,TRUE,FALSE,FALSE,3,other
289917852,1,3,1,FALSE,FALSE,TRUE,3,still_orphaned
289918015,4,6,2,TRUE,FALSE,FALSE,4,other
289918285,3,3,2,FALSE,FALSE,FALSE,2,still_orphaned
289918454,1,0,1,FALSE,FALSE,TRUE,0,still_orphaned
289918499,3,4,2,FALSE,FALSE,FALSE,3,still_orphaned
289918560,4,3,2,TRUE,FALSE,FALSE,1,other
289918612,5,4,3,FALSE,FALSE,FALSE,2,still_orphaned
289918740,5,5,3,FALSE,FALSE,FALSE,3,still_orphaned
289919463,3,2,2,FALSE,TRUE,FALSE,1,completed
289919701,5,5,3,FALSE,FALSE,FALSE,3,still_orphaned
289919759,3,3,2,FALSE,FALSE,FALSE,2,still_orphaned
289919764,3,5,2,FALSE,FALSE,FALSE,4,still_orphaned
289919838,3,2,2,FALSE,TRUE,FALSE,1,completed
289919841,2,3,1,TRUE,FALSE,FALSE,2,other
289919882,3,5,2,FALSE,FALSE,FALSE,4,still_orphaned
289920263,5,4,3,FALSE,FALSE,FALSE,2,still_orphaned
289920349,3,2,2,FALSE,TRUE,FALSE,1,completed
289920504,4,6,2,TRUE,FALSE,FALSE,4,other
289920677,1,2,1,FALSE,FALSE,TRUE,2,still_orphaned
289921136,2,2,1,TRUE,FALSE,FALSE,1,other
289921186,6,6,3,TRUE,FALSE,FALSE,3,other
289921465,1,2,1,FALSE,FALSE,TRUE,2,still_orphaned
289921473,2,3,1,TRUE,FALSE,FALSE,2,other
289921642,4,4,2,TRUE,FALSE,FALSE,2,other
289921764,5,3,3,FALSE,TRUE,FALSE,1,completed
289921789,1,2,1,FALSE,FALSE,TRUE,2,still_orphaned
289921953,2,2,1,TRUE,FALSE,FALSE,1,other
289921967,1,2,1,FALSE,FALSE,TRUE,2,still_orphaned
289922061,4,3,2,TRUE,FALSE,FALSE,1,other
289922118,2,3,1,TRUE,FALSE,FALSE,2,other
289922176,4,6,2,TRUE,FALSE,FALSE,4,other
289922439,2,3,1,TRUE,FALSE,FALSE,2,other
289922489,1,0,1,FALSE,FALSE,TRUE,0,still_orphaned
289922690,2,3,1,TRUE,FALSE,FALSE,2,other
289922781,1,2,1,FALSE,FALSE,TRUE,2,still_orphaned
289922948,1,3,1,FALSE,FALSE,TRUE,3,still_orphaned
289923076,2,1,1,TRUE,TRUE,FALSE,0,already_paired
289923444,4,4,2,TRUE,FALSE,FALSE,2,other
